time,open,high,low,close,Volume
1735569000,5955.25,5955.75,5940,5945.25,49043
1735569300,5945.25,5948.25,5940.25,5941.5,32876
1735569600,5941.5,5944.75,5931.75,5937.25,30150
1735569900,5937,5937.25,5929.25,5934,27767
1735570200,5934.25,5941.5,5931.75,5935.75,26272
1735570500,5935.75,5938.5,5926.5,5927.25,20721
1735570800,5927.25,5937.5,5921.25,5928.75,44705
1735571100,5928.75,5934.25,5926.5,5929.25,22874
1735571400,5929.25,5936.25,5924.5,5934.75,26198
1735571700,5934.75,5934.75,5924.5,5925.5,18996
1735572000,5925.5,5928.5,5918.25,5918.75,19198
1735572300,5918.75,5927,5918.5,5922,20310
1735572600,5922.25,5929.75,5921.5,5927.5,18805
1735572900,5927.25,5940.25,5922,5938.75,21791
1735573200,5939,5943.25,5934.75,5940.75,29615
1735573500,5940.75,5948.5,5926.25,5930,30139
1735573800,5930,5935,5928.5,5934.25,18095
1735574100,5934,5945.5,5933.75,5945.25,17890
1735574400,5945.25,5945.5,5938.5,5943.25,14729
1735574700,5943.25,5951,5943.25,5950.5,15833
1735575000,5950.5,5951.75,5946.25,5948.25,11657
1735575300,5948.25,5958,5947.25,5956.75,14557
1735575600,5956.75,5959.25,5950,5950.5,16444
1735575900,5950.5,5954.5,5949.5,5954.25,13088
1735576200,5954.25,5960.25,5954,5959.25,10770
1735576500,5959.5,5963,5957.5,5962.5,12601
1735576800,5962.5,5971,5962,5969.25,13781
1735577100,5969.5,5970,5956.75,5957.25,18006
1735577400,5957.5,5964.25,5957.25,5963.25,10631
1735577700,5963.75,5970,5963,5968,9500
1735578000,5968,5975.25,5967.25,5971.75,11863
1735578300,5971.75,5973.25,5966.5,5969.75,10617
1735578600,5969.75,5976,5969.75,5971.75,9565
1735578900,5971.75,5975,5970.5,5974.75,6631
1735579200,5974.75,5980.5,5973.75,5979,10453
1735579500,5978.75,5981,5975.75,5979.75,7333
1735579800,5979.75,5982.5,5978.5,5982.25,9579
1735580100,5982.25,5982.75,5978,5981,8792
1735580400,5981,5983,5976.25,5982.25,9897
1735580700,5982.25,5990.25,5981.25,5989,13756
1735581000,5989,5990.25,5980.75,5981,12987
1735581300,5981.25,5989.25,5971.5,5986.75,25340
1735581600,5987,5987,5978.5,5980.5,13004
1735581900,5980.5,5985,5976.75,5984.25,11553
1735582200,5984.25,5992,5983.75,5990.25,10931
1735582500,5990.25,5993.25,5983.75,5986.25,10025
1735582800,5986.25,5988.25,5979.5,5980.25,10778
1735583100,5980,5983.75,5975.25,5981.25,12584
1735583400,5981,5987.75,5979,5987,10089
1735583700,5986.75,5989.5,5979.5,5984.25,10172
1735584000,5984.25,5989.5,5982.5,5987.5,8909
1735584300,5987.5,5990.75,5986.5,5987.25,7449
1735584600,5987.5,5989.5,5984.25,5988.5,7624
1735584900,5988.5,5990,5985.25,5987,5393
1735585200,5987,5988.75,5983.75,5984.5,6718
1735585500,5984.25,5987,5977,5983.5,12624
1735585800,5983.5,5984.5,5973.25,5977.25,10702
1735586100,5977,5981,5975.5,5976.25,7603
1735586400,5976,5976.75,5969,5974.5,13075
1735586700,5974.25,5981,5973.75,5978.75,9820
1735587000,5978.75,5985,5978,5979.75,10239
1735587300,5979.5,5981.25,5977,5979.75,7456
1735587600,5979.75,5984,5979,5980.25,7580
1735587900,5980.25,5985.25,5980,5982.75,6579
1735588200,5982.75,5985.5,5980.75,5983.75,5950
1735588500,5983.75,5987,5982.5,5984.5,6694
1735588800,5984.25,5985,5978.75,5979.25,8525
1735589100,5979,5982,5976.5,5981,8257
1735589400,5980.75,5985.75,5978.5,5984,9306
1735589700,5983.75,5987.75,5982,5986.5,6764
1735590000,5986.5,5986.75,5983,5983.75,6538
1735590300,5984,5984.75,5970.5,5971,15670
1735590600,5971.25,5976.25,5968.75,5971,15064
1735590900,5971,5972,5968.25,5970,9661
1735591200,5970.25,5976.75,5969.25,5973,12778
1735591500,5973.25,5979.5,5971.75,5975.5,15275
1735591800,5975.5,5981.75,5972,5972.25,18424
1735592100,5972.25,5974.5,5956.25,5958,88719
1735592400,5958.25,5960,5950.5,5955.5,39313
1735592700,5955.75,5955.75,5948,5951.5,11410
1735593000,5951.5,5955.5,5950,5955,6559
1735655400,5972.5,5980,5968.25,5974.25,30160
1735655700,5974.25,5976.5,5962.75,5963.25,19647
1735656000,5963.25,5966.75,5959,5964.5,18579
1735656300,5964.75,5975,5963.5,5972.5,14960
1735656600,5972.5,5973.25,5960.75,5966.5,16391
1735656900,5966.5,5975,5966.25,5973.75,13425
1735657200,5973.5,5980.25,5970.25,5972,16788
1735657500,5972,5974.25,5957,5957.25,21727
1735657800,5957,5966.5,5954.75,5964.75,15872
1735658100,5964.5,5973.5,5961.75,5973.5,14294
1735658400,5973.25,5976,5970.5,5975.5,10384
1735658700,5975.25,5979.25,5965.75,5969.25,20378
1735659000,5969.25,5974.5,5959.25,5961,16309
1735659300,5961,5970,5959.5,5969.75,14136
1735659600,5969.75,5970.5,5960.75,5961.75,10772
1735659900,5962,5965.75,5958.75,5959.75,12101
1735660200,5960,5967.75,5959.25,5965.75,9799
1735660500,5965.75,5966.25,5959.75,5960,7665
1735660800,5960,5961.25,5946.75,5950,17735
1735661100,5949.75,5952.75,5946.75,5952.25,13489
1735661400,5952.25,5954.25,5947,5952,10342
1735661700,5952.25,5954,5944.25,5944.75,11877
1735662000,5944.75,5949.25,5941,5943.75,18151
1735662300,5944,5946.5,5942,5942.25,8806
1735662600,5942.25,5943.25,5938.25,5941.75,15118
1735662900,5941.75,5943.75,5939.75,5940.25,9310
1735663200,5940.25,5948,5938.5,5946.5,10180
1735663500,5946.25,5950.25,5942.75,5949.25,11419
1735663800,5948.75,5951.75,5944,5945.25,9849
1735664100,5945,5945.5,5940.5,5943.25,9559
1735664400,5943.25,5944.25,5935.75,5942.5,13344
1735664700,5942.25,5946.75,5940.25,5945.25,8595
1735665000,5945.25,5947,5937.75,5940.5,9717
1735665300,5940.75,5945.75,5940,5944.25,5390
1735665600,5944.25,5945.75,5933.5,5935.25,15651
1735665900,5935.25,5939.25,5930,5931.5,13301
1735666200,5931.5,5933,5925.25,5928.5,13518
1735666500,5928.25,5929,5922,5923.75,12816
1735666800,5923.5,5928.25,5921.75,5925.75,11892
1735667100,5925.75,5928.75,5923.75,5926,7837
1735667400,5926,5935,5925.25,5934,9762
1735667700,5933.75,5946.5,5933.5,5945.5,17725
1735668000,5945.25,5946,5939.25,5944.5,13055
1735668300,5944.5,5950.25,5942,5945,12249
1735668600,5944.75,5944.75,5936.5,5937.75,9936
1735668900,5937.75,5941.75,5933.25,5933.25,9589
1735669200,5933.25,5934,5922.25,5923,17758
1735669500,5923.25,5928,5920.5,5922.75,13593
1735669800,5922.75,5931.75,5922,5928,12708
1735670100,5928,5929,5922,5928,7859
1735670400,5928,5933.5,5927.5,5931.75,8355
1735670700,5931.75,5935.75,5929.75,5933.5,7311
1735671000,5933.5,5938.5,5929.75,5930.75,11392
1735671300,5930.5,5931.75,5926.25,5926.5,8251
1735671600,5926.75,5928.5,5918.5,5923.25,13863
1735671900,5923.5,5933.5,5922.75,5932.75,11731
1735672200,5932.5,5938.75,5932.5,5937.25,9701
1735672500,5937.5,5938.25,5926.5,5927,10008
1735672800,5927.25,5928.25,5920.75,5924,14640
1735673100,5924,5929,5921.75,5922.5,10061
1735673400,5922.25,5924,5920.25,5920.75,8062
1735673700,5920.75,5928.25,5920.25,5927.25,8291
1735674000,5927.25,5927.5,5917.25,5924.25,11480
1735674300,5924,5926.25,5922,5923.5,9675
1735674600,5923.25,5933.5,5923,5929,9101
1735674900,5929,5937.25,5928.75,5937,8812
1735675200,5937,5937,5933,5935,7543
1735675500,5935,5942.25,5934.25,5939.25,11091
1735675800,5939.25,5939.25,5925.25,5927.25,14976
1735676100,5927.5,5935,5925.25,5934.25,13677
1735676400,5934.5,5944,5933.75,5937,12755
1735676700,5937,5946.75,5935.25,5946,14722
1735677000,5946.25,5947.5,5936.75,5940.5,14550
1735677300,5940.75,5949,5936.5,5938,15249
1735677600,5938,5941.75,5934,5936.5,13831
1735677900,5936.25,5945,5930,5943.25,17711
1735678200,5943.5,5943.5,5928.5,5929.5,30277
1735678500,5929.75,5937.75,5923.5,5935,94879
1735678800,5935.25,5939.25,5930.75,5934.75,31269
1735679100,5934.75,5939.5,5933.25,5939,7015
1735679400,5939.25,5939.5,5936.75,5937.75,4435
1735828200,5967.75,5970.5,5951.25,5951.5,44644
1735828500,5951.75,5952.5,5935.5,5935.75,43608
1735828800,5936,5945,5934.5,5944,32027
1735829100,5944,5959,5942.75,5958.25,30429
1735829400,5958.5,5972.75,5954.25,5972.75,32058
1735829700,5972.5,5978.5,5969.5,5974.75,25603
1735830000,5974.75,5979.25,5971.25,5978.75,24629
1735830300,5979,5985,5973.25,5978.25,24391
1735830600,5978,5983,5974.25,5979.5,17556
1735830900,5979.75,5982.25,5967.5,5968,19958
1735831200,5967.75,5969.5,5946.25,5950.25,40527
1735831500,5950,5958,5945.5,5951,25872
1735831800,5951,5953.25,5937.75,5945.5,29507
1735832100,5945.25,5954.75,5939.5,5944.5,22213
1735832400,5944.5,5949,5935.5,5943,22694
1735832700,5942.75,5953.75,5936.25,5952.25,23674
1735833000,5952.25,5960.75,5944,5957,24969
1735833300,5957,5958.5,5944.75,5948,16513
1735833600,5948.25,5950.75,5924,5928.75,32184
1735833900,5928.5,5935.25,5927,5931.75,18434
1735834200,5931.5,5940.25,5925.75,5937,16554
1735834500,5937,5943.5,5932.75,5942.25,13580
1735834800,5942.25,5949.5,5932,5946.25,19041
1735835100,5946.25,5949,5941.75,5947.75,11939
1735835400,5947.5,5950.5,5943.25,5948.5,10085
1735835700,5948.5,5955.75,5947.5,5952,14554
1735836000,5952,5958,5950.75,5952,10946
1735836300,5951.75,5959.25,5950.25,5958.25,8880
1735836600,5958.25,5960,5945.5,5949.25,11469
1735836900,5949.5,5953.25,5948.25,5951.25,7757
1735837200,5951.25,5955,5946,5955,8841
1735837500,5955,5955,5944.75,5946.75,8358
1735837800,5946.75,5959.25,5946.5,5955.5,9316
1735838100,5955.5,5955.75,5946.25,5948,11114
1735838400,5948.25,5948.5,5934.25,5936.25,15273
1735838700,5936,5936,5913.25,5916,29250
1735839000,5916,5916,5904.75,5908,35896
1735839300,5908,5909,5892,5893.75,30398
1735839600,5893.75,5898.5,5884.5,5892.5,35829
1735839900,5892.5,5895.25,5883.25,5883.25,19885
1735840200,5883.25,5898.25,5879.75,5892.25,27271
1735840500,5892.25,5903.25,5891.75,5899,19083
1735840800,5899.25,5899.5,5882.5,5885.5,20072
1735841100,5885.5,5901.25,5884.5,5896.75,16903
1735841400,5896.75,5897,5885.25,5887,14086
1735841700,5887.25,5890,5881,5888.25,15042
1735842000,5888.5,5896.25,5886,5888.5,12533
1735842300,5888.5,5894,5885,5893.5,8829
1735842600,5893.5,5893.5,5877.5,5879.25,17418
1735842900,5879.25,5890.75,5878,5883.25,12631
1735843200,5883,5894.25,5878.75,5893.5,19784
1735843500,5893.25,5893.25,5880,5882.75,11730
1735843800,5882.75,5884.5,5874.75,5876.75,15378
1735844100,5877,5890.25,5876.75,5889,14987
1735844400,5889.25,5896.25,5883.75,5895.5,14147
1735844700,5895.5,5901.25,5889.75,5893.75,14239
1735845000,5893.75,5896.75,5889.75,5891,8826
1735845300,5891,5897.25,5889.25,5894,8173
1735845600,5894,5901.75,5892.75,5901.25,7797
1735845900,5901,5905.75,5899.5,5903.25,11733
1735846200,5903.5,5903.5,5896,5898.5,10863
1735846500,5898.75,5900.25,5891.5,5897.25,10882
1735846800,5897.5,5903,5897,5899,5790
1735847100,5899.25,5909,5892.5,5904.25,16608
1735847400,5904.5,5911,5902.5,5907,13560
1735847700,5907.25,5907.25,5891.25,5892.5,11829
1735848000,5892.5,5910,5892.25,5908.5,13973
1735848300,5908.25,5910.5,5904.5,5908.75,8957
1735848600,5908.75,5918,5907.25,5914.75,15663
1735848900,5914.5,5915.5,5909.25,5915.5,10805
1735849200,5915.5,5919.25,5912.25,5916,11670
1735849500,5916,5918.5,5914.25,5915.75,7382
1735849800,5916,5925.25,5911.75,5916,21674
1735850100,5916,5916,5906.75,5909.75,13905
1735850400,5910,5915,5909.25,5912.75,12379
1735850700,5912.75,5919.25,5910.75,5916.25,13847
1735851000,5916,5922,5911,5912.25,20080
1735851300,5912.5,5919.75,5909.25,5917.25,63095
1735851600,5917.5,5923.25,5917,5922,20869
1735851900,5922,5922.5,5918.75,5921.75,5164
1735852200,5921.5,5922.75,5919.25,5921.75,4566
1735914600,5945,5956,5939,5950.5,33628
1735914900,5950.25,5965.25,5945.5,5964.5,26971
1735915200,5964.25,5965.75,5960.75,5963.5,21585
1735915500,5963.25,5965,5945.5,5949.25,28307
1735915800,5949.25,5953,5938.25,5947.25,26504
1735916100,5947,5951.5,5944.25,5950.5,15173
1735916400,5950.5,5962.25,5944.5,5961.25,24986
1735916700,5961.5,5965,5956.25,5961.25,23072
1735917000,5961.5,5964.25,5946.75,5952,22184
1735917300,5952,5956.5,5941,5946.5,26246
1735917600,5946.5,5950.75,5934,5948.25,30087
1735917900,5948.25,5954,5945.75,5952.25,18403
1735918200,5952.25,5955.75,5945,5955.5,19103
1735918500,5955.5,5961.25,5951.75,5955.5,19147
1735918800,5955.5,5965,5954.75,5960,14578
1735919100,5960,5964,5956.25,5960,13597
1735919400,5960.25,5962.5,5954.25,5957,12740
1735919700,5957.25,5963.75,5955,5962.25,10648
1735920000,5962,5969.25,5960,5966,15064
1735920300,5966,5966.5,5952.5,5955,17720
1735920600,5955,5957,5951.5,5955.75,11776
1735920900,5955.5,5958.75,5953.5,5958,7972
1735921200,5958,5963,5956,5960.5,11881
1735921500,5960.5,5967.25,5960,5966.75,11461
1735921800,5966.75,5973.5,5966.25,5973,14517
1735922100,5973.25,5977,5969.5,5974,12893
1735922400,5974.25,5979,5973.25,5977.25,10141
1735922700,5977.5,5979.5,5976,5978.5,8481
1735923000,5978.75,5980.75,5977.5,5979.25,8769
1735923300,5979.25,5980.5,5973.5,5974.75,11042
1735923600,5974.75,5979,5974.25,5978.75,7604
1735923900,5979,5981.25,5977.25,5978,7345
1735924200,5977.75,5979.5,5973.5,5973.75,7532
1735924500,5974,5979.75,5971.5,5972.25,8233
1735924800,5972.5,5976,5970.75,5976,8207
1735925100,5975.75,5979,5971.5,5972.25,10050
1735925400,5972.25,5974.75,5969.25,5973.75,8770
1735925700,5973.75,5974.75,5972,5973.75,6582
1735926000,5973.75,5975.5,5973,5973.5,6746
1735926300,5973.5,5975.5,5971.25,5974.75,6790
1735926600,5975,5977.75,5974.75,5976,8034
1735926900,5976,5978.25,5974.75,5977.5,5624
1735927200,5977.5,5978.5,5972.25,5975.5,8129
1735927500,5975.5,5978,5974.75,5976.75,4359
1735927800,5976.75,5978.5,5975.75,5977.5,5093
1735928100,5977.5,5980,5976.75,5979.75,5172
1735928400,5979.75,5981,5977.75,5979,7240
1735928700,5979,5986.25,5979,5986,9041
1735929000,5986,5988.75,5982.5,5984,10909
1735929300,5984.25,5989,5983.75,5988.75,6363
1735929600,5988.75,5989.5,5986.5,5987.25,5935
1735929900,5987.5,5988.75,5986.75,5987.5,5043
1735930200,5987.5,5987.75,5984.25,5986.75,6153
1735930500,5987,5988,5981.25,5984,9894
1735930800,5984,5987.5,5981.75,5987,8420
1735931100,5987,5989.5,5985.25,5989.25,5760
1735931400,5989.25,5990.75,5987.25,5989.5,6454
1735931700,5989.75,5992.25,5988.5,5992,5875
1735932000,5992,5992.75,5989.5,5990,4807
1735932300,5990,5991.75,5988.25,5991.75,5447
1735932600,5991.75,5994.25,5990.75,5993.75,6105
1735932900,5993.75,5996.75,5993,5996.5,6828
1735933200,5996.5,5996.75,5994,5994.5,6265
1735933500,5994.5,5995.75,5992.75,5994,5857
1735933800,5994.25,5994.25,5989.5,5992.25,9543
1735934100,5992.25,5992.75,5990.5,5991.5,5354
1735934400,5991.5,5991.5,5984.75,5986.25,13014
1735934700,5986.25,5990.25,5985.5,5988.25,7784
1735935000,5988.25,5990,5987,5989.25,5738
1735935300,5989.25,5990,5988.5,5989,5563
1735935600,5989,5990,5986.75,5988,6074
1735935900,5987.75,5990.25,5987,5989.75,5485
1735936200,5989.5,5989.5,5984,5987.5,20221
1735936500,5987.25,5989.75,5986.5,5987.5,7431
1735936800,5987.5,5988.25,5985.25,5986,8823
1735937100,5985.75,5987,5980.75,5983.5,13033
1735937400,5983.5,5986,5980.75,5983.5,19393
1735937700,5983.5,5992,5983.25,5988,71824
1735938000,5988.25,5989.25,5985,5986.25,23651
1735938300,5986.25,5988,5985.5,5987.25,4893
1735938600,5987.5,5987.5,5985.5,5985.75,3624
1736173800,6032.75,6042.5,6028.75,6038.25,45816
1736174100,6038.25,6040.25,6031.25,6035,26801
1736174400,6035.25,6048,6035.25,6042.5,28107
1736174700,6042.5,6052.25,6042.25,6049.75,31669
1736175000,6049.75,6052.25,6044.25,6050,21918
1736175300,6050,6053,6044.75,6049.25,18253
1736175600,6049.25,6054,6047.25,6053.5,21213
1736175900,6053.75,6055.5,6050,6055.25,16630
1736176200,6055.5,6059.5,6047,6057.75,32230
1736176500,6058,6059,6051,6055,18020
1736176800,6055,6059.5,6052.75,6055.75,16761
1736177100,6055.75,6060.75,6053.75,6059.5,14835
1736177400,6059.5,6060.25,6053.75,6055.5,15913
1736177700,6055.5,6056.75,6051.25,6052.75,15567
1736178000,6052.75,6056.75,6052.75,6055.25,12925
1736178300,6055.25,6060.5,6055,6056.25,13357
1736178600,6056.5,6063.25,6055,6061.5,17258
1736178900,6061.5,6063.25,6058.5,6059.5,10548
1736179200,6059.75,6061.25,6056.25,6059.5,12291
1736179500,6059.5,6060.25,6057.25,6059.75,6348
1736179800,6060,6062.75,6059.5,6061.5,6879
1736180100,6061.5,6065,6059.75,6063.75,10486
1736180400,6063.75,6065.5,6061.75,6063,8592
1736180700,6062.75,6066.25,6060.5,6066,7847
1736181000,6065.75,6068.25,6064.25,6065,13464
1736181300,6065,6067.5,6064.25,6067,8763
1736181600,6067.25,6067.75,6064.5,6065.5,6810
1736181900,6065.5,6065.75,6062.5,6065,7555
1736182200,6065,6066.5,6064,6065.75,5872
1736182500,6065.75,6066.5,6064.75,6065.5,5018
1736182800,6065.5,6065.5,6061,6063.75,10392
1736183100,6064,6065,6061.25,6064,6678
1736183400,6064,6064,6058.5,6059.75,7561
1736183700,6060,6061.75,6057,6058.75,8936
1736184000,6058.75,6059.5,6056.75,6057.5,7363
1736184300,6057.25,6058.25,6054,6056,8796
1736184600,6056,6057.5,6053.25,6056.25,9570
1736184900,6056.25,6057.75,6052.25,6053,9014
1736185200,6052.75,6053.75,6046.75,6049.75,14871
1736185500,6049.75,6051.25,6046.75,6048.75,9542
1736185800,6048.75,6050.75,6043.5,6048.25,13973
1736186100,6048.25,6048.5,6043.75,6047,10579
1736186400,6047.25,6047.75,6035.5,6043,24964
1736186700,6043,6044.25,6039,6041.5,11179
1736187000,6041.5,6043.25,6039.75,6042.5,8602
1736187300,6042.75,6043.25,6037.75,6040.5,10161
1736187600,6040.75,6045.25,6039,6041.75,11813
1736187900,6042,6044,6041.25,6043.25,7853
1736188200,6043.5,6044,6036.75,6039,11472
1736188500,6038.75,6041.25,6035.5,6038.75,10551
1736188800,6038.5,6039.25,6032.25,6034.25,12964
1736189100,6034.25,6035,6025.25,6026.75,24249
1736189400,6026.5,6033.5,6026.5,6031.5,13445
1736189700,6031.5,6033.25,6025,6026,11338
1736190000,6026,6027.5,6018,6018.5,27877
1736190300,6018.25,6025.25,6018.25,6022.5,12575
1736190600,6022.5,6025.25,6018.5,6024.5,12908
1736190900,6024.25,6027.75,6022.75,6024,13464
1736191200,6024,6026.5,6023.5,6024.75,12124
1736191500,6024.75,6026.75,6022.25,6022.5,8793
1736191800,6022.5,6025,6019.75,6021.75,13857
1736192100,6021.5,6022.5,6018.5,6020.25,10336
1736192400,6020,6022,6017.25,6021.5,10230
1736192700,6021.5,6024.75,6018.75,6023.25,10125
1736193000,6023.25,6023.5,6017.5,6019.75,8286
1736193300,6019.75,6020.75,6011.25,6012,19031
1736193600,6011.75,6017.5,6009,6016,17407
1736193900,6016,6017.25,6012,6014.25,11580
1736194200,6014.25,6017,6012,6013.75,10138
1736194500,6013.75,6015.25,6011.5,6014.25,8571
1736194800,6014.25,6021.5,6011.25,6020.5,13273
1736195100,6020.5,6020.75,6017.5,6019.25,7960
1736195400,6019.25,6023.5,6018.25,6019.5,12217
1736195700,6019.25,6023,6015.75,6016,13675
1736196000,6016.25,6018.25,6013.5,6014.5,12112
1736196300,6014.5,6015.5,6005,6006,20235
1736196600,6006,6018.25,6004,6016,28113
1736196900,6015.75,6023.75,6013,6022.5,82701
1736197200,6022.5,6026.5,6022,6023.75,29459
1736197500,6024,6028.5,6024,6027,8087
1736197800,6027,6027.25,6024.5,6026.75,6045
1736260200,6042,6045.5,6037,6037.5,32164
1736260500,6037.75,6038.5,6029.5,6030,23890
1736260800,6030,6037.5,6028.5,6036.75,20471
1736261100,6037,6041,6033.75,6034.75,17728
1736261400,6034.75,6040.75,6032.75,6035.75,16361
1736261700,6035.5,6038.5,6030,6032,16455
1736262000,6031.25,6031.25,6004,6005.25,57055
1736262300,6005.25,6009,5996.25,5997.75,47815
1736262600,5997.75,6004.75,5994,5998.5,37241
1736262900,5998.25,5998.75,5987.75,5996.25,42134
1736263200,5996.25,6007.5,5995.5,6006,37085
1736263500,6006,6013.5,6003,6003.75,31166
1736263800,6003.5,6005.25,5988.25,5993.25,31061
1736264100,5993,5997.25,5974.25,5976.5,36096
1736264400,5976.75,5981.75,5974.25,5979.75,31697
1736264700,5979.5,5979.75,5969.5,5976,28921
1736265000,5975.75,5989,5975,5984.5,28637
1736265300,5984.25,6002.25,5984.25,6001.5,27666
1736265600,6001.5,6004.5,5997.5,6002,25835
1736265900,6001.75,6003.25,5994,5999.25,19317
1736266200,5999.25,6001,5988.5,5992,20843
1736266500,5992,5995.25,5987.5,5992,15193
1736266800,5992,5998,5988,5993.75,14856
1736267100,5993.75,6002,5992.25,5998.25,17023
1736267400,5998.25,5999.5,5987.25,5988.5,28809
1736267700,5988.5,5997.75,5981,5996.75,25047
1736268000,5996.75,6000,5988,5989.5,21465
1736268300,5989.5,5994.5,5988,5989.5,14828
1736268600,5989.75,5989.75,5976,5977.25,23796
1736268900,5977.5,5979.25,5971.5,5973.75,19916
1736269200,5973.75,5980.25,5973.5,5976.75,16532
1736269500,5976.5,5978,5972,5975.25,13096
1736269800,5975,5981.25,5971.5,5980.75,12834
1736270100,5980.5,5984.25,5978.25,5981.75,12588
1736270400,5981.75,5982.25,5973.75,5974.25,12728
1736270700,5974.25,5975.75,5968.5,5973,12990
1736271000,5973,5982.75,5972,5979.5,13934
1736271300,5979.5,5980,5971,5973.5,11912
1736271600,5973.5,5975,5969.5,5970.5,10764
1736271900,5970.5,5971,5964.5,5967.25,12402
1736272200,5967.25,5969.25,5962.75,5969,10756
1736272500,5968.75,5976.75,5968,5975.75,14624
1736272800,5976,5980.75,5975,5978.75,11090
1736273100,5978.75,5985.25,5977.75,5984.5,9690
1736273400,5984.5,5986.5,5982,5985,10481
1736273700,5984.75,5987.5,5981.75,5985.75,9703
1736274000,5986,5989.25,5985,5987.75,8556
1736274300,5987.75,5991,5986.25,5989.5,8540
1736274600,5989.5,5989.5,5984.25,5985.5,9250
1736274900,5985.75,5986.5,5978.75,5981.25,11426
1736275200,5981.25,5981.75,5974,5976.25,10764
1736275500,5976.5,5980.25,5976,5977.5,9099
1736275800,5977.75,5980,5975.75,5977.5,8065
1736276100,5977.5,5978.5,5974.75,5977.25,7010
1736276400,5977,5981.75,5975.75,5978.25,10269
1736276700,5978.25,5981.25,5977,5980,6612
1736277000,5980,5983,5978,5978.5,8009
1736277300,5978.5,5978.5,5975,5976.5,7571
1736277600,5976.5,5977.5,5972.5,5975.5,9697
1736277900,5975.5,5979,5975.5,5978,6977
1736278200,5977.75,5978.25,5972.5,5973.75,7297
1736278500,5973.5,5974.75,5967.75,5968.25,10479
1736278800,5968,5974.25,5965.5,5973.75,13359
1736279100,5973.5,5975.75,5967,5967.5,11624
1736279400,5967.25,5971.75,5967.25,5968.5,8430
1736279700,5968.75,5969.5,5966.25,5967.25,6840
1736280000,5967.5,5968.5,5960,5963.25,16134
1736280300,5963,5965.75,5957.75,5959,11674
1736280600,5959,5959,5953.5,5956,15576
1736280900,5956.25,5958.5,5951.75,5952.75,14492
1736281200,5952.5,5952.5,5944,5945.25,22109
1736281500,5945.25,5949.75,5944.5,5945.25,15778
1736281800,5945.5,5949,5940,5940.5,19616
1736282100,5940.5,5945.5,5935,5945.25,35353
1736282400,5945,5952.5,5944,5944.5,33258
1736282700,5944.5,5950,5942,5948.25,19467
1736283000,5948,5954,5945.5,5952.5,30901
1736283300,5952.5,5956,5951.5,5955,71666
1736283600,5955.25,5957.75,5954,5956.5,28802
1736283900,5956.5,5958,5956,5957.25,4839
1736284200,5957.25,5958.5,5956.5,5958,3930
1736346600,5954,5954,5940.75,5949.25,40317
1736346900,5949,5952,5939.75,5940.25,27190
1736347200,5940.25,5948.75,5938,5944.25,30799
1736347500,5944,5948,5935.5,5947,35722
1736347800,5947.25,5951.75,5931.25,5937.75,35689
1736348100,5937.75,5944.25,5935.25,5939.75,22749
1736348400,5939.5,5953.75,5937.5,5951.5,37458
1736348700,5951.5,5952.25,5946.25,5949,22400
1736349000,5949,5953,5929.25,5930.5,35202
1736349300,5930.5,5937,5926.75,5935,30514
1736349600,5935,5939.5,5925.5,5936.75,29664
1736349900,5937,5939.75,5928.25,5930.5,22558
1736350200,5930.5,5936.25,5929.25,5934.75,21926
1736350500,5934.75,5947.75,5934.75,5939.5,25427
1736350800,5939.5,5942.5,5935.5,5938,18700
1736351100,5937.75,5941.25,5933.75,5940,14103
1736351400,5940,5951,5940,5948,17848
1736351700,5948,5950.75,5946,5949.75,12939
1736352000,5950,5951,5943.25,5944,14653
1736352300,5944,5948.5,5937.75,5945.5,15164
1736352600,5945.5,5950.75,5945.25,5946.5,11307
1736352900,5946.75,5947.75,5942.5,5947,9132
1736353200,5947,5953,5947,5950.75,13045
1736353500,5950.75,5951.5,5945,5947,10025
1736353800,5947,5953,5946.75,5951.5,9177
1736354100,5951.5,5961.5,5951.5,5960.5,20740
1736354400,5960.5,5965.25,5957.5,5963.25,18565
1736354700,5963.5,5963.5,5959.5,5961,10034
1736355000,5961,5961.75,5957.75,5958.5,9137
1736355300,5958.5,5961.25,5955.5,5960.25,9790
1736355600,5960.25,5960.75,5950,5950.5,13749
1736355900,5950.5,5951.5,5942.5,5946,15660
1736356200,5946,5947,5937.25,5938.75,14461
1736356500,5938.5,5941.5,5936,5939.5,12183
1736356800,5939.75,5941.5,5930,5932.75,17037
1736357100,5932.75,5934.5,5919,5921.5,23078
1736357400,5921.75,5927.25,5917,5923.75,23794
1736357700,5923.75,5926,5920.75,5921.25,12677
1736358000,5921,5930.75,5920.25,5930.25,15848
1736358300,5930,5931.25,5925,5926,11961
1736358600,5926,5934,5925.5,5931.75,11390
1736358900,5931.5,5938,5930,5934.5,11149
1736359200,5934.5,5949.25,5933.75,5946.25,18661
1736359500,5946.25,5950.25,5943,5946,13998
1736359800,5946,5950.5,5945,5947.75,11007
1736360100,5948,5953,5947.25,5951.25,9391
1736360400,5951,5952.5,5946.5,5952.25,12663
1736360700,5952.25,5961.75,5951.75,5957,18492
1736361000,5957,5957.5,5952.5,5953.5,13393
1736361300,5953.75,5960.5,5953.5,5959.25,10546
1736361600,5959.5,5959.5,5954.25,5958,10841
1736361900,5958,5958,5949.5,5950,13604
1736362200,5950,5951.75,5935.5,5938.25,19781
1736362500,5938.25,5945.5,5936.5,5943.75,11664
1736362800,5944.25,5945.75,5936.75,5943,12298
1736363100,5943.25,5961.25,5943.25,5960.75,24240
1736363400,5960.75,5961,5946,5947,20398
1736363700,5947,5959,5946.75,5959,15425
1736364000,5958.75,5967.25,5956.5,5964,16099
1736364300,5964,5971.75,5960.25,5969,19789
1736364600,5969,5969,5954.75,5956,19686
1736364900,5956,5960,5952.25,5953,13546
1736365200,5953,5954.5,5948,5951,15118
1736365500,5950.75,5955.5,5949.25,5952.75,13264
1736365800,5952.5,5955.5,5948,5948.75,10891
1736366100,5948.75,5953.5,5947.25,5951,15206
1736366400,5951.25,5955,5949.75,5955,11120
1736366700,5955,5956,5948.5,5950.5,9459
1736367000,5950.5,5953.5,5944.5,5944.75,13872
1736367300,5945,5954.5,5945,5953.25,11836
1736367600,5953.25,5957.5,5952.75,5956.25,9098
1736367900,5956.25,5959,5953.25,5957,8435
1736368200,5956.75,5958.75,5950.75,5951.5,10330
1736368500,5951.25,5953.75,5948.5,5949,9110
1736368800,5948.75,5955.75,5947.75,5954.25,11489
1736369100,5954.25,5955.75,5952.25,5954.5,12067
1736369400,5954.5,5960.5,5953.75,5959,22235
1736369700,5959,5963.25,5955.75,5959,70734
1736370000,5959.25,5965.25,5959,5960.75,31874
1736370300,5961,5962.25,5959,5961.5,5822
1736370600,5961.75,5962,5957.75,5958.25,3889
1736519400,5920.75,5921.75,5902.75,5913.5,54918
1736519700,5913.5,5917,5897,5900.75,40617
1736520000,5900.5,5907.5,5895,5906.75,40703
1736520300,5906.75,5911.25,5886,5888.75,44907
1736520600,5888.5,5895.25,5884,5886,37752
1736520900,5886.25,5893,5885,5890.75,24311
1736521200,5890.25,5890.25,5857.75,5862.25,63882
1736521500,5862,5867.75,5855,5858,37834
1736521800,5857.75,5862,5852,5856.25,33814
1736522100,5856,5869.25,5855.5,5864,34531
1736522400,5864,5876.75,5863.5,5875.75,29560
1736522700,5875.75,5880,5870.75,5879.25,24984
1736523000,5879.25,5885.5,5875,5880.75,27431
1736523300,5880.75,5888,5878.5,5885,26496
1736523600,5884.75,5886,5878.25,5880.5,23971
1736523900,5880.25,5893,5878.25,5889,34393
1736524200,5889,5889.25,5871.25,5877,32611
1736524500,5876.75,5880,5869.75,5871.25,24955
1736524800,5871.25,5874,5861.75,5863.5,27886
1736525100,5863.5,5865.75,5859.75,5864.25,19635
1736525400,5864,5865.75,5860.25,5861,20168
1736525700,5861,5865.5,5857.5,5858.25,18590
1736526000,5858.25,5867,5858,5864.25,17254
1736526300,5864.25,5867,5856,5859,19515
1736526600,5859,5861.25,5854,5855.75,19297
1736526900,5855.75,5858,5848,5852,19642
1736527200,5851.75,5866.5,5851.75,5865.75,20281
1736527500,5865.5,5868.5,5857,5859.25,17023
1736527800,5859.25,5866.25,5859.25,5862.5,12881
1736528100,5862.25,5862.75,5850.25,5851.25,14758
1736528400,5851.25,5853.5,5846.25,5847,16192
1736528700,5847,5850.25,5845.25,5847.25,13606
1736529000,5847.5,5851,5846.25,5850.25,12850
1736529300,5850.25,5856.5,5848.5,5855.25,13382
1736529600,5855.25,5857,5848.5,5853,13440
1736529900,5853,5861,5852.5,5860,15261
1736530200,5859.75,5863.75,5859,5862.75,11211
1736530500,5862.75,5869.25,5859.5,5865.75,11313
1736530800,5865.75,5872,5865,5870,11967
1736531100,5869.75,5874,5866.25,5872,11763
1736531400,5872,5873.25,5868.5,5872.75,10813
1736531700,5872.75,5877.5,5871.5,5875.75,10217
1736532000,5875.75,5876.75,5870,5872.25,13304
1736532300,5872.25,5882,5871,5881.25,11563
1736532600,5881,5884.5,5880.75,5882,12352
1736532900,5882,5885,5878.5,5883.75,13067
1736533200,5883.75,5895.5,5883.5,5893.75,16693
1736533500,5893.75,5899,5891,5893.75,16641
1736533800,5893.75,5897,5887.75,5895.5,15785
1736534100,5895.25,5900,5892.75,5897.25,11834
1736534400,5897.25,5899.5,5892.75,5895.25,10504
1736534700,5895.25,5900.75,5892,5900.5,13164
1736535000,5900.25,5901.5,5893.75,5898.75,12736
1736535300,5899,5907.25,5898,5906.5,19118
1736535600,5906.5,5906.75,5894,5894.5,18811
1736535900,5894.75,5895,5880.5,5880.75,23566
1736536200,5880.75,5886.25,5878,5882.5,16754
1736536500,5882.5,5886,5881.25,5884.25,11419
1736536800,5884,5884.5,5877.25,5881.75,13886
1736537100,5881.75,5891.75,5881.75,5887.5,15806
1736537400,5887.5,5887.75,5880,5880.25,12909
1736537700,5880.25,5883.5,5877.25,5883,9828
1736538000,5882.75,5885,5877.25,5880.75,11937
1736538300,5880.5,5881.75,5874.25,5874.75,11898
1736538600,5874.75,5881.75,5873.5,5881.25,11200
1736538900,5881.25,5886.5,5880,5882.75,12731
1736539200,5882.5,5884.25,5875.75,5881.25,14907
1736539500,5881.25,5885.75,5878.75,5879.5,10207
1736539800,5879.25,5880.5,5866.75,5869,16913
1736540100,5868.75,5872,5860.75,5864.5,20348
1736540400,5864.5,5869.75,5863,5866.25,16926
1736540700,5866.5,5867.5,5862,5864.75,14395
1736541000,5864.5,5866.75,5858,5862.25,18872
1736541300,5862.5,5872.75,5861.5,5865.5,21705
1736541600,5865.5,5871,5861.25,5865.25,17493
1736541900,5865.25,5866.25,5861,5862.5,16802
1736542200,5862.75,5871.5,5859,5871,25902
1736542500,5871,5872,5864.5,5866.5,81967
1736542800,5866.75,5870.25,5861.5,5864.75,28751
1736543100,5865,5865,5858.5,5861.25,9668
1736543400,5861.25,5865,5860,5864.75,5552
1736778600,5817.5,5824.75,5814.5,5824.5,44984
1736778900,5824.5,5825.75,5814.75,5817,29915
1736779200,5817,5829,5813,5829,34074
1736779500,5828.75,5829.5,5820.5,5825.25,29488
1736779800,5825.25,5837.75,5823.5,5833,29599
1736780100,5833,5842.75,5832.5,5838.5,28883
1736780400,5838.25,5838.25,5830,5834.75,26606
1736780700,5834.75,5846.25,5833.5,5834.5,26639
1736781000,5834.25,5835.25,5828,5828.25,22213
1736781300,5828.25,5836.25,5824.25,5833.25,26001
1736781600,5833,5839.25,5824.25,5826,25368
1736781900,5826,5826.75,5818.75,5819.5,23863
1736782200,5819.75,5832,5819.25,5826.5,24584
1736782500,5826.5,5843.75,5826,5842,27097
1736782800,5842,5848.75,5837,5846.5,23584
1736783100,5846.75,5851.75,5845,5850.5,26595
1736783400,5850.25,5851,5839.25,5841,23054
1736783700,5841,5844,5837.25,5839,15655
1736784000,5838.75,5841.5,5832.75,5834.25,19076
1736784300,5834.25,5835,5829,5830.75,19119
1736784600,5830.5,5835,5828.25,5831,14521
1736784900,5831,5833.75,5828.5,5831.5,12490
1736785200,5831.75,5836.25,5827.5,5831.5,17529
1736785500,5831.75,5835.25,5829,5829.5,13405
1736785800,5829.25,5834.5,5828,5833,12071
1736786100,5833,5840,5826.25,5828,18464
1736786400,5828.25,5842.25,5828,5840,17765
1736786700,5840,5840.5,5834.25,5836,12927
1736787000,5836,5837.25,5828,5828.5,13847
1736787300,5828.25,5828.5,5818.75,5820,19712
1736787600,5819.75,5827,5816.5,5822.75,21133
1736787900,5822.75,5832.75,5821.5,5832.25,19170
1736788200,5832,5836.75,5832,5836.25,14798
1736788500,5836.25,5842.75,5834.5,5841.5,15902
1736788800,5841.5,5845,5839.25,5842.5,14031
1736789100,5842.25,5845.75,5841.5,5842.75,14550
1736789400,5842.5,5845.5,5838,5844,15853
1736789700,5843.75,5844.75,5838,5838.25,13995
1736790000,5838.5,5841.5,5836.5,5839,11078
1736790300,5838.75,5845.5,5837.5,5843.25,12854
1736790600,5843.5,5847.75,5842,5844.5,11731
1736790900,5844.75,5856.25,5844.5,5855.5,18473
1736791200,5855.25,5856.25,5851.25,5853.5,14543
1736791500,5853.25,5857.75,5850.25,5853.75,11958
1736791800,5854,5858,5854,5856.25,9704
1736792100,5856,5857,5850.25,5851.75,13895
1736792400,5851.75,5853.25,5849.25,5852,10821
1736792700,5852.25,5858,5851.25,5857.75,11926
1736793000,5857.75,5861.5,5854.75,5860.5,17375
1736793300,5860.25,5862.25,5855.5,5860.75,13399
1736793600,5860.75,5860.75,5854.25,5855.25,9927
1736793900,5855.25,5863.75,5854.25,5862.25,13106
1736794200,5862.25,5863.25,5856.5,5856.5,11497
1736794500,5856.75,5862.25,5855,5860.75,9723
1736794800,5860.75,5863,5854.5,5856.75,11117
1736795100,5856.75,5860.75,5855.25,5857,8938
1736795400,5857.25,5861,5853,5854.5,11680
1736795700,5854.75,5855.75,5851.5,5852.5,10556
1736796000,5852.5,5858.5,5850.25,5856,10877
1736796300,5856,5864.5,5854.75,5864,10469
1736796600,5864,5866.25,5860.5,5862.75,12261
1736796900,5862.75,5867.75,5857.5,5865.75,11873
1736797200,5866,5871,5865.25,5868.25,15256
1736797500,5868.25,5868.25,5856.75,5858.25,16822
1736797800,5858.5,5862.5,5856.75,5861,11135
1736798100,5861,5867.5,5860.75,5865.75,12909
1736798400,5865.5,5865.75,5859.75,5862.25,15148
1736798700,5862.5,5867.75,5861.75,5864.25,11298
1736799000,5864.25,5866,5862.75,5864,9695
1736799300,5863.75,5870,5862.5,5869.5,10402
1736799600,5869.5,5870.5,5860.25,5861.25,13838
1736799900,5861.25,5863.75,5859.75,5861.75,11892
1736800200,5861.5,5864,5859.5,5862.5,11661
1736800500,5862.25,5866.25,5860.25,5861.25,11730
1736800800,5861.25,5864.75,5861,5862,10329
1736801100,5862,5864.5,5860,5862.25,14349
1736801400,5862,5873.25,5861.25,5872.25,28016
1736801700,5872.5,5878.25,5871.5,5875.25,66959
1736802000,5875.25,5879.5,5872,5876,25307
1736802300,5876,5878.25,5875.5,5877.75,5882
1736802600,5877.5,5879,5876.5,5878,4296
1736865000,5902.75,5905.25,5892.25,5899.25,33573
1736865300,5899.25,5907.75,5899,5906.25,22703
1736865600,5906.5,5909.75,5901.5,5907.5,17478
1736865900,5907.5,5909,5892.25,5899.75,26971
1736866200,5899.75,5900.5,5882.75,5887,31028
1736866500,5886.75,5891.25,5878.75,5882.25,30283
1736866800,5882.25,5893.5,5880.75,5889.75,27070
1736867100,5889.75,5902.25,5888.25,5897.25,28474
1736867400,5897.5,5905.25,5895.25,5900.25,28975
1736867700,5900.25,5906,5899.5,5900.5,15417
1736868000,5900.5,5900.75,5891.5,5895.5,22560
1736868300,5895.5,5900.5,5888,5891.25,23168
1736868600,5891.25,5893.5,5886.75,5887.5,17160
1736868900,5887.5,5891,5882,5882.25,18114
1736869200,5882.25,5895.75,5880.75,5895,17706
1736869500,5894.75,5895.25,5885.25,5885.75,18780
1736869800,5885.75,5889,5877.75,5888,22748
1736870100,5888,5888.5,5877.25,5877.5,16309
1736870400,5877.75,5879.25,5861,5864,36392
1736870700,5864,5873.75,5863,5870.5,23039
1736871000,5870.5,5872.5,5864.25,5868,15740
1736871300,5868.25,5872.5,5864,5867.75,16519
1736871600,5867.75,5874.25,5867.5,5871.25,14085
1736871900,5871.5,5879.25,5867.75,5867.75,20507
1736872200,5868,5873.75,5867.5,5870.25,14983
1736872500,5870,5871,5861.5,5864.25,16033
1736872800,5864.25,5866.5,5853.5,5854.5,23872
1736873100,5854.25,5857,5851.75,5854.5,17404
1736873400,5854.25,5856.75,5852,5854,12992
1736873700,5853.75,5857,5846.75,5846.75,19718
1736874000,5846.75,5850.75,5844.75,5849.5,18477
1736874300,5849.25,5856,5847,5853.25,19715
1736874600,5853,5858.5,5852.75,5854.75,14585
1736874900,5854.5,5860.25,5854,5855.5,12091
1736875200,5855.25,5856,5849.25,5852.75,14385
1736875500,5853,5859,5853,5856,8764
1736875800,5856,5856.25,5844.5,5846.25,14165
1736876100,5846.25,5853.25,5842.5,5852.75,15659
1736876400,5852.75,5862.5,5851.25,5860.25,15999
1736876700,5860.5,5861.5,5856,5859,9701
1736877000,5859,5864.75,5858.75,5862,11696
1736877300,5862.25,5862.5,5856.5,5861.5,9888
1736877600,5861.25,5867.75,5860,5867.5,9309
1736877900,5867.5,5869.5,5865.5,5867.5,10476
1736878200,5867.75,5868.75,5864.5,5867.5,8336
1736878500,5867.25,5874,5865.25,5871.5,10450
1736878800,5871.25,5876.5,5870.25,5876.25,7594
1736879100,5876.25,5882,5875.5,5879.5,13599
1736879400,5879.75,5881.5,5877.5,5880.75,12350
1736879700,5881,5885.75,5879.75,5885.5,12335
1736880000,5885.75,5891.75,5884.5,5890,15863
1736880300,5890.25,5894.5,5888.75,5893.75,12551
1736880600,5893.5,5896.5,5892.75,5896.25,13103
1736880900,5896.5,5898,5894,5895,12059
1736881200,5895.25,5895.25,5889.75,5892.5,17705
1736881500,5892.5,5896.75,5891,5893.25,9950
1736881800,5893.25,5894,5889,5892.75,9610
1736882100,5892.75,5898,5892.5,5896.5,10042
1736882400,5896.25,5897,5894,5896.75,8759
1736882700,5896.75,5898.75,5890.5,5891,11057
1736883000,5891,5897.5,5889.5,5895,11794
1736883300,5895,5898,5894.5,5896,7271
1736883600,5895.75,5896.25,5890.25,5891.75,9193
1736883900,5891.75,5892,5888.25,5888.75,10451
1736884200,5888.75,5889.25,5877,5878.25,20793
1736884500,5878.25,5878.75,5864,5865.5,31064
1736884800,5865.75,5868.75,5850,5852.25,42667
1736885100,5852.25,5858.5,5848.75,5856.5,39041
1736885400,5856.25,5857.5,5851.75,5854.75,22561
1736885700,5855,5862.75,5855,5859.5,23296
1736886000,5859.5,5866.25,5855.25,5864.75,16798
1736886300,5864.75,5865.75,5859.75,5864.75,15528
1736886600,5864.75,5868.75,5859.25,5861,18226
1736886900,5861,5866.5,5856.25,5856.75,17800
1736887200,5856.75,5863.25,5855.5,5862.25,20491
1736887500,5862.5,5870.25,5861.75,5866,20043
1736887800,5866,5878,5865,5876,32653
1736888100,5876,5883.25,5873.75,5882,83759
1736888400,5882,5891.5,5880,5891.25,33455
1736888700,5891,5892.75,5890.25,5891,7030
1736889000,5891,5892.5,5889.25,5891,5053
1736951400,5964.75,5970.5,5958.5,5967.75,52329
1736951700,5967.75,5969.5,5952.5,5962.25,37860
1736952000,5962.5,5973.75,5962.5,5972.75,30807
1736952300,5973,5983,5971.5,5982.75,32197
1736952600,5982.75,5982.75,5973.5,5975.75,27369
1736952900,5975.75,5982.75,5971.25,5981,29055
1736953200,5981,5986.25,5980.5,5983,30980
1736953500,5983.25,5985.25,5977,5982.75,29987
1736953800,5982.75,5988.5,5981.5,5984.5,21419
1736954100,5984.75,5991.75,5983.5,5990.75,22128
1736954400,5990.75,5991.25,5985.25,5987.25,22765
1736954700,5987.25,5987.5,5982.75,5985.25,18853
1736955000,5985.5,5987.5,5979.5,5984,20457
1736955300,5984,5984.5,5975,5979.25,24561
1736955600,5979.25,5983.75,5976.5,5979,16262
1736955900,5979,5981.5,5973.5,5975.25,17616
1736956200,5975.5,5980.75,5972.5,5979.25,18622
1736956500,5979.25,5981.5,5972.75,5973,17243
1736956800,5973.25,5981.75,5973,5978.5,17455
1736957100,5978.75,5981.75,5971.25,5975.5,14325
1736957400,5975.5,5978.25,5972.75,5977,12099
1736957700,5976.75,5977.75,5969.5,5973.5,15168
1736958000,5973.5,5979.75,5968.5,5974.75,18011
1736958300,5974.75,5975.25,5971,5971.5,10480
1736958600,5971.5,5971.5,5957.5,5959.75,33152
1736958900,5959.75,5967.75,5959.25,5964,21006
1736959200,5964,5966,5958.75,5959,13508
1736959500,5959,5962.25,5958.5,5961.25,12384
1736959800,5961.5,5962,5955.75,5959.75,13161
1736960100,5959.75,5962.75,5957.75,5961.25,11417
1736960400,5961,5966.5,5959.5,5965.25,17203
1736960700,5965.25,5970.75,5964.25,5969.75,15552
1736961000,5969.75,5972.5,5968.5,5970,10080
1736961300,5970.25,5975,5967.25,5968,12252
1736961600,5968,5971.5,5965.75,5967.5,11222
1736961900,5967.75,5972.5,5967.5,5972.25,8823
1736962200,5972.25,5976.5,5971.75,5975.25,11725
1736962500,5975.25,5979.25,5974,5978.75,9994
1736962800,5978.75,5980.5,5978,5979.5,8365
1736963100,5979.75,5980.75,5977.75,5979,6852
1736963400,5979.25,5979.25,5973,5977,11643
1736963700,5977,5977,5970,5971,10322
1736964000,5971.25,5978.5,5971,5978,9540
1736964300,5978,5979.75,5974.75,5975.25,8298
1736964600,5975.25,5978.25,5975.25,5977.5,5503
1736964900,5977.5,5981.5,5977.25,5981,6307
1736965200,5981,5982.25,5980.25,5981.25,6522
1736965500,5981.5,5984.25,5980,5984,7133
1736965800,5984,5986.75,5983.25,5984.25,11349
1736966100,5984.25,5984.5,5981.25,5983.5,10258
1736966400,5983.5,5986.25,5982.25,5985.5,8090
1736966700,5985.25,5987,5984.25,5985.25,6609
1736967000,5985.5,5988.25,5985.5,5988,6450
1736967300,5988,5988.25,5985.75,5986.75,7222
1736967600,5987,5989.5,5986,5988.5,7287
1736967900,5988.5,5989.5,5987.25,5987.75,5800
1736968200,5987.75,5990,5987,5989,5401
1736968500,5989.25,5990,5987.5,5988.25,6705
1736968800,5988,5990,5986,5986.75,8953
1736969100,5986.75,5993,5986.25,5992.75,8673
1736969400,5992.75,5995.75,5992.25,5993.75,11047
1736969700,5993.75,5998.5,5993.5,5997.5,10963
1736970000,5997.75,5999,5992.5,5993.25,13867
1736970300,5993.25,5996,5991.75,5994.25,7812
1736970600,5994.5,5997,5992,5996.75,7538
1736970900,5996.75,5996.75,5994.25,5995.5,6374
1736971200,5995.75,5997.75,5994.75,5995.75,8301
1736971500,5995.75,5997.5,5995,5996.5,8187
1736971800,5996.5,6000,5996.5,5998.5,9885
1736972100,5998.75,5999,5996.75,5997.75,7388
1736972400,5997.75,6000.75,5997.25,5999.75,7888
1736972700,5999.5,6001.25,5998,5998.5,9734
1736973000,5998.25,6000.25,5996,5999.5,10606
1736973300,5999.25,5999.75,5993.75,5995.5,12623
1736973600,5995.5,5996.5,5992,5995.25,13720
1736973900,5995,5998,5993.5,5995,13881
1736974200,5994.75,5994.75,5990.25,5990.75,28012
1736974500,5991,5993.75,5987.75,5988.5,85787
1736974800,5988.5,5991.75,5987,5987.25,26975
1736975100,5987.25,5989.25,5986.75,5987.25,5625
1736975400,5987.25,5987.5,5986,5986.25,4537
1737037800,6001.75,6002.5,5993.25,5997,35842
1737038100,5997,6002.25,5994.5,5999.5,25326
1737038400,5999.25,6003,5989.5,5991.75,27222
1737038700,5991.75,5992.25,5982.25,5984.75,31535
1737039000,5984.75,5990,5983,5986.75,25603
1737039300,5986.5,5989.25,5980.5,5982,21017
1737039600,5981.75,5983.5,5973.25,5979.5,33660
1737039900,5979.5,5991.25,5979.25,5988.5,44202
1737040200,5988.25,5992.25,5979,5979.75,27877
1737040500,5979.75,5987,5978.25,5985.75,24103
1737040800,5985.75,5989.25,5982.25,5988.5,18696
1737041100,5988.75,5989.25,5979.75,5982.25,17449
1737041400,5982.5,5989.75,5980,5981.75,19927
1737041700,5982,5990.75,5977.75,5988.75,21361
1737042000,5989,5990.25,5978.5,5984,18858
1737042300,5984.25,5986,5979,5983.25,15243
1737042600,5983.5,5988.75,5983.5,5984.25,13089
1737042900,5984.5,5995,5984.5,5994.75,13753
1737043200,5994.75,6000.5,5993,5998.75,17148
1737043500,5998.5,6004.25,5994,6002.25,19404
1737043800,6002.5,6002.5,5994,5995,19044
1737044100,5995,5997.25,5986.75,5993,25419
1737044400,5993.25,5993.25,5985.5,5990.25,19015
1737044700,5990.25,5995.5,5989,5993.5,13740
1737045000,5993.5,5995.5,5991,5991,13140
1737045300,5991,5992.75,5985,5987,17224
1737045600,5987,5987.75,5978.25,5983.5,21324
1737045900,5983.5,5989.5,5983.25,5989.5,14537
1737046200,5989.5,5991.5,5985,5989.5,10301
1737046500,5989.75,5995.75,5988.5,5995,10299
1737046800,5995,5996.75,5993,5995.75,9910
1737047100,5995.75,5996.75,5993.25,5995,10363
1737047400,5995,5997,5994.25,5995.5,9580
1737047700,5995.5,5995.75,5988.5,5991.25,18386
1737048000,5991.25,5995.5,5987.75,5995,10682
1737048300,5994.75,5998.5,5994,5997.75,9008
1737048600,5997.75,5998,5995,5995.75,7265
1737048900,5995.5,5995.75,5989.75,5991.5,10521
1737049200,5991.5,5993,5990,5991.5,7592
1737049500,5991.5,5994,5990,5991,6950
1737049800,5991.25,5992,5988,5990,7895
1737050100,5990.25,5993.25,5989.25,5989.5,6540
1737050400,5989.75,5993.5,5989,5993,5660
1737050700,5993.25,5995.5,5990.25,5991.75,6977
1737051000,5991.75,5994.5,5990,5990.5,6447
1737051300,5990.5,5991.25,5987,5988.5,8079
1737051600,5988.5,5990.25,5988,5989,6083
1737051900,5989.25,5990.25,5981,5982.25,9804
1737052200,5982.25,5984,5979,5980,14737
1737052500,5980.25,5981.5,5975.75,5979.25,12187
1737052800,5979,5980.75,5976.25,5977.25,13333
1737053100,5977.25,5978.25,5969,5974.5,22287
1737053400,5974.5,5978.5,5971.25,5977.5,15704
1737053700,5977.5,5978.75,5971.25,5973.5,12392
1737054000,5973.5,5977.5,5970.25,5977,13057
1737054300,5976.75,5982.25,5976.75,5979.75,12472
1737054600,5979.75,5983.5,5978.75,5981,9906
1737054900,5981.25,5984,5980.75,5982,8590
1737055200,5982.25,5983.75,5975,5976.75,11441
1737055500,5976.75,5986,5976.75,5984.25,9235
1737055800,5984.5,5984.75,5981.5,5984,8948
1737056100,5984,5988,5983,5987.25,9270
1737056400,5987.5,5987.5,5984.25,5985,7845
1737056700,5985.25,5987.25,5984.5,5985.75,6803
1737057000,5986,5987.25,5982,5986.5,9991
1737057300,5986.5,5991,5986.5,5989.25,11122
1737057600,5989.5,5991.25,5988.5,5990.25,7812
1737057900,5990.5,5993.5,5990.25,5992.75,8999
1737058200,5992.75,5993.5,5987.25,5987.25,10345
1737058500,5987.25,5989.75,5982.5,5983.5,12578
1737058800,5983.5,5985,5979.25,5981.5,15766
1737059100,5981.75,5986,5981,5983,11844
1737059400,5982.75,5987.75,5982.25,5985.75,10409
1737059700,5986,5988.5,5983.75,5985.5,10158
1737060000,5985.5,5991,5985.25,5989.75,12049
1737060300,5990,5990.5,5985.75,5988,12444
1737060600,5987.75,5991.75,5982.75,5984.25,23268
1737060900,5984.25,5984.5,5974,5976.25,72809
1737061200,5976.5,5977,5972,5973.75,26613
1737061500,5974,5974.25,5972.25,5972.75,4999
1737061800,5972.75,5972.75,5963.25,5963.75,9861
1737124200,6026.75,6029.75,6017.5,6020,63878
1737124500,6020.25,6025.75,6016.5,6018,30303
1737124800,6018.25,6024,6012.75,6018.5,26163
1737125100,6018.75,6027.25,6018.5,6026.75,25693
1737125400,6026.75,6030.25,6021,6022.75,26236
1737125700,6022.75,6026.75,6017.25,6020.5,20305
1737126000,6020.25,6029.5,6020,6028.25,22440
1737126300,6028.5,6033,6024.5,6025,22682
1737126600,6025,6030.75,6023.75,6028.75,18038
1737126900,6028.75,6031.25,6027.5,6029.25,13271
1737127200,6029.5,6030.25,6019.5,6024.25,21619
1737127500,6024.25,6027.75,6017.75,6027.5,21846
1737127800,6027.5,6031.5,6025.5,6029.75,17791
1737128100,6029.5,6034,6028.5,6033.25,13120
1737128400,6033,6034.75,6030.25,6032,14479
1737128700,6032,6034.25,6030.25,6034.25,13033
1737129000,6034,6037.25,6033,6036.5,16647
1737129300,6036.75,6039.5,6035,6039,13784
1737129600,6039,6039.5,6035,6037.5,16005
1737129900,6037.5,6041.25,6035.75,6039.25,12762
1737130200,6039.25,6040.75,6037.25,6039.75,9885
1737130500,6040,6042,6038.5,6040.25,11064
1737130800,6040.25,6045.5,6040,6045.25,10163
1737131100,6045.25,6049,6044.5,6045.25,17103
1737131400,6045.5,6047.5,6038.5,6040.5,18279
1737131700,6040.5,6044.75,6040.5,6044.25,8657
1737132000,6044.25,6045,6041.75,6044.5,8547
1737132300,6044.5,6045.75,6040.5,6043.5,9651
1737132600,6043.5,6044.75,6040,6040.5,8341
1737132900,6040.25,6042.5,6038.75,6040.75,7728
1737133200,6040.5,6040.75,6035.75,6038.5,13800
1737133500,6038.75,6041.75,6037.5,6041,6615
1737133800,6040.75,6044,6039.75,6043.75,8495
1737134100,6043.75,6045.25,6042.75,6045,6886
1737134400,6044.75,6047.75,6044.75,6046.75,7264
1737134700,6046.75,6048.25,6046,6047.5,5617
1737135000,6047.5,6048.5,6046.75,6047,6460
1737135300,6047,6049,6044,6048.5,8151
1737135600,6048.25,6048.25,6045.75,6047,5555
1737135900,6047.25,6048.25,6046.25,6048,3697
1737136200,6048,6048.25,6045.25,6047,5546
1737136500,6047,6047.5,6043,6046.75,9371
1737136800,6046.75,6047.25,6043.25,6046.25,7071
1737137100,6046.25,6049,6045.75,6047.75,7714
1737137400,6047.75,6050.75,6047.25,6049.75,8091
1737137700,6049.75,6050.5,6048.75,6049.5,5480
1737138000,6049.5,6051.5,6049.5,6049.75,6233
1737138300,6049.75,6051,6048,6048.25,6911
1737138600,6048.5,6049.25,6045,6046,9467
1737138900,6046,6049,6045.25,6048.5,9616
1737139200,6048.25,6048.5,6043,6044,8055
1737139500,6044.25,6047.5,6043.5,6043.5,8124
1737139800,6043.5,6044,6041.75,6043.5,8501
1737140100,6043.25,6044,6039.75,6043.75,10839
1737140400,6043.75,6045.25,6042.75,6043.25,9263
1737140700,6043.5,6044,6039,6042,11439
1737141000,6041.75,6043.75,6040,6042.75,6613
1737141300,6042.75,6044,6038.25,6038.75,7425
1737141600,6038.75,6045.5,6038.5,6044.75,8827
1737141900,6044.5,6045,6041.75,6042.25,4898
1737142200,6042.25,6043.25,6040.75,6042.75,6595
1737142500,6042.75,6044.75,6042.25,6042.5,5622
1737142800,6042.5,6043.75,6040.75,6042.25,6136
1737143100,6042.5,6043.75,6041.5,6042,4656
1737143400,6041.75,6042.5,6039,6039.25,6298
1737143700,6039.5,6041,6037.5,6039.75,9903
1737144000,6039.75,6039.75,6032.5,6035,17137
1737144300,6035,6039.5,6033.25,6039.25,11157
1737144600,6039,6041,6037.75,6038,9468
1737144900,6038.25,6041.25,6037.25,6040.75,8589
1737145200,6040.75,6042.25,6039.75,6042,8268
1737145500,6042,6042,6037.75,6038.5,8856
1737145800,6038.5,6043,6038.25,6042.5,11185
1737146100,6042.5,6043.5,6041.5,6042,8362
1737146400,6042,6042.5,6038.75,6040.5,11545
1737146700,6040.5,6042.5,6039.5,6040.25,10323
1737147000,6040.25,6043.5,6035.5,6040.25,23268
1737147300,6040.25,6040.5,6031,6033,94493
1737147600,6033.25,6034,6029,6029.5,28634
1737147900,6029.5,6032.75,6029,6032.5,6412
1737148200,6032.25,6032.5,6029.25,6030.25,3056
1737469800,6063.75,6068.25,6060.75,6065.25,36050
1737470100,6065.5,6068,6057.25,6058.25,27547
1737470400,6058.5,6061.25,6053,6059,31592
1737470700,6059,6072,6058.5,6065.75,29970
1737471000,6066,6070.25,6052,6054.5,40092
1737471300,6054.25,6063.75,6054.25,6062.75,23722
1737471600,6062.5,6063,6054.5,6056.25,23315
1737471900,6056,6063,6053,6059.5,23811
1737472200,6059.5,6060.75,6043.5,6046.25,32502
1737472500,6046.5,6057,6044.75,6056.25,24549
1737472800,6056.25,6059.25,6051.75,6053,18881
1737473100,6053,6061.25,6053,6060.5,17276
1737473400,6060.5,6062.5,6056,6057,19474
1737473700,6057,6060,6054.25,6059.25,15563
1737474000,6059.25,6063.25,6058.75,6061,16423
1737474300,6060.75,6062,6053.75,6057,19738
1737474600,6056.75,6059,6051.25,6058.5,18986
1737474900,6058.25,6063,6055.5,6061,13091
1737475200,6061,6061,6055.5,6059.25,12623
1737475500,6059.25,6066,6059,6064.75,13223
1737475800,6064.5,6065.75,6061.75,6065.75,11472
1737476100,6065.5,6066,6062.5,6064.5,9729
1737476400,6064.5,6066.75,6063.25,6064.5,9186
1737476700,6064.75,6066.25,6062.75,6065.25,9668
1737477000,6065.25,6068,6064.5,6066.25,9398
1737477300,6066.25,6067.75,6061.25,6061.75,14495
1737477600,6062,6065.5,6059.5,6060.25,15391
1737477900,6060.5,6065.75,6060.25,6065.25,8401
1737478200,6065,6070.75,6064,6070.5,13614
1737478500,6070.75,6072.25,6067.75,6071,11038
1737478800,6071,6071.25,6067.75,6070.5,10030
1737479100,6070.75,6072,6069.5,6071.25,7575
1737479400,6071.5,6072.5,6069.5,6070.25,7508
1737479700,6070.25,6071,6066.75,6068,9356
1737480000,6068.25,6071,6066.75,6070.5,10330
1737480300,6070.5,6075.25,6069.5,6073.5,11887
1737480600,6073.25,6077,6073,6076.75,9406
1737480900,6076.75,6077.5,6074,6075.75,7798
1737481200,6075.75,6079,6075.5,6077,8271
1737481500,6077,6079,6076.5,6078,6513
1737481800,6078,6081.75,6077.75,6080.5,10145
1737482100,6080.5,6082.25,6080,6081.75,8276
1737482400,6081.75,6082.25,6078,6081.5,11023
1737482700,6081.75,6082.5,6080.5,6081.75,8915
1737483000,6081.75,6083.25,6080.5,6082.25,9277
1737483300,6082.5,6086.5,6082.5,6084,9541
1737483600,6084.25,6085,6083.25,6084.5,6272
1737483900,6084.5,6085.25,6081.75,6083.75,6405
1737484200,6083.5,6084.5,6082.25,6083,5985
1737484500,6083,6085.5,6082.5,6083.75,6062
1737484800,6083.75,6084.25,6079.5,6082,12482
1737485100,6082,6082,6079.5,6080.25,5970
1737485400,6080.25,6084,6080,6082.25,5539
1737485700,6082,6084.25,6081.5,6083.5,4524
1737486000,6083.75,6083.75,6081.5,6083.25,6436
1737486300,6083,6085,6082.75,6084.25,5653
1737486600,6084,6085.5,6082.75,6082.75,6525
1737486900,6083,6083.25,6078,6079.25,11868
1737487200,6079,6079.75,6076.5,6078.5,11103
1737487500,6078.5,6082.75,6078.5,6081.5,10226
1737487800,6081.5,6081.75,6077.75,6078,9524
1737488100,6078,6078.75,6074.75,6076.5,10499
1737488400,6076.25,6079.75,6076,6077,8263
1737488700,6076.75,6077.25,6075.25,6076.5,5783
1737489000,6076.5,6077.5,6074.25,6077.25,7181
1737489300,6077.25,6079.75,6077,6079.25,7562
1737489600,6079.25,6079.75,6077.25,6079.25,8388
1737489900,6079,6080.25,6078.75,6080,7680
1737490200,6079.75,6080.5,6079,6079.75,6554
1737490500,6080,6082.25,6079.5,6081.75,7460
1737490800,6081.5,6082.25,6080.25,6081.5,7380
1737491100,6081.5,6085.25,6081,6084.5,10678
1737491400,6084.75,6085.75,6082.25,6082.5,13416
1737491700,6082.5,6084.25,6079,6083.75,15007
1737492000,6083.75,6084.25,6081.5,6083,10447
1737492300,6083.25,6083.25,6081,6083,12336
1737492600,6083,6087.25,6081.5,6085.75,18963
1737492900,6085.75,6087,6081.5,6086.5,67057
1737493200,6086.5,6093.25,6086,6090.5,31122
1737493500,6090.5,6093.25,6089.25,6089.5,7838
1737493800,6089.25,6090.25,6087.25,6088,4516
1737556200,6116.25,6117.75,6111.25,6114.75,42068
1737556500,6114.75,6115.5,6111.75,6113.5,23496
1737556800,6113.5,6115.25,6111.5,6114.5,19331
1737557100,6114.75,6117.25,6113.25,6117,19419
1737557400,6117,6121,6114.75,6120.25,19990
1737557700,6120.25,6122.75,6119.5,6122.25,17033
1737558000,6122.25,6124.25,6117,6122.25,29132
1737558300,6122.5,6125,6121.25,6123.25,15482
1737558600,6123.5,6126.75,6122.75,6124.5,16121
1737558900,6124.5,6127.75,6124.25,6127,13910
1737559200,6127,6127.25,6122.75,6123.75,16883
1737559500,6123.75,6125.5,6122.75,6124.5,16305
1737559800,6124.25,6125.75,6122.75,6124.5,14325
1737560100,6124.5,6128,6123.5,6125.75,14906
1737560400,6126,6127.25,6124.25,6127,10594
1737560700,6127,6127.25,6124.5,6126,11365
1737561000,6125.75,6126,6121.75,6124,15350
1737561300,6124.25,6125,6122,6122.25,11830
1737561600,6122.25,6123,6120.5,6121.75,16757
1737561900,6122,6125,6122,6123.75,10108
1737562200,6123.75,6124,6119.5,6121,14198
1737562500,6121.25,6125,6121,6124.25,9530
1737562800,6124.25,6125.5,6122.75,6125,8017
1737563100,6125,6129.5,6124.25,6129.5,13746
1737563400,6129.5,6131.5,6129,6130.75,12253
1737563700,6130.75,6133.25,6130,6133,10987
1737564000,6133.25,6134.5,6130.75,6131.75,11346
1737564300,6131.75,6133.25,6129.75,6131,11274
1737564600,6131.25,6135,6131.25,6133.75,8608
1737564900,6134,6135,6133.25,6133.5,7709
1737565200,6133.75,6134.75,6132.75,6134.75,8925
1737565500,6134.75,6134.75,6133.75,6134.5,5287
1737565800,6134.25,6135.75,6130.25,6130.25,10175
1737566100,6130.5,6133.75,6130.5,6133.5,8300
1737566400,6133.25,6134.25,6132,6132.5,5091
1737566700,6132.25,6133.25,6131.75,6132.75,4347
1737567000,6132.5,6134.25,6132.25,6132.5,3876
1737567300,6132.75,6133.75,6131.75,6133.25,4126
1737567600,6133.25,6133.5,6130.5,6131.25,6459
1737567900,6131.25,6133.25,6131,6131.75,5106
1737568200,6132,6132.75,6130.75,6132.75,4930
1737568500,6132.75,6132.75,6130.25,6130.5,7400
1737568800,6130.5,6131.25,6128.75,6129.25,8578
1737569100,6129.5,6131.25,6129,6131,6736
1737569400,6131,6131.75,6129.5,6129.75,6062
1737569700,6130,6130.75,6127.75,6128.25,7583
1737570000,6128.25,6131.25,6127,6129,10799
1737570300,6128.75,6128.75,6126.75,6128,7418
1737570600,6128,6129.25,6127.25,6128.25,6711
1737570900,6128,6129.25,6127.75,6129,4904
1737571200,6128.75,6132.25,6128.5,6132.25,8206
1737571500,6132.25,6133.25,6131.5,6132.75,6998
1737571800,6132.5,6133.25,6130,6131.75,8459
1737572100,6131.75,6131.75,6127,6127.25,12319
1737572400,6127.25,6127.75,6125.5,6127.5,12490
1737572700,6127.5,6129,6125.5,6126.75,8048
1737573000,6126.75,6128.25,6125.75,6127.75,4130
1737573300,6128,6128,6126.75,6127.5,5083
1737573600,6127.25,6130.5,6127,6127.75,9990
1737573900,6128,6128.25,6125.5,6126,8506
1737574200,6126.25,6127.75,6124.75,6126.75,10431
1737574500,6126.75,6129.25,6126.75,6129,6675
1737574800,6129,6129.75,6127.25,6129,7623
1737575100,6129,6131.25,6128.25,6131,8702
1737575400,6130.75,6132.5,6130.25,6131.75,7849
1737575700,6131.75,6133.25,6131.5,6133,7036
1737576000,6132.75,6133.25,6131.25,6131.5,7319
1737576300,6131.75,6132.75,6131,6132,7297
1737576600,6132.25,6132.5,6129.75,6131.25,9132
1737576900,6131.25,6131.75,6129.5,6130.25,6691
1737577200,6130.5,6131.25,6128,6130.75,10641
1737577500,6130.75,6130.75,6128.25,6128.25,7964
1737577800,6128.5,6130.75,6127.75,6129.75,10171
1737578100,6129.75,6130.5,6125.75,6126.25,13933
1737578400,6126,6127,6124.75,6125.5,12036
1737578700,6125.5,6127.25,6124.75,6125,13229
1737579000,6125,6126,6119.5,6123.25,37269
1737579300,6123,6124.5,6119.5,6120.25,74902
1737579600,6120,6122,6118,6119,22625
1737579900,6119,6120.75,6118.5,6120.25,4305
1737580200,6120.25,6120.5,6117.5,6118.75,4575
1737642600,6113.5,6115.25,6111.25,6115,32120
1737642900,6115,6117.5,6114,6117,15957
1737643200,6117.25,6118.75,6114.75,6118,14615
1737643500,6117.75,6118.5,6116.5,6117.5,11884
1737643800,6117.75,6119,6117,6118,9323
1737644100,6118.25,6118.75,6115.5,6118.25,12702
1737644400,6118.5,6118.5,6113.25,6114.75,13828
1737644700,6114.5,6117,6112,6115,13181
1737645000,6114.75,6116.75,6113.75,6116.5,9706
1737645300,6116.5,6117.25,6115,6115.25,8707
1737645600,6115.25,6117,6114,6115.75,9729
1737645900,6115.75,6116,6112.5,6113,9205
1737646200,6113,6117.75,6112.5,6117.25,11118
1737646500,6117.5,6119.75,6116.25,6118.25,11652
1737646800,6118.5,6121.5,6117.5,6121.25,9810
1737647100,6121.25,6124,6120.75,6123,15277
1737647400,6123,6125,6122.5,6124,10032
1737647700,6124.25,6124.75,6123.5,6124.75,7368
1737648000,6124.75,6129.5,6124.75,6127.75,16796
1737648300,6128,6128.5,6123.75,6124.5,12841
1737648600,6124.5,6128.5,6119.75,6127.5,30174
1737648900,6127.5,6129.25,6124.5,6127.5,11093
1737649200,6127.5,6131.75,6126.5,6129.5,11553
1737649500,6129.5,6131.25,6126.25,6131.25,17799
1737649800,6131,6132.25,6130,6130.25,9249
1737650100,6130.5,6130.75,6126.5,6129,11634
1737650400,6129,6131.5,6128.5,6131.25,7780
1737650700,6131.25,6134.75,6128.75,6132.25,16814
1737651000,6132.5,6133,6127.25,6129.5,12527
1737651300,6129.5,6130.75,6127.75,6128.5,8888
1737651600,6128.5,6128.5,6125,6126,13289
1737651900,6126,6129,6125.5,6127.75,6250
1737652200,6128,6130,6127.5,6129.75,3941
1737652500,6129.5,6130,6128.5,6129.5,3478
1737652800,6129.25,6129.5,6126.75,6128,4036
1737653100,6128,6128.5,6127,6128,3928
1737653400,6127.75,6128.25,6125,6126.75,7355
1737653700,6126.75,6127.5,6125.5,6126.25,4521
1737654000,6126,6128.25,6124.75,6128.25,4712
1737654300,6128,6130,6127.5,6129.5,6830
1737654600,6129.5,6132.25,6129.5,6131,6960
1737654900,6131,6133,6130.5,6132.75,5588
1737655200,6132.75,6134,6131.75,6132.75,6552
1737655500,6132.75,6133.5,6132.25,6133.25,3543
1737655800,6133,6137,6132.75,6136,7388
1737656100,6136.25,6137.75,6136,6137.25,6737
1737656400,6137.5,6138.75,6136.5,6138.25,6430
1737656700,6138.25,6139,6134.75,6136,8549
1737657000,6136.25,6138.5,6136,6138,4235
1737657300,6138.25,6138.5,6136.75,6137,4591
1737657600,6137.25,6137.25,6134,6135.25,7704
1737657900,6135.5,6136.25,6134,6134.5,5043
1737658200,6134.5,6135.75,6133.5,6134.25,7236
1737658500,6134.5,6134.75,6133,6133.75,5243
1737658800,6133.75,6134.75,6131.75,6132.25,7571
1737659100,6132.25,6132.25,6129.25,6131,10531
1737659400,6131,6131.5,6129.5,6130,7381
1737659700,6130,6131,6129.5,6130.25,6304
1737660000,6130.25,6132.75,6129.25,6132.5,8085
1737660300,6132.5,6134.25,6132,6133,6251
1737660600,6133,6136.25,6132.75,6134.75,8363
1737660900,6134.5,6136,6133.25,6134,5546
1737661200,6134,6135.5,6133.75,6134.5,4709
1737661500,6134.25,6135.5,6133.25,6133.75,5818
1737661800,6133.75,6135,6133.25,6133.75,5024
1737662100,6133.5,6136.5,6133.25,6134.5,6689
1737662400,6134.25,6135,6132.5,6133.5,8330
1737662700,6133.5,6136.25,6133,6135,5925
1737663000,6135,6137.25,6134,6136.75,7090
1737663300,6137,6138.5,6135.5,6137,8957
1737663600,6137.25,6138.5,6135.25,6138.25,8102
1737663900,6138.25,6139.25,6136.5,6137.25,7975
1737664200,6137.25,6137.5,6134.25,6135.75,16302
1737664500,6135.5,6136.75,6134,6134.5,8875
1737664800,6134.5,6135.5,6133.25,6134,9109
1737665100,6134,6138.5,6133.75,6137.25,18012
1737665400,6137.25,6144,6136.5,6143.5,31153
1737665700,6143.75,6154,6143.25,6153.5,81054
1737666000,6153.5,6153.75,6149.25,6150,44249
1737666300,6150,6150.5,6149,6149,6365
1737666600,6149,6150.75,6149,6149.25,6807
1737729000,6152,6155.5,6150.5,6152.5,31125
1737729300,6152.5,6156,6151.75,6155.75,17926
1737729600,6156,6158,6154.5,6156.25,14229
1737729900,6156.25,6162.25,6155,6158.5,21333
1737730200,6158.25,6159.5,6155.5,6157.25,13886
1737730500,6157.25,6157.75,6154,6157,11900
1737730800,6157.25,6159.5,6150,6151.5,24830
1737731100,6151.5,6154,6149.75,6151.75,16638
1737731400,6151.75,6153,6148,6149.5,18026
1737731700,6149.5,6153,6147.75,6151.5,16948
1737732000,6151.5,6151.5,6147.25,6150,13593
1737732300,6150,6150.5,6146.5,6147.5,10879
1737732600,6147.5,6149.75,6147.25,6149,8809
1737732900,6148.75,6150.5,6144.5,6145.75,16226
1737733200,6145.75,6147.75,6145.5,6146.75,9708
1737733500,6146.75,6150.25,6146,6150,10998
1737733800,6149.75,6150.5,6146.75,6147.25,10921
1737734100,6147,6149,6145.75,6145.75,9319
1737734400,6145.75,6148.25,6144.75,6145.5,12038
1737734700,6145.25,6150.75,6145,6150.5,11660
1737735000,6150.25,6151.25,6148.5,6149.5,9726
1737735300,6149.25,6151,6148,6149.75,8325
1737735600,6149.75,6151.5,6149.5,6151,7769
1737735900,6150.75,6152.75,6150.75,6152.75,8428
1737736200,6152.5,6153.25,6152,6152.75,7439
1737736500,6153,6154.75,6151.5,6153.5,8928
1737736800,6153.75,6155.5,6153.5,6155.25,6288
1737737100,6155.25,6156,6154.75,6155.75,5911
1737737400,6155.75,6157.5,6155.25,6155.75,9959
1737737700,6155.75,6156.25,6148,6149.5,20915
1737738000,6149.5,6150.5,6146.75,6149.25,13753
1737738300,6149.5,6152.25,6147.5,6150.5,10901
1737738600,6150.5,6151,6148,6148.75,6595
1737738900,6148.75,6150.75,6147.75,6150.75,5241
1737739200,6150.5,6154.5,6150.25,6153.75,7555
1737739500,6153.75,6154.5,6147.25,6148.5,10477
1737739800,6148.25,6150.25,6147.5,6149.75,7709
1737740100,6149.5,6150.25,6148,6148.25,5593
1737740400,6148,6149,6147,6148,6536
1737740700,6147.75,6149.25,6147,6147.25,5681
1737741000,6147.25,6148,6142.5,6145,13146
1737741300,6145,6145,6139.25,6141,17952
1737741600,6140.75,6143.25,6139.5,6141.5,13228
1737741900,6141.5,6142,6138.75,6139,9370
1737742200,6139,6140,6134.75,6139.25,17863
1737742500,6139,6141.25,6137.5,6139.25,11311
1737742800,6139.25,6141.25,6138.75,6140,7228
1737743100,6140.25,6140.5,6137.5,6138.5,8919
1737743400,6138.5,6141.75,6136.25,6136.5,10500
1737743700,6136.25,6139,6135.75,6138.25,8133
1737744000,6138.5,6138.5,6135.25,6135.5,7511
1737744300,6135.75,6137.75,6133.25,6135,14179
1737744600,6135.25,6136.25,6133.75,6134.25,8671
1737744900,6134,6134.5,6125.75,6128.25,22879
1737745200,6128.25,6132.5,6126.5,6127,14502
1737745500,6126.75,6128.5,6124,6125.25,13469
1737745800,6125,6127.75,6123.25,6125.75,15323
1737746100,6125.5,6128.75,6124.25,6124.75,10877
1737746400,6124.5,6128.5,6124.5,6127.75,10212
1737746700,6127.75,6132.25,6127.5,6128,13416
1737747000,6128.25,6130.25,6127,6127,9858
1737747300,6127,6129.5,6127,6128.25,6832
1737747600,6128.25,6129.5,6127.5,6128.5,7447
1737747900,6128.5,6131.25,6128.5,6130,6841
1737748200,6130,6133.25,6130,6132.5,9285
1737748500,6132.5,6132.75,6127.5,6127.75,12625
1737748800,6127.75,6132.25,6126.5,6131.75,14019
1737749100,6131.5,6132,6127.5,6128,7192
1737749400,6127.75,6130.5,6127.25,6130,6270
1737749700,6130,6130.5,6126.25,6126.5,6642
1737750000,6126.5,6128,6124.5,6127.5,8522
1737750300,6127.5,6128.25,6123.5,6124.5,9815
1737750600,6124.75,6128.25,6124,6124,12988
1737750900,6124.25,6125.5,6123.5,6124.25,9184
1737751200,6124.25,6126,6122,6125,13419
1737751500,6125,6126.5,6124.5,6125,12495
1737751800,6125,6130.25,6125,6129,23478
1737752100,6128.75,6135,6127.25,6132.75,71174
1737752400,6132.75,6133.5,6129.25,6132,26631
1737752700,6132,6132.5,6130.25,6130.5,5226
1737753000,6130.5,6130.75,6127.25,6129.25,4961
1737988200,5998,6030,5996.75,6025,90115
1737988500,6024.75,6036.25,6020.25,6034.75,48297
1737988800,6034.5,6035,6023.75,6027.25,35758
1737989100,6027.25,6034,6025.5,6031,29148
1737989400,6031.25,6037,6026.75,6033.25,29906
1737989700,6033,6037.75,6030,6037,22036
1737990000,6036.75,6038.25,6025.75,6027.25,29491
1737990300,6027.25,6034.5,6024.75,6028.25,28531
1737990600,6028.25,6032.75,6024.75,6028.25,26414
1737990900,6028.25,6031,6017.5,6019.75,32165
1737991200,6019.75,6034,6019.25,6033,30969
1737991500,6033,6043,6029.75,6041,32976
1737991800,6041,6046.5,6038,6046,31453
1737992100,6046,6047,6039.25,6043,25276
1737992400,6043,6048,6041.25,6045.75,20715
1737992700,6045.75,6046.75,6036,6038,22287
1737993000,6038,6043,6035.25,6042.5,20049
1737993300,6042.25,6044.25,6031.25,6031.75,17424
1737993600,6031.75,6033.5,6026.25,6028,19581
1737993900,6028,6029.5,6021,6022.25,20580
1737994200,6022.25,6027.75,6022.25,6025.5,19310
1737994500,6025.5,6030.5,6024.75,6026.75,14654
1737994800,6026.75,6028,6018.25,6019,16016
1737995100,6019.25,6019.5,6013.75,6016,19975
1737995400,6016,6017.75,6014,6016,18878
1737995700,6015.75,6022.5,6013.75,6014.5,23280
1737996000,6014.25,6018.5,6013.25,6018.25,17599
1737996300,6018,6028.75,6016.5,6024,21973
1737996600,6023.75,6026.25,6014.25,6015.25,17740
1737996900,6015.25,6025.25,6014.5,6019.25,18560
1737997200,6019.5,6029.25,6016.75,6026.25,20774
1737997500,6026,6027,6017,6019,14842
1737997800,6018.75,6026.25,6018.25,6022.5,12056
1737998100,6022.25,6026,6018.75,6019.5,10795
1737998400,6019.25,6021.25,6014.75,6019.25,14046
1737998700,6019.25,6031.75,6017.75,6027.75,19799
1737999000,6027.75,6031.5,6025.25,6030.75,15054
1737999300,6030.75,6033.5,6027.25,6029,13075
1737999600,6029.25,6030.25,6024.5,6028.5,12000
1737999900,6028.25,6028.5,6019.75,6020,10703
1738000200,6020,6020.25,6013.75,6015.5,16833
1738000500,6015.25,6017,6012.75,6013.25,15784
1738000800,6013.25,6017.75,6012.75,6015.25,13329
1738001100,6015,6019.25,6014,6015,10266
1738001400,6015,6018,6013.5,6015.5,8997
1738001700,6015.5,6018.25,6012.25,6015,10541
1738002000,6015,6017.75,6012.75,6013.75,10574
1738002300,6013.75,6017,6011.75,6012.75,8676
1738002600,6012.75,6023.25,6012,6019.75,17486
1738002900,6019.5,6025.75,6015.75,6016.75,11272
1738003200,6016.75,6026,6016.75,6024,11784
1738003500,6023.75,6024.5,6018.5,6019.5,9321
1738003800,6019.5,6023.75,6018,6021.5,9588
1738004100,6021.5,6022.25,6015.25,6017.5,9893
1738004400,6017.75,6025.5,6017.5,6023,11999
1738004700,6023.25,6023.75,6019.25,6020,10020
1738005000,6020.25,6025.25,6019.5,6022,9875
1738005300,6022,6031,6021.25,6030.5,11585
1738005600,6030.75,6032.25,6028,6031.25,11549
1738005900,6031.5,6043.25,6031,6041.75,24414
1738006200,6041.75,6041.75,6034,6037.75,18366
1738006500,6038,6039.5,6030.75,6036.25,15665
1738006800,6036.5,6037.75,6027.5,6028.5,11752
1738007100,6028.5,6029,6018.75,6019.5,16881
1738007400,6019.75,6021.75,6014.75,6020.25,20071
1738007700,6020.25,6025.75,6018,6021.75,13585
1738008000,6021.5,6027,6020.5,6024,13771
1738008300,6024,6025.75,6015.5,6024.5,21804
1738008600,6024.75,6028.5,6020.5,6022,13468
1738008900,6021.75,6028.25,6019.5,6026.25,15695
1738009200,6026.25,6032.75,6025,6031,15392
1738009500,6031,6033.5,6025.5,6026.75,16654
1738009800,6027,6030,6023.5,6025.75,18874
1738010100,6025.75,6032,6025.25,6030,19976
1738010400,6030.25,6035.75,6027.75,6035.25,20280
1738010700,6035.25,6037.75,6028.75,6033.25,25643
1738011000,6033.25,6035.75,6026.25,6032.25,32735
1738011300,6032.25,6048.75,6031.25,6046.75,114414
1738011600,6046.75,6056.5,6044.25,6054.5,43769
1738011900,6054.5,6054.5,6048,6049.5,9564
1738012200,6049.5,6051.5,6047.25,6050.25,6187
1738074600,6057.5,6059.5,6045,6047.5,37071
1738074900,6047.25,6048.5,6039,6042.25,27202
1738075200,6042.25,6044.5,6033.75,6035.25,24685
1738075500,6035.25,6039.5,6023.5,6029.25,42611
1738075800,6029,6038.25,6026,6038,29423
1738076100,6038.25,6040.75,6035,6039.75,17141
1738076400,6039.75,6056,6038.75,6055.5,29741
1738076700,6055.75,6057.75,6049.25,6050.75,23633
1738077000,6050.75,6060,6050.25,6059.25,21649
1738077300,6059.25,6061.75,6057.25,6061.25,17170
1738077600,6061.25,6071.25,6059.5,6071.25,21820
1738077900,6071.25,6079,6070.25,6075.75,25375
1738078200,6076,6076.5,6069.25,6070.75,26832
1738078500,6070.75,6077,6068.5,6075.25,19245
1738078800,6075.25,6076.75,6072,6075,16406
1738079100,6075,6078.25,6069,6077.75,18338
1738079400,6077.75,6078.5,6075.25,6075.5,16182
1738079700,6075.75,6082.25,6075.5,6081.75,15574
1738080000,6082,6086.25,6076.75,6081.75,25757
1738080300,6082,6084.25,6081.5,6084,10164
1738080600,6083.75,6087.25,6079.5,6081.25,16528
1738080900,6081.25,6083.75,6077.25,6078,16053
1738081200,6078,6079.25,6071,6071.5,19531
1738081500,6071.75,6072.25,6061.25,6065.25,27078
1738081800,6065.25,6068.5,6064.25,6067.75,17294
1738082100,6067.75,6070.25,6061.25,6070,18744
1738082400,6069.75,6070.75,6060.25,6067,18686
1738082700,6067,6072.75,6066,6072.5,12939
1738083000,6072.5,6072.75,6061.5,6071.75,21123
1738083300,6071.75,6077.25,6070.5,6077,10864
1738083600,6076.75,6079,6075,6078.75,13036
1738083900,6078.75,6086.75,6078.25,6085.75,16390
1738084200,6086,6088.25,6084.75,6086.5,15505
1738084500,6086.75,6090.5,6086,6088.75,11167
1738084800,6088.75,6090.5,6086.5,6089,12237
1738085100,6089.25,6089.75,6087,6088.25,13619
1738085400,6088.5,6090,6087.5,6089.25,9778
1738085700,6089.5,6090,6086.25,6088,9783
1738086000,6088.25,6088.75,6084.25,6087,12703
1738086300,6087.25,6088,6084.25,6087,8430
1738086600,6087,6089.5,6086,6089.25,7704
1738086900,6089.25,6092.5,6088.5,6090,12671
1738087200,6090,6094.75,6088.75,6094,10700
1738087500,6094,6097,6093.5,6094.5,11031
1738087800,6094.5,6097,6093.75,6096.75,7040
1738088100,6096.75,6099.25,6096.75,6099.25,10575
1738088400,6099,6099.25,6094,6095.75,10944
1738088700,6095.5,6096.25,6092,6093.5,8947
1738089000,6093.5,6096.25,6093,6095.75,6037
1738089300,6095.75,6096.25,6090.5,6091.5,9833
1738089600,6091.75,6091.75,6086.5,6090.25,17638
1738089900,6090.25,6091.5,6087.5,6091.25,9485
1738090200,6091.25,6093.5,6090.25,6090.5,8545
1738090500,6090.75,6091.75,6088,6089.25,9192
1738090800,6089.5,6090.75,6086.25,6086.5,8078
1738091100,6086.5,6088,6084.75,6085.25,10289
1738091400,6085.5,6086.5,6083.75,6085.5,9805
1738091700,6085.5,6090.5,6085,6089.25,9358
1738092000,6089.5,6092.25,6089,6090.75,7695
1738092300,6090.75,6093,6089.25,6091.75,9171
1738092600,6092,6096,6091.75,6095,6716
1738092900,6095,6097.75,6095,6096.75,8257
1738093200,6097,6100.5,6096.75,6099.5,10217
1738093500,6099.25,6103,6099.25,6101.75,11990
1738093800,6101.75,6103.25,6100.5,6103,9236
1738094100,6103,6104.25,6101.75,6103,9479
1738094400,6102.75,6103.25,6098.75,6100.5,14807
1738094700,6100.5,6101.25,6098.5,6100,8672
1738095000,6100,6102.25,6099,6101,10012
1738095300,6101.25,6104.75,6100.25,6104,8995
1738095600,6104.25,6105.5,6103.5,6104.25,8759
1738095900,6104,6104,6101.5,6102.25,10431
1738096200,6102.25,6103.75,6100.5,6102.25,10897
1738096500,6102.25,6102.5,6098.75,6100,12623
1738096800,6100.25,6103.75,6100,6103.5,11694
1738097100,6103.5,6104,6097,6098.5,16400
1738097400,6098.5,6103,6095.25,6102,27204
1738097700,6102.25,6102.25,6095.5,6096,67773
1738098000,6096,6096.25,6089.75,6092.25,31442
1738098300,6092,6093.25,6091.75,6092.75,6370
1738098600,6092.5,6092.75,6090.75,6092,4109
1738161000,6087.25,6090.5,6080.75,6082.75,28375
1738161300,6083,6085,6079.25,6083.5,18713
1738161600,6083.75,6085.5,6074.5,6077,22359
1738161900,6077,6082.5,6075,6078.25,14232
1738162200,6078,6085,6076.5,6083,16103
1738162500,6083,6086,6079.5,6083,13826
1738162800,6083.25,6088.25,6082,6085.5,15375
1738163100,6085.5,6091.25,6085.25,6089.75,14885
1738163400,6089.75,6090.5,6078,6083.5,19707
1738163700,6083.5,6085.75,6079.75,6083.5,14354
1738164000,6083.5,6088.5,6080.5,6084.5,12328
1738164300,6084.5,6085.5,6077.25,6079.5,13828
1738164600,6079.75,6082.75,6078,6081.5,10629
1738164900,6081.5,6083.25,6080.25,6081.75,9089
1738165200,6081.75,6085.25,6074.75,6077.5,13513
1738165500,6077.5,6079.75,6074.75,6079.75,10790
1738165800,6079.5,6082.75,6079.25,6081.75,9562
1738166100,6081.75,6081.75,6076.5,6078.25,8773
1738166400,6078.25,6082,6077.25,6080.5,8919
1738166700,6080.5,6080.5,6072.75,6076.25,17898
1738167000,6076.25,6078,6073.75,6076.75,10857
1738167300,6076.5,6077.5,6072,6075,13196
1738167600,6075,6077.25,6072.5,6077,8898
1738167900,6077,6078,6074.25,6074.5,7090
1738168200,6074.5,6077.5,6073.25,6077,7410
1738168500,6077,6079.5,6070.5,6071,12195
1738168800,6071,6076,6069.25,6075.75,11176
1738169100,6075.75,6078.5,6073.5,6078,9770
1738169400,6078,6079.75,6075.5,6078.75,8096
1738169700,6078.75,6078.75,6070.25,6072.75,9797
1738170000,6072.75,6080.5,6072,6080.25,11202
1738170300,6080.25,6082.5,6077.75,6079,10414
1738170600,6079.25,6081,6077,6078.75,6272
1738170900,6078.75,6082.5,6078.25,6081.5,5265
1738171200,6081.75,6084.25,6081.25,6082.75,7236
1738171500,6082.75,6084.5,6079.25,6080.75,6512
1738171800,6080.75,6083.25,6080.25,6080.5,6016
1738172100,6080.75,6081.75,6078.5,6078.75,4350
1738172400,6079,6080,6077.25,6077.75,5438
1738172700,6078,6078,6073.75,6075.25,8278
1738173000,6075.25,6075.25,6072.75,6073.25,6024
1738173300,6073.25,6074,6069.25,6070.75,9022
1738173600,6071,6073.5,6046.25,6050.25,50854
1738173900,6050.5,6067.25,6047.75,6066.75,32915
1738174200,6067,6070,6058.5,6066.25,19199
1738174500,6066.25,6068.5,6063.5,6064.75,11354
1738174800,6064.75,6067.5,6061.5,6067,11190
1738175100,6067,6073.75,6066.5,6073.5,13887
1738175400,6073.5,6076.75,6070.5,6071.5,12891
1738175700,6071.5,6073.75,6063.5,6065.25,9424
1738176000,6065.25,6068.5,6064.25,6065.75,7345
1738176300,6066,6072.75,6064.25,6071.5,7237
1738176600,6071.75,6072,6066.75,6069,8302
1738176900,6069,6069.25,6065.25,6065.25,4353
1738177200,6065.25,6065.75,6049.5,6053,29291
1738177500,6052.75,6059.5,6049.75,6055.25,20442
1738177800,6055.25,6056,6046.25,6050.5,18795
1738178100,6050.25,6053.5,6042.25,6047.25,17969
1738178400,6047.5,6051.5,6045.75,6048.25,15578
1738178700,6048.5,6049.25,6044,6044,8408
1738179000,6044,6062.75,6042.75,6056.25,27809
1738179300,6056.5,6067,6044.25,6065.75,35105
1738179600,6065.5,6081.75,6063.5,6076,45574
1738179900,6076,6083,6068,6074.5,22032
1738180200,6074.5,6083.5,6069.25,6079.5,18204
1738180500,6079.25,6080.5,6067.25,6073.5,21806
1738180800,6073.25,6077,6061.75,6063.5,19972
1738181100,6063.25,6071,6060.25,6068.5,19913
1738181400,6068.75,6076,6061.5,6068.25,24754
1738181700,6068,6070,6055.75,6065.25,18575
1738182000,6065.25,6082,6065,6080.75,21497
1738182300,6080.5,6087.5,6080.25,6083.75,20242
1738182600,6084.25,6087.5,6080.5,6082.75,14377
1738182900,6082.5,6082.75,6067.5,6068.5,21252
1738183200,6068.5,6075,6066.75,6070.5,18315
1738183500,6070.25,6072,6064.5,6069.75,15570
1738183800,6069.75,6073.5,6058,6068.75,24003
1738184100,6069,6074.75,6064.5,6068.25,63586
1738184400,6068.25,6076,6048.5,6057.5,34874
1738184700,6057.75,6061.5,6043.75,6059.75,14264
1738185000,6059.5,6066.75,6057.5,6065,9655
1738247400,6089.5,6093,6087,6087.25,32965
1738247700,6087,6096,6083.5,6095.25,23988
1738248000,6095,6097,6089.25,6094,23327
1738248300,6094,6107.75,6093,6107,28938
1738248600,6107.25,6109.75,6100.75,6105,28555
1738248900,6105.25,6109.5,6095.5,6099.25,26392
1738249200,6099.25,6100,6080.25,6088.25,42780
1738249500,6088,6089.5,6082.25,6086.5,21514
1738249800,6086.5,6091.5,6084.5,6086.75,16135
1738250100,6086.75,6087.75,6082.25,6084.25,14986
1738250400,6084.25,6089.5,6082.25,6089,13114
1738250700,6089,6089.25,6073.5,6075.75,18277
1738251000,6076,6079.25,6070,6079,24533
1738251300,6078.75,6087.75,6078.5,6086.75,17851
1738251600,6086.75,6088.5,6081.75,6082,12751
1738251900,6082.25,6086.25,6081.25,6083.25,10415
1738252200,6083,6083.75,6071.25,6072.25,18912
1738252500,6072.25,6072.5,6063.5,6064.25,21890
1738252800,6064.25,6068,6057.5,6065.75,27264
1738253100,6065.75,6068.5,6063,6063.25,12762
1738253400,6063.25,6067.25,6056.5,6057.25,16704
1738253700,6057.25,6065,6057.25,6064.5,14730
1738254000,6064.75,6073.75,6064.5,6073.5,13453
1738254300,6073.5,6079,6072.25,6079,18450
1738254600,6079,6081.5,6074.25,6075.5,15498
1738254900,6075.5,6081,6072.25,6080.5,12152
1738255200,6080.75,6081.75,6079,6081.25,9362
1738255500,6081.25,6082.75,6080,6082.5,6852
1738255800,6082.25,6090.75,6082.25,6089.25,15512
1738256100,6089.25,6093.25,6087,6090.5,16687
1738256400,6090.25,6090.5,6085.25,6087.75,14949
1738256700,6088,6089.5,6083.5,6087,11921
1738257000,6087.25,6088.25,6079.5,6080.5,11886
1738257300,6080.25,6081.5,6074.5,6077.25,17091
1738257600,6077.25,6081,6076,6077,8310
1738257900,6077,6078.5,6070.25,6073,12689
1738258200,6073.25,6076,6071,6075.25,12019
1738258500,6075,6077.5,6073.75,6076.75,9630
1738258800,6076.75,6081.75,6073.5,6075.25,11639
1738259100,6075.25,6079.75,6074.25,6078.75,8222
1738259400,6078.5,6082,6078.25,6081.75,5852
1738259700,6081.5,6083.25,6080,6083,6842
1738260000,6083.25,6084.75,6081.5,6084.25,11062
1738260300,6084.25,6089.5,6082.75,6087.75,8454
1738260600,6088,6088.5,6085,6087.5,9806
1738260900,6087.75,6089.25,6087.25,6088.25,6268
1738261200,6088.25,6092.75,6087.25,6092.25,9078
1738261500,6092,6093.25,6086.75,6089.75,11772
1738261800,6089.75,6095.75,6089.25,6095.25,10061
1738262100,6095.25,6100,6094.5,6099.25,10704
1738262400,6099.25,6100.75,6096.75,6097,10933
1738262700,6097.25,6100.75,6097.25,6099.25,7668
1738263000,6099.25,6100.25,6097.5,6098.75,6849
1738263300,6099,6101,6096.5,6100,8092
1738263600,6100,6100,6095.75,6096.5,10098
1738263900,6096.5,6099.75,6096.5,6098.75,7929
1738264200,6099,6102.75,6098.75,6101.25,9274
1738264500,6101.25,6102,6099.25,6100,7932
1738264800,6100,6102,6098.5,6100,6644
1738265100,6100,6100.5,6098,6099.75,8325
1738265400,6099.5,6100,6096,6096.5,10435
1738265700,6096.5,6099,6096.25,6098.75,7610
1738266000,6098.75,6099.25,6097,6098.75,6560
1738266300,6098.75,6102,6098,6101.5,7676
1738266600,6101.75,6103,6100.5,6103,6934
1738266900,6102.75,6107.25,6102.25,6107,11949
1738267200,6106.75,6112.5,6106,6111,15415
1738267500,6111,6111.5,6106.25,6110,10118
1738267800,6110.25,6111.5,6109.5,6111,6246
1738268100,6111,6113.75,6110.25,6113.75,9672
1738268400,6113.5,6116.25,6113,6115.75,10512
1738268700,6115.5,6116,6112.25,6113.25,10180
1738269000,6113,6113.5,6109.75,6113.25,11427
1738269300,6113.25,6113.25,6085.5,6086.5,61151
1738269600,6086.25,6088.25,6068.75,6072,67783
1738269900,6071.75,6090.75,6067.75,6088.5,49642
1738270200,6088.25,6099.5,6083.5,6099,42176
1738270500,6099,6106.25,6095.5,6099.25,80472
1738270800,6099.25,6106,6097.5,6101.5,23331
1738271100,6102,6107,6099.5,6100,11134
1738271400,6100,6102.25,6088.5,6096.5,10543
1738333800,6122.5,6126.75,6119.5,6121.75,32497
1738334100,6122,6126,6118.25,6124.25,19991
1738334400,6124.5,6127.5,6122.75,6125.25,12312
1738334700,6125.5,6127.75,6122.5,6123.25,16363
1738335000,6123,6128.25,6121,6127.25,16928
1738335300,6127.25,6129.25,6124.25,6129,12246
1738335600,6128.75,6135.75,6127.75,6134.5,27737
1738335900,6134.75,6136,6130.25,6134.5,18466
1738336200,6134.5,6137.5,6132.5,6135.75,18391
1738336500,6136,6136.75,6134.5,6135.75,9246
1738336800,6135.75,6138.25,6130.75,6137,15990
1738337100,6137.25,6138,6135.75,6137.5,9728
1738337400,6137.5,6143.5,6137.25,6143,19309
1738337700,6143,6143.5,6140,6142.75,15629
1738338000,6142.75,6143,6138,6138,15026
1738338300,6138,6143,6136.5,6142.5,12930
1738338600,6142.75,6143.5,6140,6140.75,11634
1738338900,6140.75,6144.25,6140.5,6142.5,11319
1738339200,6142.5,6146.25,6142.5,6144.5,12506
1738339500,6144.5,6146.75,6143.75,6146.5,9658
1738339800,6146.5,6147.75,6146,6146.25,10531
1738340100,6146.5,6146.75,6143,6144.75,11145
1738340400,6144.75,6144.75,6141.25,6143,11510
1738340700,6143,6143.5,6138.75,6139.25,15097
1738341000,6139,6142.25,6137.75,6139.75,13800
1738341300,6139.75,6140.75,6136,6137.5,13063
1738341600,6137.5,6138.75,6134.75,6137.25,12089
1738341900,6137.25,6137.75,6135.25,6137.75,9151
1738342200,6137.75,6138,6133.25,6137.25,12040
1738342500,6137.25,6137.5,6135.25,6137,7497
1738342800,6137,6138.25,6134.75,6135,8962
1738343100,6135.25,6136.25,6127.75,6136.25,32283
1738343400,6136.25,6137.75,6130.5,6136.75,22064
1738343700,6137,6138.25,6132.25,6135.5,13327
1738344000,6135.75,6142,6134.75,6141.5,10788
1738344300,6141.75,6143.5,6140.5,6143.25,8195
1738344600,6143.5,6145.5,6141.25,6141.5,12018
1738344900,6141.75,6143.5,6141,6141.25,5351
1738345200,6141.5,6142.75,6139.75,6140.25,6965
1738345500,6140.5,6141.5,6138.5,6140.5,6858
1738345800,6140.5,6143.25,6139.5,6141.75,7979
1738346100,6141.75,6141.75,6137,6139,9279
1738346400,6139,6140.5,6137,6140.25,7293
1738346700,6140.25,6141.5,6139,6139,4962
1738347000,6139.25,6140.75,6138.25,6138.5,4839
1738347300,6138.75,6140,6124,6125.5,24410
1738347600,6125.5,6131.25,6120.5,6124.5,52498
1738347900,6124.5,6124.75,6114.75,6116.25,35247
1738348200,6116,6118,6099.5,6099.75,42087
1738348500,6099.5,6107.75,6095.75,6105.75,42512
1738348800,6105.5,6114,6101.5,6107.25,30035
1738349100,6107.25,6112.5,6104.5,6109.25,19478
1738349400,6109.25,6111.25,6097,6103.25,21215
1738349700,6103,6106.75,6099,6101.75,14605
1738350000,6101.5,6106.75,6094.5,6098.25,24422
1738350300,6098,6098.75,6080.75,6085.75,38983
1738350600,6085.5,6100,6085.25,6096,24064
1738350900,6095.75,6100.5,6086.5,6089.25,20739
1738351200,6089.25,6093.25,6084,6092.25,18152
1738351500,6092.25,6094.25,6088,6092.5,14840
1738351800,6092.5,6099,6092,6098,16464
1738352100,6098,6098.75,6083.5,6084.25,21814
1738352400,6084.25,6087.75,6073.5,6075.5,23946
1738352700,6075.5,6078,6066.75,6077,31864
1738353000,6077,6085,6073.75,6082.75,23880
1738353300,6082.5,6088.25,6081.25,6083.5,21858
1738353600,6083.5,6083.5,6063.75,6064.25,29154
1738353900,6064.25,6070.5,6062,6063,21535
1738354200,6063,6070.75,6062,6065.25,23119
1738354500,6065.25,6072.25,6064.25,6069.75,21395
1738354800,6069.5,6070,6062,6068.5,18860
1738355100,6068.5,6071.5,6061,6064,19122
1738355400,6064.25,6069.5,6061.5,6066.5,23584
1738355700,6066.25,6069,6058.25,6060.5,17735
1738356000,6060.5,6066.25,6057.75,6059.75,20769
1738356300,6060,6075,6059.75,6072.25,20670
1738356600,6072,6080.25,6063,6067.25,51168
1738356900,6067.25,6071.5,6064.25,6064.75,102063
1738357200,6064.75,6069,6057.75,6067,38590
1738357500,6067,6069,6060.5,6065.25,13285
1738357800,6065,6065.75,6060.25,6063.75,9672
1738593000,5972.25,5987.25,5964.75,5981,66102
1738593300,5981,5989.5,5974.75,5988.5,35557
1738593600,5988.5,5988.75,5978.25,5979.5,27904
1738593900,5979.5,5981.75,5969.75,5972.5,37887
1738594200,5972.5,5976.25,5961.25,5965.25,34348
1738594500,5965,5975.5,5961.5,5965.25,26336
1738594800,5965.25,5968,5957,5960.25,42500
1738595100,5960,5969,5958.25,5965.75,33963
1738595400,5965.75,5966,5955,5956,32826
1738595700,5956.25,5957.75,5950.5,5951,29334
1738596000,5950.75,6001.5,5950.25,5997.5,88997
1738596300,5997.25,6011.5,5989.25,6009.25,65360
1738596600,6009.25,6016.5,6002.25,6013.25,50602
1738596900,6013.25,6020.5,6004.75,6012.5,37797
1738597200,6012.25,6032,6007,6027.25,47732
1738597500,6027,6028,6014.5,6020.25,31714
1738597800,6020.5,6028.5,6018.5,6020.75,23532
1738598100,6020.75,6029.75,6018,6025,22240
1738598400,6024.75,6032.75,6013.5,6021.75,40599
1738598700,6022,6025.5,6003.25,6022.75,39987
1738599000,6022.75,6031,6022.75,6027.5,20207
1738599300,6027.75,6033.75,6024.5,6032.5,18596
1738599600,6032.75,6038.5,6030.25,6032.5,19742
1738599900,6032.5,6034.25,6021.25,6024.75,17543
1738600200,6025,6032,6018,6030.75,15861
1738600500,6030.75,6033.5,6027.75,6033.25,11408
1738600800,6033.25,6035,6024.25,6033.25,12458
1738601100,6033.25,6036,6025.25,6026.75,13225
1738601400,6026.5,6036.25,6026,6031.5,10527
1738601700,6031.5,6031.5,6014.75,6019,22308
1738602000,6018.75,6022.75,6013.5,6017.5,18212
1738602300,6017.5,6021.25,6012.5,6020.25,13543
1738602600,6020.25,6022.25,6012.5,6018,11494
1738602900,6017.75,6020.25,6014.75,6020,7597
1738603200,6020.25,6031,6019.75,6030.75,11762
1738603500,6030.75,6033,6019.5,6020.25,12668
1738603800,6020,6022,6014,6014.75,14420
1738604100,6014.75,6017.25,6009.5,6013,12708
1738604400,6013.25,6014,6009.25,6010.75,12553
1738604700,6011,6017,6009.75,6013.75,13467
1738605000,6014,6027,6013.5,6024.5,17014
1738605300,6024.25,6025,6003.75,6019.25,48622
1738605600,6019.5,6022.25,6006.25,6020.5,17926
1738605900,6020.25,6024.25,6010,6012.75,15879
1738606200,6012.75,6025,6010,6021.25,12454
1738606500,6021.5,6025.75,6017.25,6019.75,9618
1738606800,6019.75,6024,6018,6021.25,8930
1738607100,6021.5,6028.5,6020,6024,12223
1738607400,6024.25,6030.5,6022.5,6029.5,9498
1738607700,6029.5,6032,6024,6027.75,9236
1738608000,6028,6029.25,6020,6024,8392
1738608300,6024.25,6032.75,6024.25,6030.75,7520
1738608600,6030.75,6035.25,6030.75,6033.75,6651
1738608900,6034,6036.25,6032.75,6034.25,6723
1738609200,6034.25,6038,6032,6034.5,10358
1738609500,6034.5,6038,6031.25,6036.75,7063
1738609800,6037,6043.25,6036.75,6042.25,11660
1738610100,6042.5,6046.5,6042,6045.25,10673
1738610400,6045.25,6046.25,6042.25,6045.25,6891
1738610700,6045,6045.75,6040.5,6041,7331
1738611000,6041,6045,6040,6043.5,7618
1738611300,6043.5,6043.5,6038.75,6041.25,6981
1738611600,6041.25,6046.25,6039.25,6045.25,7288
1738611900,6045.25,6049.25,6045,6047.5,8276
1738612200,6047.75,6048.75,6044.5,6045.5,7476
1738612500,6045.5,6046.75,6040.5,6043.25,8292
1738612800,6043.25,6046.75,6040.25,6045.5,8137
1738613100,6045.75,6045.75,6038.75,6040.25,8964
1738613400,6040,6041,6035.5,6036.5,8984
1738613700,6036.25,6041,6034.75,6041,8931
1738614000,6040.75,6042.75,6037.75,6040,7286
1738614300,6040,6040,6030,6031.5,10351
1738614600,6031.5,6034.5,6027.25,6032.5,14295
1738614900,6032.5,6036.75,6029.5,6032,9795
1738615200,6032,6035,6027,6028.75,11252
1738615500,6028.75,6031.25,6025.25,6030.75,13164
1738615800,6031,6034.25,6028,6028.75,20742
1738616100,6028.5,6028.75,6020,6023,76919
1738616400,6023.25,6026.5,6020.5,6025.5,25895
1738616700,6025.5,6030.5,6025,6025.25,11642
1738617000,6025.25,6026.75,6023.5,6023.75,5350
1738679400,6023.5,6027.25,6018,6025.25,34887
1738679700,6025.25,6030.75,6024,6028.25,20191
1738680000,6028.25,6030.75,6023.25,6027.5,17852
1738680300,6027.5,6029.75,6024.5,6027.5,11675
1738680600,6027.75,6035.5,6025.75,6034.75,18734
1738680900,6034.75,6037.75,6032,6035,14463
1738681200,6035,6044.75,6034.25,6043.5,24290
1738681500,6043.25,6052.25,6041,6050.5,21313
1738681800,6050.5,6054.75,6048.5,6049.75,28894
1738682100,6049.5,6057,6049.25,6056.25,19819
1738682400,6056.25,6056.75,6049.5,6052.5,15900
1738682700,6052.25,6054.75,6050,6051,13466
1738683000,6051,6055,6046.5,6052.5,17227
1738683300,6052.5,6057,6049.5,6055.75,11071
1738683600,6055.75,6058.25,6054.5,6055.5,11270
1738683900,6055.25,6056,6050,6054,11997
1738684200,6054,6055,6049,6053.75,10521
1738684500,6053.75,6054.75,6047,6049.25,9950
1738684800,6049.25,6057.75,6049.25,6057.25,12456
1738685100,6057.25,6060,6056,6058.75,11601
1738685400,6058.75,6059.75,6057.25,6059,7076
1738685700,6059,6061,6058.5,6059.5,8872
1738686000,6059.5,6061.5,6057.5,6060.25,10966
1738686300,6060,6066,6059.5,6065.25,11709
1738686600,6065.25,6066.75,6061.75,6063,13280
1738686900,6062.75,6065.5,6062.25,6065.5,6626
1738687200,6065.5,6066.25,6059,6060.75,10509
1738687500,6060.75,6061.5,6055.75,6056,11235
1738687800,6056.25,6059.25,6053.5,6058.75,12614
1738688100,6058.75,6060,6054.25,6059.5,10038
1738688400,6059.5,6062.25,6058.25,6061,6763
1738688700,6061.25,6061.75,6058.25,6058.5,7212
1738689000,6058.75,6062.25,6057.75,6060.75,5945
1738689300,6061,6062,6048.25,6051.25,30956
1738689600,6051.25,6053.5,6046,6051.25,15037
1738689900,6051.25,6051.5,6042,6043.25,14096
1738690200,6043.25,6046,6039.25,6043.25,15021
1738690500,6043,6049.25,6042.75,6046.75,15160
1738690800,6046.5,6050.5,6044.75,6049.75,8730
1738691100,6049.5,6050.5,6046.5,6048,7262
1738691400,6048,6052,6048,6050.25,9478
1738691700,6050.25,6055.75,6049.75,6055.25,9503
1738692000,6055.5,6056,6049.5,6049.75,8556
1738692300,6049.75,6050.25,6046.25,6049.25,9350
1738692600,6049.5,6053.75,6048.75,6052.25,6481
1738692900,6052.5,6054.5,6052,6053.75,4740
1738693200,6054,6057,6052,6056.75,6979
1738693500,6057,6058,6055.5,6056.75,6854
1738693800,6056.5,6058,6056.25,6057.5,6355
1738694100,6057.5,6057.5,6053.75,6054,7027
1738694400,6054.25,6056,6054,6055,4161
1738694700,6055.25,6056.5,6054.75,6056,4169
1738695000,6056,6057.75,6054,6055.5,7164
1738695300,6055.5,6056.75,6052.5,6052.75,6172
1738695600,6052.5,6058,6051,6057.25,9720
1738695900,6057.5,6061.25,6057,6060.75,9827
1738696200,6060.75,6063.5,6060.75,6062.25,8432
1738696500,6062.5,6064,6061.75,6064,5644
1738696800,6063.75,6067,6062.75,6064.5,9587
1738697100,6064.25,6064.75,6062.5,6064.5,5280
1738697400,6064.5,6067.5,6064.5,6066.5,8728
1738697700,6066.5,6068.75,6065.25,6066,8250
1738698000,6066,6067,6063.75,6065.75,7192
1738698300,6065.5,6066.75,6062.75,6064,7282
1738698600,6063.75,6065,6062,6064.5,6964
1738698900,6064.5,6065.25,6053.75,6060.25,24678
1738699200,6060,6061.25,6057.5,6060,14198
1738699500,6060,6062.75,6059.5,6061.5,8823
1738699800,6061.75,6064.75,6061.5,6063.75,8878
1738700100,6063.75,6064.5,6060.25,6062,7848
1738700400,6062,6062.5,6057.25,6058.25,10199
1738700700,6058.25,6059.25,6055.5,6056.25,8885
1738701000,6056,6059.75,6055,6058.75,10159
1738701300,6058.5,6064,6058,6063.75,8056
1738701600,6063.5,6064.5,6060.5,6061.5,7016
1738701900,6061.25,6061.75,6058.5,6059.75,11900
1738702200,6059.75,6065.5,6057.25,6064.5,17118
1738702500,6064.5,6067.75,6061.5,6062.5,53513
1738702800,6062.75,6066.5,6048.75,6051.75,32417
1738703100,6051.25,6057.75,6051.25,6055.25,7815
1738703400,6055.5,6055.75,6050.5,6051,4835
1738765800,6051,6051.75,6046.25,6048.75,28266
1738766100,6048.75,6055.5,6048.25,6054,19396
1738766400,6054.25,6055.25,6051.75,6053,12335
1738766700,6053.25,6055,6050.5,6051.5,10446
1738767000,6051.5,6052.75,6044.5,6046,20420
1738767300,6046,6046.75,6038.75,6044.75,17667
1738767600,6045.25,6055,6029.5,6031.5,38469
1738767900,6031.5,6038.75,6030.25,6038.5,26350
1738768200,6038.5,6043.75,6033.75,6043.75,21525
1738768500,6043.5,6044.5,6036.25,6040.75,16373
1738768800,6040.75,6046.75,6037.25,6046,16569
1738769100,6045.75,6050.75,6045.75,6050.25,16106
1738769400,6050.5,6050.75,6042,6049.25,17832
1738769700,6049.5,6053.5,6048.25,6052.75,12118
1738770000,6053,6054.25,6050.25,6052,11988
1738770300,6052.25,6053,6047.25,6048.75,11539
1738770600,6048.75,6051.5,6046.5,6051.5,10637
1738770900,6051.5,6053.5,6048,6050,9690
1738771200,6050,6052.75,6047.25,6051,10766
1738771500,6051.25,6058.25,6050.5,6057.25,11533
1738771800,6057.25,6058.5,6052.25,6054,12342
1738772100,6053.75,6055.25,6046.5,6048.75,13926
1738772400,6048.75,6049,6045.25,6048.75,9801
1738772700,6048.75,6057,6047.25,6057,10427
1738773000,6057,6059,6055.5,6058.75,12795
1738773300,6058.75,6061.75,6058,6060.75,12991
1738773600,6060.75,6063.25,6058.25,6063,11180
1738773900,6063,6067,6061.25,6065.5,13255
1738774200,6065.75,6073.5,6065.75,6071.75,24470
1738774500,6071.75,6072.5,6068.25,6071.25,16544
1738774800,6071.5,6075,6070.75,6074.25,13026
1738775100,6074.25,6076.75,6073,6075,11463
1738775400,6075,6076.25,6072.75,6073.75,9250
1738775700,6074,6074,6070.75,6072.5,11118
1738776000,6072.25,6072.25,6067.5,6070.5,10653
1738776300,6070.25,6072,6069.25,6069.75,6602
1738776600,6069.5,6071.5,6069,6069.5,6469
1738776900,6069.75,6072.25,6068.25,6069.5,6213
1738777200,6069.5,6070.75,6068.25,6070.5,5330
1738777500,6070.5,6073.25,6070,6072.5,7247
1738777800,6072.5,6073,6067.75,6072.75,8846
1738778100,6072.75,6072.75,6070,6071.25,5659
1738778400,6071.25,6073.75,6071.25,6072.5,4994
1738778700,6072.75,6073.25,6070.25,6071,5705
1738779000,6071.25,6072,6068.75,6072,6646
1738779300,6072,6073.5,6070.25,6073.25,5113
1738779600,6073,6073.25,6071,6071.5,3965
1738779900,6071.25,6071.25,6066.5,6070.5,9610
1738780200,6070.25,6073,6068.75,6073,7668
1738780500,6072.75,6076.75,6072.25,6076.25,8557
1738780800,6076.25,6078.75,6074,6075.75,10041
1738781100,6075.75,6076.25,6074.5,6076,6220
1738781400,6075.75,6076.5,6072.25,6074,7634
1738781700,6073.75,6075,6071.25,6074,7461
1738782000,6074,6076.75,6073.75,6075.75,4680
1738782300,6075.75,6081.5,6075.5,6080,9128
1738782600,6080.25,6081.5,6077.75,6079.5,7377
1738782900,6079.5,6080,6078,6078.5,4210
1738783200,6078.75,6079.5,6077.75,6079.5,4204
1738783500,6079.25,6079.5,6077,6077.75,4129
1738783800,6077.75,6078.5,6076,6077,6160
1738784100,6077.25,6078.5,6075.75,6078,6091
1738784400,6078,6079.25,6076.25,6076.25,5305
1738784700,6076.25,6077,6075,6076.75,5039
1738785000,6076.5,6076.75,6073.5,6074.25,4622
1738785300,6074.5,6076,6073.75,6075.75,5498
1738785600,6075.5,6078.75,6075.25,6077.25,7469
1738785900,6077.5,6078.5,6075.25,6078.25,5838
1738786200,6078,6079,6077.75,6078.75,5250
1738786500,6078.75,6082.25,6078.5,6081.75,7901
1738786800,6081.5,6084.5,6081.5,6084.5,10352
1738787100,6084.25,6084.5,6081,6082.25,8484
1738787400,6082,6083.25,6080.25,6081.25,8137
1738787700,6081,6082,6078.75,6079.75,9118
1738788000,6079.75,6080,6073.75,6075,11934
1738788300,6074.75,6078,6074.25,6076,13813
1738788600,6075.75,6080.5,6073.5,6079.5,19138
1738788900,6079.5,6088.5,6079.25,6086,68857
1738789200,6086,6088.5,6083.75,6085.25,25778
1738789500,6085,6086.5,6084.25,6085.75,4363
1738789800,6085.75,6089.25,6085.5,6088.5,5266
1738852200,6103.75,6104.5,6097.75,6100,31302
1738852500,6100,6100.25,6095,6096,17055
1738852800,6096.25,6100.5,6095.5,6100.5,16419
1738853100,6100.5,6105,6100,6100.5,17552
1738853400,6100.75,6102,6098.25,6099.5,12818
1738853700,6099.25,6099.25,6093.25,6096,17733
1738854000,6096.25,6097,6093.5,6094.25,13706
1738854300,6094.5,6100,6093.5,6099,13947
1738854600,6099,6102,6098.25,6101,12414
1738854900,6101.25,6103.25,6100.25,6100.5,10917
1738855200,6100.5,6102.5,6094,6094.75,15378
1738855500,6094.75,6095.5,6092,6093.25,16645
1738855800,6093,6096.25,6091,6094.5,15448
1738856100,6094.5,6101.75,6087.5,6088.25,23561
1738856400,6088.25,6097.75,6087.75,6091.25,20663
1738856700,6091,6091.5,6085.25,6088.5,17500
1738857000,6088.5,6092.75,6088,6091.75,15800
1738857300,6091.75,6093.25,6089,6090.25,8457
1738857600,6090,6094,6089.25,6092.75,9303
1738857900,6092.75,6095.5,6091.5,6095.25,7375
1738858200,6095.25,6100,6095,6099.75,12780
1738858500,6099.75,6100.5,6098.25,6100.25,6514
1738858800,6100.25,6101,6097.75,6100.5,7050
1738859100,6100.5,6101,6099,6099.25,7419
1738859400,6099.25,6099.75,6096.75,6097.5,7968
1738859700,6097.5,6098.75,6093.5,6095.75,10050
1738860000,6095.5,6095.75,6093.75,6094.25,7685
1738860300,6094.25,6096.25,6091.25,6095.75,9206
1738860600,6095.75,6099,6095.25,6097.75,8370
1738860900,6097.75,6098.5,6093.75,6095,7347
1738861200,6095.25,6095.75,6091.25,6095.25,9580
1738861500,6095,6095.25,6092.75,6093.75,4914
1738861800,6094,6094.25,6091.5,6092,4657
1738862100,6092,6097.25,6091.25,6097,6159
1738862400,6097,6100.5,6097,6099.5,6962
1738862700,6099.75,6100,6094.75,6095.25,5642
1738863000,6095.5,6095.75,6092.5,6095.5,6472
1738863300,6095.5,6097.5,6095.25,6096.25,4247
1738863600,6096.5,6097.25,6095.75,6097,2319
1738863900,6097,6098.5,6096,6098.25,3069
1738864200,6098.5,6100.75,6098.25,6100.5,4939
1738864500,6100.5,6101.75,6099.5,6100.25,6122
1738864800,6100.25,6102.75,6100,6102.5,6914
1738865100,6102.5,6104,6097.75,6099.75,10876
1738865400,6100,6102.25,6096.75,6098.75,12160
1738865700,6098.75,6102.5,6097,6100.25,10285
1738866000,6100.5,6101.75,6099,6101.25,4195
1738866300,6101.25,6101.25,6098,6099.75,5108
1738866600,6099.75,6102,6099.5,6100.5,4612
1738866900,6100.25,6100.75,6096.5,6097.25,5838
1738867200,6097,6101,6095.25,6097.75,10016
1738867500,6097.75,6098.5,6095.25,6098.25,6153
1738867800,6098,6098.25,6095.25,6095.5,4567
1738868100,6095.25,6096.75,6094.25,6095.5,4997
1738868400,6095.25,6097.75,6093.5,6096.75,7538
1738868700,6096.5,6098,6095.75,6097.75,3918
1738869000,6097.5,6098.5,6095.25,6095.75,3868
1738869300,6095.75,6098,6094.25,6095.75,5300
1738869600,6096,6096.25,6094.5,6094.75,3652
1738869900,6094.75,6095,6087.25,6089.25,14847
1738870200,6089.5,6089.75,6070,6074,40941
1738870500,6074,6081,6072,6079.25,22508
1738870800,6079.25,6080.75,6075,6077.25,14610
1738871100,6077.25,6084.25,6076.25,6083.75,11499
1738871400,6083.5,6086.75,6083.25,6085,12139
1738871700,6085,6086,6079.25,6081,11865
1738872000,6080.75,6082.25,6078.75,6081,9692
1738872300,6081,6084.5,6080.5,6084,7901
1738872600,6083.75,6085.75,6083.25,6085.75,6647
1738872900,6085.5,6090.75,6085.5,6088.25,12485
1738873200,6088.25,6090.75,6087.25,6090.25,7153
1738873500,6090.25,6092,6090.25,6091.25,7297
1738873800,6091.25,6093.5,6090.5,6091.5,9694
1738874100,6091.5,6093,6089.5,6092.5,8135
1738874400,6092.5,6094.5,6091.75,6094,8820
1738874700,6094,6099,6093.75,6097.75,11927
1738875000,6097.75,6106,6097.75,6105.25,30685
1738875300,6105.25,6108.5,6102.75,6107,68587
1738875600,6107.25,6107.75,6075.25,6095.75,39933
1738875900,6095.75,6096.25,6090.5,6093.25,8864
1738876200,6093.25,6096.25,6093.25,6094,4017
1738938600,6110.5,6116.5,6107.25,6113.75,27162
1738938900,6114,6115.25,6109,6114.75,19986
1738939200,6114.75,6119.5,6114,6117,16818
1738939500,6117.25,6121.75,6116.75,6120.5,14964
1738939800,6120.5,6123.25,6119,6121.5,14981
1738940100,6121.5,6121.75,6117,6120,14680
1738940400,6120.5,6120.5,6085.75,6089.25,59767
1738940700,6089.25,6099,6084.75,6097.5,35743
1738941000,6097.5,6098.25,6078.75,6084.25,40595
1738941300,6084.25,6090.75,6079.5,6088.5,27164
1738941600,6088.5,6094.25,6082,6092.25,22136
1738941900,6092.25,6095.25,6087,6087,16808
1738942200,6087,6090,6083.75,6089,17063
1738942500,6088.75,6096.75,6087,6089,17882
1738942800,6089,6093.75,6084.25,6086,13946
1738943100,6086,6090.5,6081.5,6089.5,15564
1738943400,6089.5,6095.5,6052.5,6058.75,52998
1738943700,6059,6076,6056.75,6075.5,41082
1738944000,6075.75,6076.75,6056.75,6062,29427
1738944300,6062,6077.75,6056.25,6075.75,25488
1738944600,6075.75,6076.75,6064.25,6065.75,19529
1738944900,6066,6086.5,6063.75,6077.5,30043
1738945200,6077.5,6085.75,6070,6071.75,25156
1738945500,6071.75,6074.5,6060,6061,21269
1738945800,6061.25,6070,6061,6067.5,19105
1738946100,6067.25,6069,6059.5,6062.5,14584
1738946400,6062.75,6068.5,6058,6061.25,16967
1738946700,6061.5,6063.75,6055.5,6059.25,24825
1738947000,6059.25,6062.25,6053.75,6057.25,18997
1738947300,6057.5,6067.5,6055.75,6056.75,28540
1738947600,6056.75,6057.5,6051.25,6054.25,21703
1738947900,6054.25,6067.75,6048.25,6064.5,41100
1738948200,6064.5,6067.75,6056.5,6066.5,19952
1738948500,6066.25,6067.25,6046.5,6055.25,40607
1738948800,6055.25,6066.25,6051.25,6054.75,32990
1738949100,6054.75,6061,6053,6057.25,12349
1738949400,6057,6063,6053.75,6056.5,13809
1738949700,6056.75,6064.75,6055.75,6063.5,10849
1738950000,6063.5,6065.5,6060.25,6063,9079
1738950300,6063,6068,6062.25,6066.25,7628
1738950600,6066.25,6069.5,6060.75,6065.25,11212
1738950900,6065.25,6067.75,6061.5,6062.25,7061
1738951200,6062.25,6070.75,6061.25,6068.75,10723
1738951500,6068.75,6077.5,6068.75,6074.5,14259
1738951800,6074.75,6077,6072.75,6075.75,6874
1738952100,6075.75,6078.5,6075.25,6076.75,9156
1738952400,6076.5,6076.75,6071.25,6074,9434
1738952700,6073.75,6075.75,6072.25,6074.5,6318
1738953000,6074.25,6076.5,6073.25,6076.25,5624
1738953300,6076.25,6077.5,6075.25,6076.75,4746
1738953600,6076.75,6077,6061.5,6064.25,18018
1738953900,6064.5,6064.75,6058,6061.25,14069
1738954200,6061.5,6063,6056.5,6058.25,11505
1738954500,6058.5,6059.25,6051.75,6053.25,12819
1738954800,6053.25,6056.75,6051.75,6056,11678
1738955100,6055.75,6056.75,6050.5,6053.5,9608
1738955400,6053.25,6054.75,6047.25,6050.25,11061
1738955700,6050,6053,6048.5,6049.75,8659
1738956000,6049.5,6051.25,6044.75,6049.5,15874
1738956300,6049.25,6051.5,6046.25,6046.75,8926
1738956600,6046.75,6051,6043.75,6050.75,16601
1738956900,6050.75,6053.75,6048.25,6053,8287
1738957200,6052.75,6056,6050.25,6054.75,12529
1738957500,6054.75,6056.25,6050.75,6055.75,8709
1738957800,6055.75,6056.75,6051.5,6053,7843
1738958100,6053.25,6054.5,6050.5,6052,5280
1738958400,6051.75,6051.75,6045.5,6046.5,12972
1738958700,6046.5,6050.5,6046.25,6048,8634
1738959000,6048,6049.75,6043.25,6044.25,10312
1738959300,6044.25,6047,6041.25,6046.5,12768
1738959600,6046.5,6048.75,6044.25,6046,8738
1738959900,6046,6047.5,6044.5,6044.75,6810
1738960200,6044.75,6051.5,6044.5,6051.25,14597
1738960500,6051,6052.25,6045.75,6047.5,11343
1738960800,6047.5,6050.5,6047,6047.75,9219
1738961100,6048,6050.25,6046.75,6048.75,10874
1738961400,6048.75,6053.75,6048.75,6051.5,20307
1738961700,6051.5,6051.5,6046.25,6049.25,64593
1738962000,6049.5,6054.25,6049,6050.25,27968
1738962300,6050.25,6052.5,6049.75,6051,5114
1738962600,6051.25,6052.5,6050.5,6051.25,3834
1739197800,6080.75,6082,6074.75,6075.5,28280
1739198100,6075.5,6077,6069.25,6071.75,19490
1739198400,6072,6072.25,6067.75,6071.5,18158
1739198700,6071.5,6075,6069.75,6070,18809
1739199000,6070.25,6075.5,6068.75,6074.5,16014
1739199300,6074.5,6076,6071.5,6075.75,12720
1739199600,6075.75,6082.5,6074,6082,18097
1739199900,6082.25,6089,6081.5,6086.75,26976
1739200200,6086.75,6088,6083.25,6084.75,12840
1739200500,6084.75,6086.25,6083.25,6085,9355
1739200800,6085,6088,6081.75,6085.75,12918
1739201100,6085.75,6089,6084.75,6088.5,9199
1739201400,6088.5,6090.75,6088.25,6088.75,12235
1739201700,6088.75,6090.5,6087.75,6088.75,8885
1739202000,6088.75,6090.75,6086.25,6089.25,10706
1739202300,6089.25,6094.5,6089.25,6093.25,13219
1739202600,6093.25,6093.75,6091,6092.5,8591
1739202900,6092.5,6093.75,6089,6089.75,9170
1739203200,6089.75,6092.5,6089.25,6090.25,9396
1739203500,6090.25,6090.25,6086.25,6088.5,10038
1739203800,6088.5,6090.5,6086.25,6087.75,7393
1739204100,6087.75,6087.75,6081.75,6083.75,13634
1739204400,6083.75,6085.25,6081.25,6085,10821
1739204700,6085,6086.75,6083.25,6084,8338
1739205000,6084,6084.5,6079,6081,11405
1739205300,6081,6084,6080.5,6083.5,7824
1739205600,6083.25,6084.25,6081.75,6083,6038
1739205900,6083,6084.25,6080,6081.5,7688
1739206200,6081.5,6084.25,6081,6083.5,5608
1739206500,6083.25,6085.5,6083.25,6084.75,7493
1739206800,6084.75,6085.5,6081,6081,6097
1739207100,6081.25,6081.75,6076.5,6078.75,11353
1739207400,6079,6079,6072.25,6075.5,16133
1739207700,6075.25,6077.25,6072.75,6076,10237
1739208000,6076.25,6079.75,6074.75,6079.5,6507
1739208300,6079.75,6080,6076.25,6076.75,5524
1739208600,6077,6081,6076.5,6080.25,5417
1739208900,6080.25,6083.75,6080.25,6082.5,5614
1739209200,6082.75,6084.75,6082.25,6082.5,5491
1739209500,6082.5,6083,6080.25,6082,5477
1739209800,6082.25,6086.25,6081.75,6086,5720
1739210100,6086,6087.25,6085,6086.75,5235
1739210400,6086.75,6089,6086,6088.5,5838
1739210700,6088.75,6089.25,6087.25,6088.25,4263
1739211000,6088.25,6089.75,6087.75,6089.75,4869
1739211300,6089.5,6090.75,6087,6088.25,6177
1739211600,6088.5,6090.75,6087.5,6089,5406
1739211900,6089.25,6090.5,6087.25,6087.75,6654
1739212200,6087.75,6089,6086.5,6087.5,5646
1739212500,6087.75,6089.75,6087.25,6088.5,3616
1739212800,6088.75,6089.5,6087.5,6088.75,4157
1739213100,6089,6090.75,6088.5,6090.25,3765
1739213400,6090.25,6093.5,6090,6092,7135
1739213700,6092,6093,6091.25,6091.5,5348
1739214000,6091.5,6091.5,6087,6090.25,11031
1739214300,6090.5,6092,6089.75,6091.75,4778
1739214600,6092,6094.25,6091.25,6093.25,7428
1739214900,6093.5,6094.25,6091.5,6092.25,5984
1739215200,6092.25,6096,6092.25,6093.75,9037
1739215500,6093.75,6093.75,6090.75,6092.75,6981
1739215800,6092.75,6094.5,6092,6092.75,6467
1739216100,6092.75,6093.75,6091.5,6091.75,4090
1739216400,6091.75,6092,6089.5,6090.75,6204
1739216700,6090.5,6090.75,6088.25,6089.5,7902
1739217000,6089.75,6091,6088,6091,7495
1739217300,6091,6092.75,6089.5,6090.25,8780
1739217600,6090.25,6092,6088.25,6090.5,9766
1739217900,6090.75,6092.5,6090.5,6091.25,4448
1739218200,6091.25,6093,6090.25,6092.75,4171
1739218500,6092.75,6093,6090.75,6091,3987
1739218800,6091,6091.75,6089.25,6089.75,8068
1739219100,6089.75,6091,6089,6090,5460
1739219400,6089.75,6090,6088,6088.75,9248
1739219700,6088.75,6088.75,6085.75,6087.5,10549
1739220000,6087.5,6091,6087.25,6090,7750
1739220300,6090,6090,6086,6088.25,10065
1739220600,6088.25,6090.75,6083,6086.75,22612
1739220900,6086.5,6090,6083.75,6088.25,62908
1739221200,6088.25,6088.75,6084.75,6086.25,16631
1739221500,6086,6086.5,6084.25,6085,3683
1739221800,6084.75,6085.25,6083.25,6084,3336
1739284200,6065,6073.5,6064,6072.25,26341
1739284500,6072.25,6075.5,6070.25,6073,14930
1739284800,6072.75,6074.75,6071,6073.75,9843
1739285100,6074,6074,6071,6071,8100
1739285400,6071,6075.5,6071,6073.5,8597
1739285700,6073.75,6074.5,6071.75,6072.5,6401
1739286000,6072.5,6079.5,6069,6071.5,25382
1739286300,6071.25,6073,6066.5,6072.75,18383
1739286600,6073,6074.75,6070.5,6072.5,10851
1739286900,6072.5,6075.25,6071.75,6072.75,9152
1739287200,6072.75,6077,6071,6075,9671
1739287500,6075,6082.5,6074.5,6081,15865
1739287800,6081.25,6082.5,6079.5,6080,10335
1739288100,6080.25,6083.5,6079.75,6082.75,9587
1739288400,6083,6084.5,6082.25,6084.25,9112
1739288700,6084.25,6089.5,6084.25,6088.5,17321
1739289000,6088.75,6092,6088.25,6091.5,12304
1739289300,6091.5,6091.5,6086.5,6086.75,11050
1739289600,6086.75,6089,6085.25,6086,12754
1739289900,6086,6088.5,6084.75,6086.75,6942
1739290200,6086.75,6088,6085.75,6087.5,6010
1739290500,6087.5,6088.75,6086,6087.75,6988
1739290800,6087.5,6089,6087.5,6088.25,5057
1739291100,6088.25,6090,6085,6085.5,9688
1739291400,6085.75,6087.25,6084,6086,8616
1739291700,6086,6088.5,6084,6088,8796
1739292000,6088,6088.75,6086.5,6088.25,4682
1739292300,6088.25,6088.75,6086.25,6086.25,4606
1739292600,6086.5,6086.75,6081.75,6082,8861
1739292900,6082,6082.75,6080,6081.75,11386
1739293200,6081.75,6082,6075.5,6077.25,18769
1739293500,6077.25,6077.5,6070.5,6074,21706
1739293800,6073.75,6075,6071.75,6072.75,12795
1739294100,6072.75,6079,6071.75,6078.5,14529
1739294400,6078.25,6083.5,6077.75,6082,11794
1739294700,6082,6083.75,6080.75,6083,7776
1739295000,6083,6084,6080.75,6081.25,6532
1739295300,6081,6081,6078,6079.75,8839
1739295600,6080,6081,6077.75,6079.25,6277
1739295900,6079,6080.25,6078.5,6079,4782
1739296200,6078.75,6079.5,6075.5,6077.75,7669
1739296500,6077.5,6078,6076.5,6077,4858
1739296800,6077,6077.75,6074.75,6076.75,5877
1739297100,6076.75,6078.75,6075.75,6078.75,5566
1739297400,6078.75,6080.25,6075.25,6078,8215
1739297700,6078.25,6081,6077.5,6080.25,6424
1739298000,6080.5,6081.5,6078.25,6078.25,4663
1739298300,6078.5,6080.25,6078.25,6079.25,3460
1739298600,6079.5,6085.25,6079,6084.75,8273
1739298900,6085,6092.25,6084,6089.25,17910
1739299200,6089.5,6092.5,6089,6090.5,10670
1739299500,6090.5,6093,6089.25,6089.5,8634
1739299800,6089.75,6089.75,6086.5,6086.75,8843
1739300100,6086.75,6087.75,6085.25,6085.75,6503
1739300400,6085.75,6088,6084.75,6087.75,7232
1739300700,6087.75,6088.25,6085,6086.5,6394
1739301000,6086.5,6087.5,6083.75,6084.25,6373
1739301300,6084.5,6086.5,6084,6085.75,4924
1739301600,6085.75,6087.75,6085.25,6087.25,4622
1739301900,6087.25,6088,6086.25,6087.25,3488
1739302200,6087.25,6089.5,6087,6088,6265
1739302500,6088,6091.25,6087.5,6091.25,6833
1739302800,6091.25,6098.75,6091,6096.5,24954
1739303100,6096.5,6096.5,6093.5,6094.75,8565
1739303400,6095,6096.75,6094.25,6095.25,6008
1739303700,6095.25,6096.5,6093.75,6094.25,6054
1739304000,6094.25,6096.75,6094.25,6095.5,8326
1739304300,6095.75,6096,6093,6093.5,7825
1739304600,6093.5,6095.5,6093.5,6095.5,5594
1739304900,6095.5,6095.5,6092,6093.75,6664
1739305200,6094,6094.25,6091.5,6091.5,7378
1739305500,6091.25,6094,6090.5,6093,8054
1739305800,6093,6096,6091.5,6093,9905
1739306100,6092.75,6093,6088.5,6088.75,10536
1739306400,6088.5,6090.75,6086.5,6089.5,14228
1739306700,6089.5,6089.75,6086.75,6088.5,10299
1739307000,6088.5,6091.5,6087.25,6088.5,17684
1739307300,6088.5,6094,6086.25,6092.5,50165
1739307600,6092.75,6094.25,6091.5,6092.5,17573
1739307900,6092.5,6093,6089.75,6092.25,6277
1739308200,6092.25,6093,6091.5,6092.25,2865
1739370600,6030.75,6035.5,6023.75,6035,43394
1739370900,6034.75,6042,6031.5,6039.25,25609
1739371200,6039.5,6046,6037.25,6044.25,24745
1739371500,6044.5,6050.75,6043,6050.5,28963
1739371800,6050.25,6056,6047,6054,27853
1739372100,6054.25,6054.25,6050.5,6052.5,20355
1739372400,6052.5,6053.5,6037,6037.5,31462
1739372700,6037.75,6044.75,6036,6042.25,25865
1739373000,6042,6043.5,6034.25,6037,21934
1739373300,6036.75,6051.75,6035.75,6051,23571
1739373600,6051.25,6062.5,6049.25,6058.25,29746
1739373900,6058,6061.25,6050.75,6053.25,23602
1739374200,6053.25,6058.5,6053,6056.5,15660
1739374500,6056.5,6072.25,6055.5,6066.5,40637
1739374800,6066.5,6068,6060.5,6063.75,19579
1739375100,6063.75,6064.75,6056.75,6059.5,17620
1739375400,6059.75,6063,6058.25,6062.5,12950
1739375700,6062.5,6064.25,6061.25,6063,10275
1739376000,6063,6063.5,6057.5,6058.25,12581
1739376300,6058.5,6059.5,6052.25,6053.75,15081
1739376600,6054,6057,6045.75,6048.5,19280
1739376900,6048.5,6049.75,6046.25,6048.25,11920
1739377200,6048.25,6050,6042,6045,15164
1739377500,6045.25,6045.5,6040,6044.75,15840
1739377800,6044.75,6049.25,6044.25,6047.75,12786
1739378100,6047.75,6054,6046.75,6052.75,12717
1739378400,6052.5,6060.5,6052,6060,11744
1739378700,6060,6060.75,6056.75,6059.75,10994
1739379000,6059.5,6067.5,6059.25,6065.5,14368
1739379300,6065.5,6074.5,6065.25,6073.25,20637
1739379600,6073,6076.75,6070.75,6072.75,29904
1739379900,6072.75,6074.75,6069.25,6072.25,11458
1739380200,6072,6079,6069.75,6076,20469
1739380500,6076,6079,6074.75,6075.5,15014
1739380800,6075.75,6079.75,6074.5,6076.75,11472
1739381100,6076.75,6078.5,6075.5,6077,7241
1739381400,6076.75,6078,6073.25,6076.5,11436
1739381700,6076.5,6077.25,6072.75,6074.25,6214
1739382000,6074.25,6074.5,6069.75,6071.75,8035
1739382300,6071.75,6080.75,6071,6077.75,11317
1739382600,6078,6081.75,6076.75,6081.25,8768
1739382900,6081.5,6084.5,6080.25,6083.25,12892
1739383200,6083.25,6084.75,6078.5,6079.25,10505
1739383500,6079.5,6081.75,6076.25,6078.25,9245
1739383800,6078.5,6079.75,6076.5,6079.5,5266
1739384100,6079.5,6080.25,6075.25,6076.25,8093
1739384400,6076,6077.5,6074,6076,9004
1739384700,6076,6077.5,6070.25,6074.75,14912
1739385000,6074.75,6076.75,6073.25,6075.75,11817
1739385300,6075.5,6076.5,6074,6075.75,4543
1739385600,6075.5,6076,6068.25,6069,8951
1739385900,6068.75,6072.25,6068.25,6070,9045
1739386200,6070,6074.25,6069.5,6072.5,6398
1739386500,6072.5,6073.75,6070.5,6071,5549
1739386800,6071.25,6071.5,6067,6067.75,9965
1739387100,6067.75,6069.75,6064.25,6068.5,11252
1739387400,6068.5,6068.5,6064.25,6065.75,7725
1739387700,6065.75,6066.75,6064.5,6066,6307
1739388000,6066,6071.25,6065,6069.25,10600
1739388300,6069.5,6071.75,6066,6069.25,7668
1739388600,6069.5,6073.5,6069.5,6072.75,6769
1739388900,6072.75,6075,6072,6073.75,6943
1739389200,6074,6075,6073.25,6074.5,5422
1739389500,6074.5,6081.5,6074.25,6080.5,11201
1739389800,6080.75,6080.75,6076.75,6079.75,8525
1739390100,6079.5,6080.5,6076.5,6078.25,8976
1739390400,6078.25,6079.75,6076,6077.75,7998
1739390700,6077.75,6078.75,6076.5,6077.25,7642
1739391000,6077.25,6079.25,6075.75,6076.5,7073
1739391300,6076.5,6076.75,6074.75,6075.75,8052
1739391600,6075.75,6077,6074.75,6076,4508
1739391900,6075.75,6077,6072,6072.25,8182
1739392200,6072.25,6075,6071.25,6074.5,10225
1739392500,6074.25,6075,6070.75,6071.5,7190
1739392800,6071.25,6073.25,6066,6066.75,13719
1739393100,6066.75,6069,6065.5,6067.75,13275
1739393400,6067.75,6071.25,6064.75,6069.5,26293
1739393700,6069.5,6074.75,6069.5,6072.75,62819
1739394000,6073,6076,6069.25,6072.5,31397
1739394300,6072.5,6077.5,6072.25,6076,5336
1739394600,6076,6076,6073.25,6073.5,3229
1739457000,6083.5,6089,6080.75,6084,28806
1739457300,6083.75,6085.25,6070.25,6075.75,28559
1739457600,6076,6083.25,6073.25,6082.5,21697
1739457900,6082.75,6085.5,6077,6078.5,20073
1739458200,6078.75,6082.75,6077,6081.75,14057
1739458500,6081.75,6088.75,6080.5,6086.25,17857
1739458800,6086.5,6096.25,6086.25,6089.25,37411
1739459100,6089.5,6091.25,6080.5,6087.25,24399
1739459400,6087.5,6095.25,6086.75,6091.25,24305
1739459700,6091.25,6100,6090.75,6099.25,21839
1739460000,6099.5,6102.5,6097.75,6100.5,29761
1739460300,6100.5,6102,6094.75,6099,21198
1739460600,6099,6103.75,6098,6102,18185
1739460900,6102.25,6109.5,6101.25,6107.75,22977
1739461200,6107.75,6113.75,6107.5,6111.25,25533
1739461500,6111.25,6111.75,6108.25,6109.25,19246
1739461800,6109.5,6110.5,6106.75,6108,14269
1739462100,6108,6109.75,6105,6109.25,11234
1739462400,6109.5,6110.25,6107.75,6109.25,11588
1739462700,6109.25,6113.25,6109,6110.75,10647
1739463000,6110.75,6113.5,6110.25,6112.25,10190
1739463300,6112.5,6112.5,6108.25,6112,10632
1739463600,6112,6112,6108.5,6111.5,7260
1739463900,6111.5,6111.5,6104.5,6105.5,12027
1739464200,6105.5,6106.75,6102,6106.5,17574
1739464500,6106.5,6108.25,6103.75,6104.5,11627
1739464800,6104.75,6106.25,6103.5,6105.25,6778
1739465100,6105,6106,6104.5,6105.75,5567
1739465400,6105.5,6107.25,6101,6102,9456
1739465700,6102,6102,6095.75,6099.25,19532
1739466000,6099.25,6103.25,6095.25,6102.75,13372
1739466300,6103,6105.5,6101.75,6103.25,7297
1739466600,6103,6104,6098.5,6101,9095
1739466900,6100.75,6102.5,6099.75,6099.75,6782
1739467200,6099.75,6104,6099.5,6103.5,6614
1739467500,6103.75,6104.75,6102.25,6103.5,5140
1739467800,6103.75,6104.25,6100.75,6104,5984
1739468100,6104,6104.75,6103,6103.25,4135
1739468400,6103.25,6104.25,6101.75,6103.25,4457
1739468700,6103.5,6108.25,6103.25,6107.25,9485
1739469000,6107.5,6107.5,6102.5,6104,7375
1739469300,6104.25,6104.5,6096.25,6100,14435
1739469600,6100.25,6100.75,6096.25,6098.75,9555
1739469900,6098.75,6099.5,6097.25,6098.5,5726
1739470200,6098.5,6102,6097.5,6100.5,7063
1739470500,6100.75,6101,6088,6091.75,20553
1739470800,6091.5,6099.75,6089.75,6098.5,17612
1739471100,6098.75,6102.75,6098.25,6100.25,9251
1739471400,6100.5,6103.25,6099,6101,7877
1739471700,6101.25,6106,6100.75,6105.75,9363
1739472000,6106,6107.25,6091.5,6101.5,46100
1739472300,6101.5,6106,6098.25,6104.5,15592
1739472600,6104.5,6106.75,6096.5,6104.25,24617
1739472900,6104.5,6111.25,6102,6110.5,14771
1739473200,6110.5,6116,6109,6115.5,17610
1739473500,6115.5,6120.5,6113.25,6118.75,17286
1739473800,6119,6119.75,6116,6118.5,11098
1739474100,6118.75,6122.5,6118,6120.75,13253
1739474400,6121,6122.5,6118.5,6120,10102
1739474700,6119.75,6121.75,6118.25,6121.25,8734
1739475000,6121,6125.5,6119.75,6124,12551
1739475300,6124,6127.75,6123.75,6126,11464
1739475600,6126,6126,6123,6124,9760
1739475900,6123.75,6126,6122.75,6125.75,6709
1739476200,6125.5,6131.5,6125.5,6130,16798
1739476500,6130.25,6130.5,6126,6127.5,10917
1739476800,6127.5,6130.5,6126.5,6129.5,9583
1739477100,6129.5,6132.25,6128.5,6131,8942
1739477400,6131.25,6132.25,6129.25,6131.25,7964
1739477700,6131.5,6135.5,6130.75,6135,12680
1739478000,6135,6135.25,6131.5,6132,9841
1739478300,6132,6134.25,6130,6134.25,11391
1739478600,6134,6134,6130.25,6131,11103
1739478900,6131.25,6133.5,6130.5,6133.25,9382
1739479200,6133.25,6133.5,6129.5,6129.75,10639
1739479500,6129.5,6133,6129.25,6132.25,13521
1739479800,6132.25,6133.75,6130,6132.5,23993
1739480100,6132.25,6138,6129.75,6135.25,87416
1739480400,6135.25,6136.25,6131.25,6131.5,27712
1739480700,6131.25,6136,6130.75,6134.75,12188
1739481000,6134.75,6135,6132.5,6132.75,3982
1739543400,6134.5,6139,6133.5,6136.25,23349
1739543700,6136.25,6139,6132.5,6137.75,17842
1739544000,6138,6140.25,6137.75,6139,15198
1739544300,6139,6140.5,6138.25,6139.5,11620
1739544600,6139.25,6141.75,6138.25,6139.5,10654
1739544900,6139.25,6140.75,6138.25,6140,7378
1739545200,6140,6141.75,6135.5,6141.25,16547
1739545500,6141.25,6145,6140.5,6144.5,15245
1739545800,6144.5,6145.25,6140.75,6142,12846
1739546100,6142,6143,6137,6138.25,17007
1739546400,6138.25,6140,6136.5,6139.75,12285
1739546700,6139.5,6141.5,6137,6137.75,11037
1739547000,6137.5,6138,6135.75,6137.5,13994
1739547300,6137.25,6139.25,6134.5,6136,12639
1739547600,6136,6136.25,6132.25,6135.75,12589
1739547900,6135.75,6140,6135.75,6139.5,9839
1739548200,6139.5,6141,6137.75,6140.25,7847
1739548500,6140.25,6141.75,6139.5,6140.25,7868
1739548800,6140.5,6142,6137.75,6141,9314
1739549100,6141.25,6143.5,6140,6143.25,6713
1739549400,6143.25,6143.75,6138.75,6139.5,7631
1739549700,6139.75,6140,6133.75,6134,13187
1739550000,6134,6134.25,6129,6132.75,19857
1739550300,6132.5,6137.5,6131.5,6135.25,9800
1739550600,6135,6135.5,6131.5,6134,9720
1739550900,6134,6135,6131.25,6134.75,8481
1739551200,6135,6136.5,6134.75,6135.5,7308
1739551500,6135.75,6136.5,6131.25,6132.25,8707
1739551800,6132.25,6136,6130.25,6135.75,8506
1739552100,6135.75,6138.25,6134,6137.75,7502
1739552400,6137.5,6137.75,6135.25,6135.75,6474
1739552700,6136,6136,6131,6131.5,9937
1739553000,6131.5,6131.75,6128.25,6131.25,11173
1739553300,6131.25,6132,6129.5,6131.25,6659
1739553600,6131.25,6132.75,6129.25,6130,6853
1739553900,6130.25,6131,6127.75,6128.25,6688
1739554200,6128.5,6130,6126.5,6129.25,7871
1739554500,6129.25,6131,6128.25,6128.5,5747
1739554800,6128.25,6129.5,6125.75,6127.75,8094
1739555100,6127.5,6132.5,6127,6132.5,7487
1739555400,6132.25,6134.75,6132,6134.5,8715
1739555700,6134.5,6135.5,6132.75,6134.25,8698
1739556000,6134.25,6136,6132.75,6134.25,8270
1739556300,6134.5,6135.75,6133.5,6135,5011
1739556600,6135,6136.25,6133.5,6134.25,4280
1739556900,6134.5,6136,6133,6134.5,5087
1739557200,6134.5,6135.25,6133.75,6134.25,3462
1739557500,6134.25,6134.75,6132,6134.25,5247
1739557800,6134.5,6139.5,6134,6138.75,12744
1739558100,6139,6140,6137.5,6138.75,6138
1739558400,6139,6140.75,6138.75,6140,6118
1739558700,6140,6142.5,6139.75,6141.75,6395
1739559000,6142,6143,6140.75,6141.75,6098
1739559300,6141.75,6141.75,6140,6140.25,4836
1739559600,6140.25,6141.25,6139,6140.25,5989
1739559900,6140,6141,6139.75,6140.5,3032
1739560200,6140.75,6142.5,6140.5,6142.25,4073
1739560500,6142.5,6142.5,6139,6140,5460
1739560800,6139.75,6139.75,6138.25,6139.25,5985
1739561100,6139.25,6139.5,6135.75,6136.75,7947
1739561400,6136.75,6137.25,6134.25,6136.5,9583
1739561700,6136.25,6138.25,6135,6137.25,6471
1739562000,6137,6137.5,6136,6137.25,4944
1739562300,6137.25,6138.5,6134.75,6136,6396
1739562600,6135.75,6136.75,6133.5,6136,6499
1739562900,6135.75,6138.25,6134,6137.75,6462
1739563200,6137.75,6137.75,6133.75,6135,5016
1739563500,6134.75,6135.75,6134,6135.5,5101
1739563800,6135.25,6136,6133.25,6136,6770
1739564100,6136.25,6137.75,6135.25,6136.5,5528
1739564400,6136.75,6137.25,6133.25,6133.5,5733
1739564700,6133.5,6134.5,6130.75,6131.75,8918
1739565000,6131.75,6135.25,6130.75,6135,10068
1739565300,6135.25,6136.75,6134,6136.5,8018
1739565600,6136.75,6136.75,6131,6132.5,10652
1739565900,6132.75,6133,6130.75,6131.5,10070
1739566200,6131.5,6138,6131,6136.5,23013
1739566500,6136.25,6137.25,6130,6131.75,64191
1739566800,6131.75,6132.5,6128.75,6131.25,22383
1739567100,6131.25,6134,6130.75,6132.75,6166
1739567400,6133,6134,6131.5,6133.25,3803
1739889000,6143.25,6144.5,6138.25,6141,38187
1739889300,6141,6143,6137.25,6142,18949
1739889600,6142,6142.5,6135.5,6136.25,17325
1739889900,6136.5,6139,6133.75,6137,24137
1739890200,6137,6140.5,6133.75,6138.5,19837
1739890500,6138.5,6140.75,6135,6135.75,13446
1739890800,6135.75,6136.25,6127.5,6132.5,30676
1739891100,6132.75,6134.75,6130.5,6133.5,13441
1739891400,6133.5,6137.5,6130.75,6135.75,14438
1739891700,6135.75,6136.5,6128.75,6129.75,15547
1739892000,6129.75,6134.5,6129,6132.75,11899
1739892300,6132.5,6134,6128.5,6130.75,13410
1739892600,6130.75,6133.25,6128,6131,14728
1739892900,6130.75,6136.25,6130.75,6134.75,13132
1739893200,6134.5,6136.75,6133.5,6136,10674
1739893500,6136,6136.25,6131,6133.75,13152
1739893800,6133.75,6139.5,6132.5,6139.5,11910
1739894100,6139.5,6140.5,6137.5,6140,10726
1739894400,6140,6140.5,6139,6139.25,9018
1739894700,6139.25,6140.25,6137.5,6140,8458
1739895000,6139.75,6141.75,6138,6138.25,8437
1739895300,6138.25,6139.5,6137.75,6137.75,6332
1739895600,6138,6138.25,6131.75,6134,13695
1739895900,6134.25,6139.25,6133.5,6138.5,9634
1739896200,6138.5,6138.5,6134.75,6136.25,7714
1739896500,6136.5,6138.75,6135.25,6138.25,6523
1739896800,6138.5,6138.5,6135.75,6136.75,5943
1739897100,6137,6141.75,6136.75,6141.5,8168
1739897400,6141.5,6143.5,6141,6141.75,8926
1739897700,6141.75,6142.25,6136.25,6137,9310
1739898000,6137.25,6137.25,6134.75,6136.75,7081
1739898300,6137,6137.75,6133,6134.5,8652
1739898600,6134.5,6137.25,6132.25,6136.5,7703
1739898900,6136.25,6136.5,6132.5,6134,5734
1739899200,6134,6134.5,6132.25,6133.75,4272
1739899500,6133.5,6135.25,6133.25,6134.5,5368
1739899800,6134.75,6137.5,6134.75,6135,5863
1739900100,6135,6137.5,6135,6136.75,4002
1739900400,6136.75,6138.5,6135.75,6136.5,4000
1739900700,6136.5,6137.75,6135.5,6136.75,3467
1739901000,6136.75,6140,6136.5,6139.25,5711
1739901300,6139.25,6139.5,6137.25,6138,4036
1739901600,6138,6141.25,6137.75,6140.5,5407
1739901900,6140.75,6141.25,6136.25,6136.75,6383
1739902200,6137,6137.5,6134.25,6136,7004
1739902500,6136,6136.5,6133.25,6133.25,5963
1739902800,6133.25,6134.25,6129.75,6133.5,11847
1739903100,6133.25,6135.25,6132.75,6133.25,5538
1739903400,6133.5,6133.5,6130.25,6131.75,8714
1739903700,6131.75,6132.5,6129.5,6130.75,6035
1739904000,6130.75,6130.75,6129,6130,6742
1739904300,6129.75,6132.75,6129.25,6132.5,8357
1739904600,6132.25,6134,6131.25,6132.75,6075
1739904900,6132.75,6133.75,6130.75,6131,4427
1739905200,6131.25,6133,6131,6131.25,4864
1739905500,6131.25,6132.25,6118.25,6122,29506
1739905800,6122,6125.5,6121,6122.75,13168
1739906100,6122.75,6123.75,6119.75,6120.25,9747
1739906400,6120.5,6130.5,6118.25,6128.75,21170
1739906700,6129,6129.75,6126,6126.5,9523
1739907000,6126.5,6129.75,6125.5,6129.5,7055
1739907300,6129.5,6130.5,6125.75,6125.75,5780
1739907600,6125.75,6129.25,6125.75,6128.25,6133
1739907900,6128.25,6132.5,6128,6132,7920
1739908200,6132,6135,6130.75,6133.5,11860
1739908500,6133.5,6135,6132.75,6133.25,6442
1739908800,6133.25,6134,6132,6133,6000
1739909100,6133,6133.5,6131.5,6132.25,6122
1739909400,6132.5,6134,6131.25,6133.5,5267
1739909700,6133.5,6134,6131,6132,6287
1739910000,6132.25,6133.75,6131,6133.5,5059
1739910300,6133.75,6134.5,6132,6132.75,4952
1739910600,6132.75,6135.75,6132.5,6133.5,7861
1739910900,6133.75,6134.25,6131.75,6132.75,6216
1739911200,6132.75,6134.75,6131,6132.25,9014
1739911500,6132.25,6134,6131,6132.25,11013
1739911800,6132,6137,6131.75,6136,25741
1739912100,6136,6148.5,6135.5,6148,80640
1739912400,6148.25,6149.5,6146.5,6147.25,35117
1739912700,6147,6149,6146.5,6148.25,7478
1739913000,6148.25,6149,6147,6147.25,4283
1739975400,6134.25,6136,6131.25,6135.25,25930
1739975700,6135.25,6136.5,6133.25,6133.5,14611
1739976000,6133.5,6136.5,6132.75,6134.25,12206
1739976300,6134,6136.25,6130.5,6131.75,12102
1739976600,6132,6135.5,6131,6134.75,12459
1739976900,6134.75,6135.5,6132.25,6132.75,9102
1739977200,6133,6136.25,6129.25,6130.75,16374
1739977500,6130.75,6133.75,6129.25,6131,15808
1739977800,6130.75,6132.25,6129.5,6130.5,10084
1739978100,6130.75,6135.25,6129.75,6133,12227
1739978400,6133,6134.5,6130.75,6133.25,10050
1739978700,6133.5,6135.5,6132.5,6134,9374
1739979000,6134.25,6142.5,6133.75,6138.5,34278
1739979300,6138.5,6139.75,6136.25,6137.5,11998
1739979600,6137.75,6139.25,6137,6139,7439
1739979900,6139.25,6140.25,6137.5,6138.75,7723
1739980200,6138.75,6139,6136.75,6137.75,6139
1739980500,6137.75,6137.75,6131.5,6135,14472
1739980800,6135,6141,6134.75,6139.5,13577
1739981100,6139.75,6141.75,6139.25,6141.5,8043
1739981400,6141.5,6146.75,6140.5,6146.25,16245
1739981700,6146.25,6146.75,6143.75,6145.5,10005
1739982000,6145.25,6145.75,6143.25,6145,6199
1739982300,6145,6146.5,6144.5,6145.5,6862
1739982600,6145.5,6146.75,6143.75,6146,7416
1739982900,6146.25,6146.75,6144.5,6145.5,7316
1739983200,6145.5,6150.75,6145.25,6150.75,10283
1739983500,6150.75,6151.5,6148.25,6148.5,9459
1739983800,6148.75,6151.25,6148.25,6150.75,5673
1739984100,6150.75,6151.75,6150,6151,5869
1739984400,6150.75,6153.75,6150,6152.25,7789
1739984700,6152.5,6152.5,6151.5,6152.5,5308
1739985000,6152.5,6152.5,6148.5,6150,7632
1739985300,6150,6150.25,6147.75,6148.5,5924
1739985600,6148.25,6149,6145,6145.25,8616
1739985900,6145,6146.5,6144,6144.5,10280
1739986200,6144.5,6145.25,6142.25,6143.25,9811
1739986500,6143,6145.75,6142.75,6145.25,7178
1739986800,6145.25,6147.25,6144.25,6146.75,5322
1739987100,6146.75,6148,6145.5,6148,4086
1739987400,6147.75,6152,6147.75,6151,7701
1739987700,6150.75,6152.25,6149.25,6149.5,8577
1739988000,6149.75,6150,6147.75,6148,5398
1739988300,6148.25,6148.5,6144.25,6144.75,6643
1739988600,6145,6145,6140.25,6143.25,13583
1739988900,6143.25,6149.5,6143,6149,8320
1739989200,6149,6150.25,6148.25,6148.75,6576
1739989500,6149,6151,6148.5,6150.5,5699
1739989800,6150.75,6153.5,6150.75,6152.25,9519
1739990100,6152.5,6153.5,6152.25,6152.75,5895
1739990400,6152.75,6154.25,6151.5,6152.25,7134
1739990700,6152.25,6153,6150.5,6151,6004
1739991000,6151.25,6151.25,6149,6149.75,5409
1739991300,6150,6150.75,6148.5,6149,3717
1739991600,6149.25,6153,6147.75,6149.5,7834
1739991900,6149.5,6152,6149.25,6151,4975
1739992200,6151.25,6160,6151,6159.75,13724
1739992500,6159.75,6163,6159.5,6161.5,20398
1739992800,6161.75,6165,6161.5,6163.5,20110
1739993100,6163.5,6163.75,6159.75,6162.5,10161
1739993400,6162.25,6163,6160.5,6162.75,7003
1739993700,6162.75,6164,6162.25,6162.75,5878
1739994000,6163,6164.25,6161,6162.75,7893
1739994300,6162.75,6162.75,6160.75,6162.75,5169
1739994600,6162.75,6166.5,6162.5,6165.75,11570
1739994900,6165.75,6166,6163.5,6165.25,6806
1739995200,6165.25,6165.25,6162.5,6162.5,8315
1739995500,6162.75,6163.5,6158.5,6159,9881
1739995800,6159,6161,6158.5,6160.5,8071
1739996100,6160.75,6164,6160.25,6161,9035
1739996400,6161,6162,6159.75,6161.5,7981
1739996700,6161.5,6161.5,6152,6155.25,22718
1739997000,6155.25,6162,6154.75,6159.75,17128
1739997300,6159.5,6161,6156.25,6158.5,13184
1739997600,6158.25,6160.5,6156.5,6157.25,13653
1739997900,6157,6159,6155.5,6157.5,12163
1739998200,6157.75,6161.75,6157.25,6159.25,21653
1739998500,6159,6164.5,6158.5,6163,53484
1739998800,6163,6163.25,6155.5,6155.5,22623
1739999100,6155.75,6157.25,6154.75,6154.75,4997
1739999400,6154.75,6155,6152.5,6154,3746
1740061800,6148.5,6150,6144.5,6145.75,25580
1740062100,6145.75,6147.5,6144.5,6147,15278
1740062400,6147,6147.25,6138.25,6138.25,18827
1740062700,6138.25,6139.5,6134.25,6136.75,32762
1740063000,6136.75,6137.25,6123,6127.25,37554
1740063300,6127.25,6128.5,6116,6116.75,37298
1740063600,6116.75,6117.5,6102.75,6115.75,62127
1740063900,6115.75,6119.75,6109,6111,36939
1740064200,6111,6121,6108.75,6117,29546
1740064500,6116.75,6125,6116.75,6122.25,24312
1740064800,6122.5,6126.5,6119.25,6122.25,23435
1740065100,6122.25,6124.5,6120.5,6124,16934
1740065400,6123.75,6128,6122.75,6124.25,19398
1740065700,6124.25,6125,6117,6119.75,23682
1740066000,6119.75,6120.75,6116,6117.75,15452
1740066300,6117.75,6119,6110.5,6111.25,21267
1740066600,6111.25,6111.75,6107,6107.75,20913
1740066900,6107.75,6111,6103.5,6106,19163
1740067200,6106.25,6111.5,6105,6106.75,22352
1740067500,6106.75,6115,6106.5,6114,17686
1740067800,6114,6117.5,6113.75,6114.25,14112
1740068100,6114.5,6114.75,6107.75,6108.75,13496
1740068400,6109,6113.75,6108.5,6112.5,11750
1740068700,6112.5,6116,6111.25,6115.25,13986
1740069000,6115.25,6117,6110,6111,13495
1740069300,6111.25,6111.25,6103.5,6108.5,17140
1740069600,6108.5,6112.75,6107.5,6112.5,10904
1740069900,6112.5,6113,6107.25,6108.25,10409
1740070200,6108.25,6112.25,6106.75,6109,8804
1740070500,6109.25,6109.25,6106.75,6107,6582
1740070800,6107,6113.75,6105.25,6113,11207
1740071100,6112.75,6117,6112.75,6116.25,11230
1740071400,6116.25,6119.25,6115.5,6118.5,11359
1740071700,6118.5,6121.5,6117.5,6120,9514
1740072000,6120,6121.5,6119,6120.75,8286
1740072300,6120.75,6122.25,6119.75,6120.5,7303
1740072600,6120.75,6122.5,6119.75,6121.25,6579
1740072900,6121.25,6123.5,6118.75,6119.5,8996
1740073200,6119.5,6123.75,6118.75,6122.75,8090
1740073500,6122.75,6123,6117.75,6118,8232
1740073800,6118,6119.5,6116.25,6117.75,8582
1740074100,6117.75,6117.75,6112.75,6113,10822
1740074400,6112.75,6114.25,6110.25,6112.5,10156
1740074700,6112.25,6115.25,6111.5,6114.5,9837
1740075000,6114.25,6117.5,6113,6117.25,7979
1740075300,6117.25,6117.75,6111.75,6112.75,7874
1740075600,6112.75,6113.25,6109.25,6110.75,7313
1740075900,6111,6113.5,6109,6112.25,8386
1740076200,6112,6116.75,6110.5,6115.75,7786
1740076500,6115.5,6117.25,6114,6116.5,5824
1740076800,6116.25,6118.75,6114.25,6118.75,6687
1740077100,6118.75,6119.5,6116,6117,5797
1740077400,6117,6117.25,6114.25,6115.5,7291
1740077700,6115.25,6120.25,6114.75,6118.75,8064
1740078000,6118.75,6121,6117.75,6119.75,7772
1740078300,6120,6122,6119.5,6121,6714
1740078600,6121.25,6127,6121,6125.25,14492
1740078900,6125.5,6126.75,6124,6126.5,8380
1740079200,6126.5,6127.5,6126.25,6126.5,7462
1740079500,6126.5,6126.5,6123.25,6124.75,8995
1740079800,6124.5,6125.25,6120.75,6121.5,9259
1740080100,6121.5,6122.5,6119.75,6120.25,8449
1740080400,6120.25,6124.5,6119.75,6124.25,7976
1740080700,6124.25,6131.25,6123.5,6130.75,14158
1740081000,6130.75,6133.75,6129,6131.5,16253
1740081300,6131.5,6134,6130.5,6131.5,9197
1740081600,6131.5,6132.5,6129.25,6131.25,8216
1740081900,6131.5,6132.5,6128.75,6130,8438
1740082200,6130,6131,6127.25,6129,8901
1740082500,6129.25,6131.5,6125.5,6130.75,10912
1740082800,6130.75,6134,6130.75,6131.25,9308
1740083100,6131.5,6132.25,6129.25,6131.5,8401
1740083400,6131.25,6132.75,6130.75,6132.5,7919
1740083700,6132.5,6132.5,6127.5,6129.25,9813
1740084000,6129,6132.75,6128.75,6132.25,9038
1740084300,6132,6136.75,6130.25,6136,13843
1740084600,6136.25,6139.75,6133,6135.5,33601
1740084900,6135.75,6138.75,6133.5,6137.25,72683
1740085200,6137,6137.75,6133.5,6134,22379
1740085500,6134.25,6136.25,6134,6134.75,4362
1740085800,6134.5,6135,6130.75,6131,4725
1740148200,6132.5,6133,6126,6127,36987
1740148500,6127.25,6129.75,6119.25,6122,31127
1740148800,6121.75,6124.5,6120,6122.25,16832
1740149100,6122.25,6126.5,6117.25,6118,26978
1740149400,6118,6119.25,6113,6116.25,27822
1740149700,6116.25,6117.5,6113.25,6115,14999
1740150000,6115.25,6116.75,6104.75,6111.75,37066
1740150300,6111.75,6114.75,6105.5,6114.25,24559
1740150600,6114,6116.75,6108.5,6109.75,24938
1740150900,6110,6113.25,6107.5,6109.25,17856
1740151200,6109.25,6109.75,6101,6103,25266
1740151500,6103,6105.5,6095.25,6097.75,29081
1740151800,6097.5,6101,6093,6094.75,26370
1740152100,6095,6100.25,6094.75,6098.25,19723
1740152400,6098.5,6098.75,6087.5,6088,22447
1740152700,6088,6098.25,6087.75,6094,26694
1740153000,6094,6096,6091.75,6091.75,14387
1740153300,6091.75,6098.25,6091.25,6098.25,14635
1740153600,6098.25,6102.25,6093.5,6095.5,19943
1740153900,6095.5,6099,6094,6095.75,12922
1740154200,6095.75,6101.75,6091.75,6101.75,16799
1740154500,6101.75,6104,6097.25,6102.25,16609
1740154800,6102.25,6105,6102,6103.25,9803
1740155100,6103.5,6103.75,6097.25,6099.5,13326
1740155400,6099.5,6103.75,6097,6102,11939
1740155700,6102,6105.25,6100.25,6104,9988
1740156000,6104,6105,6098.5,6099,10032
1740156300,6099.25,6100,6095.5,6098,11620
1740156600,6098,6098,6093.25,6094.75,10754
1740156900,6094.75,6101.25,6094.25,6098.25,10769
1740157200,6098.5,6101.75,6097.5,6100.25,8947
1740157500,6100.25,6101.25,6095.75,6096.25,7729
1740157800,6096.25,6096.75,6092.5,6094.25,12040
1740158100,6094.25,6094.5,6086,6087.5,17974
1740158400,6087.25,6088.25,6081.75,6086.25,22835
1740158700,6086.25,6089.25,6085.75,6087.5,11058
1740159000,6087.5,6088.25,6082.75,6083,10021
1740159300,6082.75,6085.5,6075.25,6077.75,27067
1740159600,6077.5,6081.75,6076,6080.75,16794
1740159900,6080.75,6080.75,6075.5,6076.25,13146
1740160200,6076,6077.5,6072.75,6072.75,17107
1740160500,6072.75,6074.75,6066.25,6068.25,23849
1740160800,6068.25,6068.75,6061,6062.25,32797
1740161100,6062.25,6064.25,6057.25,6058,25466
1740161400,6058.25,6059.75,6052.25,6059.5,33116
1740161700,6059.25,6065.5,6057.5,6058.25,31854
1740162000,6058.25,6060.5,6055.25,6056.75,18371
1740162300,6056.75,6060.5,6051,6051.5,18730
1740162600,6051.5,6052,6045.5,6050.5,31915
1740162900,6050.25,6062.25,6049.75,6054.25,26133
1740163200,6054,6057,6047.75,6048,15568
1740163500,6048,6050.5,6047.25,6049,14398
1740163800,6048.75,6052,6047.75,6052,14443
1740164100,6051.75,6052,6045.75,6047.5,16621
1740164400,6047.5,6049,6042.25,6043.25,21430
1740164700,6043.5,6047.5,6042.5,6047.5,18395
1740165000,6047.75,6053.5,6044,6051.25,18513
1740165300,6051.25,6051.5,6043.5,6043.5,15360
1740165600,6043.25,6043.75,6034.25,6036.75,25155
1740165900,6036.5,6037.25,6026.25,6029,33525
1740166200,6029,6036.5,6028,6031.25,25647
1740166500,6031.25,6032.75,6026,6027.75,22388
1740166800,6027.75,6031.5,6024.5,6030.75,24381
1740167100,6030.75,6032.25,6027,6029.5,17874
1740167400,6029.25,6036.5,6029,6030.75,21782
1740167700,6030.5,6036.25,6029.75,6030.25,16690
1740168000,6030,6034,6027,6030,20170
1740168300,6030,6032.5,6028.5,6029.5,12420
1740168600,6029.5,6034.5,6026.5,6031.25,17927
1740168900,6031,6033.25,6028.5,6032.5,14356
1740169200,6032.5,6036.25,6030.75,6035.75,13275
1740169500,6036,6036.5,6032.75,6035.5,13900
1740169800,6035.75,6039.25,6033.75,6036.5,19319
1740170100,6036.75,6037.5,6032.25,6036,13010
1740170400,6036,6037,6030.25,6030.5,19068
1740170700,6030.75,6033.5,6027.25,6031.75,20352
1740171000,6032,6035.5,6029.5,6034,33610
1740171300,6034,6035.25,6025,6030.25,107912
1740171600,6030.5,6034.75,6027.5,6032.5,35117
1740171900,6032.5,6033.75,6030.5,6033,8140
1740172200,6032.75,6033.5,6031.25,6033,4669
1740407400,6050,6060,6047.25,6051,39273
1740407700,6051,6051.75,6040.25,6042.25,33298
1740408000,6042.5,6045.5,6036,6040.25,31044
1740408300,6040,6043,6033.25,6035.75,26266
1740408600,6035.75,6036,6023,6025.75,34914
1740408900,6025.5,6025.5,6016,6017.25,31377
1740409200,6017.25,6021.25,6000.5,6003.25,44826
1740409500,6003.25,6012.25,5994.5,6008.75,50653
1740409800,6008.75,6021,6008,6019.25,39260
1740410100,6019.25,6024,6010.75,6013,31028
1740410400,6012.75,6021.75,6012.5,6020.75,28185
1740410700,6020.75,6021,6007.75,6009.25,26323
1740411000,6009,6014.25,6006.25,6008.25,28620
1740411300,6008,6012,6004,6009.25,24140
1740411600,6009,6012.75,6004.75,6005.75,20330
1740411900,6006,6010,6002.25,6009.5,21955
1740412200,6009.5,6012.25,6000.75,6002.25,26156
1740412500,6002.25,6008.5,5997,6006.75,23415
1740412800,6006.75,6011,6004.25,6009.75,24019
1740413100,6009.75,6016,6009.25,6010.5,23992
1740413400,6010.75,6014.75,6009.25,6014.25,17802
1740413700,6014,6019.25,6013.25,6018.75,15880
1740414000,6019,6022.5,6017.75,6021.75,16274
1740414300,6022,6033.75,6021,6030.5,30088
1740414600,6030.5,6035.5,6030.25,6031.75,19713
1740414900,6032,6034.75,6023.5,6024,20544
1740415200,6024.25,6037.75,6024,6032.75,20633
1740415500,6033,6037.5,6032.25,6034.25,16028
1740415800,6034.5,6036.25,6030.75,6034,13764
1740416100,6034,6034.25,6027.75,6029.25,14237
1740416400,6029.25,6036.75,6027.75,6036.25,16965
1740416700,6036.5,6038.25,6029.75,6034,13852
1740417000,6033.75,6038,6031.75,6034,13972
1740417300,6033.75,6044.25,6033.5,6042.75,15552
1740417600,6043,6045.75,6041.5,6042.75,16791
1740417900,6042.5,6045,6039.25,6040.25,12926
1740418200,6040.25,6040.5,6036,6038.25,11310
1740418500,6038.25,6043.5,6036.75,6043,8804
1740418800,6043,6045.75,6042,6045,9264
1740419100,6045,6048.5,6042,6044.25,11970
1740419400,6044.25,6044.5,6037.75,6039.25,9016
1740419700,6039,6043.5,6035.25,6036,11959
1740420000,6036.25,6038,6035,6037.25,9569
1740420300,6037.25,6040.75,6035.75,6040.5,11999
1740420600,6040.5,6041.75,6036.5,6039.25,7972
1740420900,6039.25,6047,6039,6045,15227
1740421200,6044.75,6045.25,6040.5,6043.25,8708
1740421500,6043.25,6046.75,6043.25,6043.75,7398
1740421800,6043.75,6044.75,6040.5,6043.25,8456
1740422100,6043.25,6045,6040.5,6043.25,5927
1740422400,6043.25,6046,6042,6044.25,6211
1740422700,6044.25,6045.75,6038.25,6039.75,8651
1740423000,6039.75,6041.25,6036.5,6040.5,9121
1740423300,6040.5,6041,6033.25,6036.25,11268
1740423600,6036.25,6043.5,6035.5,6043,10948
1740423900,6043,6044.25,6036.25,6038.5,9211
1740424200,6038.25,6038.5,6033.5,6036.25,8449
1740424500,6036.25,6037.5,6030,6031.25,11089
1740424800,6031.25,6033.5,6028,6032,13904
1740425100,6031.75,6034,6029.25,6030.5,8993
1740425400,6030.25,6036.5,6029.5,6035.5,11271
1740425700,6035.25,6035.5,6031.5,6032.75,7463
1740426000,6032.5,6033.75,6027.75,6029.5,11177
1740426300,6029.75,6030.25,6026.75,6029.25,8743
1740426600,6029,6031.75,6027,6027.75,9328
1740426900,6027.5,6027.75,6023.5,6027.5,12611
1740427200,6027.5,6028.75,6020,6024,18360
1740427500,6024,6028.5,6022.75,6026.5,10270
1740427800,6026.5,6027,6024.25,6026.25,7622
1740428100,6026.5,6030.25,6023,6026.5,16580
1740428400,6026.5,6029.75,6022,6022.25,20044
1740428700,6022.25,6024.5,6020,6020.75,11741
1740429000,6020.75,6027,6020.5,6024.75,12469
1740429300,6025,6027,6021.25,6021.5,11264
1740429600,6021.5,6021.75,6015.75,6017.75,18203
1740429900,6017.75,6023,6016,6021.5,16567
1740430200,6021.5,6022.75,6002.5,6004.25,32955
1740430500,6004.25,6006.5,5996,6002.25,87912
1740430800,6002.5,6003.5,5999.25,6001.25,29789
1740431100,6001.25,6004.75,6000.75,6004.5,8817
1740431400,6004.75,6009.5,6004.5,6007.5,6949
1740493800,6000.5,6007.5,5993.25,6003.75,40742
1740494100,6003.5,6007.75,5996.75,6005.75,31053
1740494400,6006,6006.25,5992.25,5992.75,29129
1740494700,5993,5997.75,5986,5988.5,33480
1740495000,5988.5,5990,5971,5973.5,42356
1740495300,5973.75,5987.5,5973.5,5981.25,33044
1740495600,5981,5981.75,5963.25,5965,43939
1740495900,5965,5970,5960.25,5966.5,36559
1740496200,5966.25,5970.5,5953.25,5954.5,34436
1740496500,5954.5,5960.5,5944.25,5944.5,37604
1740496800,5944.75,5950.75,5938.5,5940.75,46863
1740497100,5940.75,5946.75,5934.75,5936.75,39776
1740497400,5937,5941.25,5933.5,5940.25,37718
1740497700,5940.5,5952.5,5939.5,5951.25,40383
1740498000,5951.25,5956.5,5943.5,5951,37301
1740498300,5950.75,5954,5943.5,5952.25,33308
1740498600,5952.25,5962,5950,5960,31759
1740498900,5960,5963,5950.5,5951.75,24678
1740499200,5952,5952.5,5938.25,5943,31849
1740499500,5943,5950,5939.5,5945.75,26188
1740499800,5945.75,5952,5944.75,5948,20659
1740500100,5948,5950.75,5943.25,5945.5,20121
1740500400,5945.75,5948.5,5941,5945.75,19038
1740500700,5945.75,5948,5935.75,5937,21361
1740501000,5937,5940.75,5924,5934.5,39367
1740501300,5934.25,5942,5930,5940.25,24670
1740501600,5940,5941,5934.75,5939.25,17238
1740501900,5939,5950.75,5937.5,5950.5,20533
1740502200,5950.5,5954.75,5949.5,5953.25,20540
1740502500,5953,5967.5,5950,5960.25,31370
1740502800,5960.25,5962.25,5955.5,5956.25,16948
1740503100,5956.25,5958,5954,5955.5,13350
1740503400,5955.25,5960.75,5955,5955.75,12952
1740503700,5956,5959,5954.25,5955.75,11258
1740504000,5955.75,5958.25,5949.5,5957,13952
1740504300,5957.25,5965.5,5955.5,5965.25,13981
1740504600,5965.25,5968.5,5963,5966.25,15341
1740504900,5966.25,5971.75,5964.75,5969.25,12587
1740505200,5969.5,5973.75,5969,5969.75,13080
1740505500,5970,5971.5,5967,5969.5,10827
1740505800,5969.75,5974.25,5969.25,5972.5,11377
1740506100,5972.5,5976.75,5971.75,5976.75,10330
1740506400,5976.5,5984.5,5976.25,5983.75,18373
1740506700,5983.5,5990.5,5982.5,5986,18917
1740507000,5986,5987.5,5977.5,5978.25,17266
1740507300,5978,5981,5974.25,5974.75,16177
1740507600,5974.5,5980.5,5973.75,5978.75,12263
1740507900,5978.5,5978.75,5965,5965.5,17157
1740508200,5965.5,5971.5,5964.25,5969.75,18394
1740508500,5969.75,5985.5,5968.75,5984.75,18470
1740508800,5984.5,5987.75,5982.25,5985,17726
1740509100,5985,5987.25,5983,5984.75,11571
1740509400,5984.75,5985.5,5976.5,5979.5,14443
1740509700,5979.25,5980.75,5974.75,5976,10160
1740510000,5976,5977.5,5972.5,5974.5,14663
1740510300,5974.5,5975.25,5972,5974.5,12142
1740510600,5974.5,5974.5,5964,5964.25,15552
1740510900,5964.25,5967.5,5958.5,5966.5,22112
1740511200,5966.25,5966.25,5959.75,5961.5,14955
1740511500,5961.25,5963.25,5958.75,5959.5,14293
1740511800,5959.25,5968.75,5958.75,5968.25,19025
1740512100,5968,5980.25,5962.25,5979.75,22244
1740512400,5979.75,5984.75,5978.25,5982.25,20573
1740512700,5982.25,5983,5972.25,5981,21156
1740513000,5981.25,5983.75,5979.25,5981,11824
1740513300,5981,5983.75,5979.75,5981.25,11168
1740513600,5981.25,5986.25,5977.25,5982.75,16155
1740513900,5983,5987.75,5980.75,5981.25,15250
1740514200,5981,5982.25,5976,5980.5,15108
1740514500,5980.75,5986.5,5978,5985.25,15523
1740514800,5985.25,5995.5,5984,5994.5,24166
1740515100,5994.5,5995,5985,5987.75,19035
1740515400,5987.75,5988.75,5980.25,5984,20989
1740515700,5984.25,5986.25,5970.5,5971.5,24766
1740516000,5971.75,5974.5,5967.25,5970,24406
1740516300,5970,5976.25,5968.25,5974.75,18382
1740516600,5975,5977.5,5964.25,5966,29515
1740516900,5966,5977.5,5965.25,5970.5,93223
1740517200,5970.5,5978.25,5969.5,5978.25,27888
1740517500,5978,5981.75,5978,5981.5,7672
1740517800,5981.25,5981.5,5977.25,5977.5,5287
1740580200,5987.25,5988.25,5978.25,5980,44403
1740580500,5980,5992.75,5978.5,5991.75,29645
1740580800,5991.75,5992.25,5980,5986.5,29354
1740581100,5986.5,5999.75,5984,5999.5,28874
1740581400,5999.5,6005.75,5998,6005.25,28384
1740581700,6005,6005.25,5996.75,6004.5,20148
1740582000,6004.75,6008,6000.75,6005.75,27252
1740582300,6005.5,6008.75,6000,6008,23796
1740582600,6008.25,6015,6006,6014,22898
1740582900,6014,6020,6010.25,6019.25,22476
1740583200,6019.25,6020.5,6011.75,6014.25,25737
1740583500,6014.25,6016.25,6004.25,6007.25,26283
1740583800,6007.25,6015.25,6007,6011,23145
1740584100,6011,6017.25,6007.75,6010.5,19230
1740584400,6010.5,6018.5,6009.5,6015.5,15933
1740584700,6015.25,6017.25,6012.75,6015.75,13045
1740585000,6015.5,6020,6010.75,6016,18051
1740585300,6016,6017.75,6013,6016.5,11350
1740585600,6016.5,6022.5,6016.5,6017.75,17554
1740585900,6018,6023,6017.25,6021.75,17965
1740586200,6021.75,6023.75,6020,6022.25,12717
1740586500,6022.5,6023,6019.5,6021.75,13930
1740586800,6022,6022.75,6015.75,6019.5,16686
1740587100,6019.25,6020,6014.5,6014.75,14209
1740587400,6014.75,6015.25,6008.5,6013.5,20547
1740587700,6013.75,6022,6013.75,6020.75,15104
1740588000,6020.75,6022.5,6010.25,6016.75,15752
1740588300,6016.75,6018,6014.25,6016.25,9561
1740588600,6016.5,6021,6015.25,6019.25,9814
1740588900,6019,6019.25,6006,6008,18818
1740589200,6008,6013.75,6004.25,6012.5,19247
1740589500,6012.75,6018,6011.75,6012.5,11183
1740589800,6012.75,6019,6012.25,6018.25,8782
1740590100,6018.25,6021.75,6008.75,6014,22326
1740590400,6014.25,6015.5,6007.75,6012,16012
1740590700,6012,6015.75,6008,6013.5,17748
1740591000,6013.75,6018,6005.5,6006.5,29867
1740591300,6006.75,6007.25,5999,6000.25,23232
1740591600,6000.25,6002.75,5995.25,6000.75,21310
1740591900,6001,6003,5995.25,5997,14339
1740592200,5997,5997.5,5985.5,5990.5,26775
1740592500,5990.75,5991.5,5978.5,5983.75,25259
1740592800,5983.75,5986.25,5975,5981.25,26209
1740593100,5981.25,5983,5976,5982.25,19455
1740593400,5982,5985.5,5976.75,5981.75,19120
1740593700,5981.5,5981.75,5972.5,5978,19597
1740594000,5978.25,5984,5976.5,5980.25,14189
1740594300,5980.25,5980.5,5965.5,5966.5,21125
1740594600,5966.25,5973.25,5965,5970.75,20320
1740594900,5970.75,5971.5,5964.25,5965.25,14613
1740595200,5965,5967.5,5959,5963.5,24306
1740595500,5963.5,5966.5,5957.75,5959.25,18644
1740595800,5959,5961.5,5954.5,5958,15820
1740596100,5958,5959.5,5948.5,5953,25737
1740596400,5952.75,5960.25,5949,5952.5,25276
1740596700,5952.25,5953.5,5945.5,5948.75,22876
1740597000,5948.75,5954.25,5948,5952,18033
1740597300,5952,5958.25,5946.75,5957.5,19874
1740597600,5957.5,5966.25,5956,5961.25,22369
1740597900,5961.25,5966.25,5959.75,5960.75,14605
1740598200,5960.75,5966.75,5959.25,5966,14184
1740598500,5966,5969.25,5963.75,5968,13459
1740598800,5967.75,5973.75,5966.5,5968.75,13150
1740599100,5969,5972.25,5967,5967.25,11166
1740599400,5967,5968.5,5964,5967,16099
1740599700,5967,5967,5953.25,5954.75,18735
1740600000,5955,5959.75,5951.5,5954.25,18505
1740600300,5954.25,5962,5954,5961.5,13575
1740600600,5961.25,5964.5,5958.75,5959.5,15107
1740600900,5959.5,5962,5956.25,5961.25,15278
1740601200,5961.5,5966,5956.75,5963.5,12941
1740601500,5963.75,5967,5962.75,5963,11432
1740601800,5962.75,5966,5958.25,5964.75,15730
1740602100,5965,5968,5961.5,5967,14357
1740602400,5967.25,5977.25,5964.75,5975.25,18320
1740602700,5975.25,5980.25,5972.5,5976.5,24419
1740603000,5976.75,5977.5,5970,5974.75,25427
1740603300,5974.5,5977.25,5964.5,5972,59289
1740603600,5972.25,5979.75,5967.75,5974.25,27478
1740603900,5974.5,5978.25,5973.25,5978,4895
1740604200,5978,5981,5975,5975.5,5921
1740666600,5995.5,6000,5992.75,5998,31005
1740666900,5998,6007.25,5997.25,5999,33768
1740667200,5999,5999,5977.25,5981.5,45607
1740667500,5981.5,5991,5979,5982.25,35893
1740667800,5982,5984.25,5963.5,5964.5,42042
1740668100,5964.25,5965.25,5947.75,5951,51557
1740668400,5951,5951,5931.5,5945.25,76629
1740668700,5945.25,5951.75,5942.25,5947.5,47158
1740669000,5947.5,5970.25,5946.5,5967,50678
1740669300,5966.75,5974.25,5965.25,5972.5,40403
1740669600,5972.25,5991.75,5967.75,5983.5,48321
1740669900,5983.5,5985.25,5977.5,5981.25,35274
1740670200,5981.25,5983.25,5964,5970,42586
1740670500,5970,5984.25,5962.5,5978.5,39331
1740670800,5978.75,5980.5,5971.75,5977.25,28547
1740671100,5977,5983.25,5972.25,5979,23068
1740671400,5978.75,5979.5,5965.5,5966.75,27236
1740671700,5966.5,5969.25,5959.5,5961,24756
1740672000,5961.25,5972.5,5959.25,5963,29007
1740672300,5963.25,5969.25,5963.25,5965.75,22428
1740672600,5965.75,5980.25,5965.75,5979.5,24069
1740672900,5979.75,5988,5978.25,5985.5,22669
1740673200,5985.75,5989,5979.75,5981.25,17920
1740673500,5981.25,5982.75,5964.75,5968,25223
1740673800,5967.75,5975,5965.75,5972.75,20673
1740674100,5972.75,5976.25,5967,5969.5,17123
1740674400,5969.75,5971.75,5962.5,5965.5,17257
1740674700,5965.25,5968,5962.5,5964.75,13002
1740675000,5964.75,5965,5952.25,5954.75,21873
1740675300,5954.75,5957.5,5949,5950.75,16253
1740675600,5951,5956.75,5948,5955.75,20705
1740675900,5955.75,5956.5,5949.5,5950.25,12259
1740676200,5950.25,5953.75,5947.5,5950,14927
1740676500,5950,5951.75,5942.75,5943.25,16719
1740676800,5943,5953,5940,5952.5,18129
1740677100,5952.25,5966.5,5951.5,5965.75,20610
1740677400,5966,5971.25,5962.5,5966.25,18430
1740677700,5966.5,5970,5965,5965.25,12131
1740678000,5965.25,5965.75,5950.25,5954.5,22300
1740678300,5954.75,5961,5953.25,5954.5,11982
1740678600,5954.25,5962,5950.25,5958.75,16953
1740678900,5958.75,5961,5957,5960.75,12159
1740679200,5960.5,5970,5960.25,5964.25,24482
1740679500,5964.25,5966,5959.5,5963.75,18673
1740679800,5963.75,5975.5,5962,5972.75,18407
1740680100,5972.75,5975.25,5968.5,5972.5,13674
1740680400,5972.75,5977.75,5968.75,5976.75,14045
1740680700,5977,5978.25,5971,5972.5,12407
1740681000,5972.75,5976,5970,5975,8878
1740681300,5975.25,5976,5971,5975,8328
1740681600,5975.25,5976,5967.75,5970,11689
1740681900,5970.25,5971.75,5965.75,5970.75,11190
1740682200,5971,5972.5,5964.5,5972.5,12546
1740682500,5972.5,5973.5,5962.5,5963.5,12378
1740682800,5963.5,5965,5958.75,5962.25,16767
1740683100,5962,5962.5,5957,5959,12205
1740683400,5958.75,5960.75,5950.5,5951.5,13192
1740683700,5951.75,5952.25,5945,5951.5,18065
1740684000,5951.5,5954,5941.5,5943.5,17667
1740684300,5943.25,5944.25,5933,5934,22238
1740684600,5934,5934.5,5914,5919.5,44053
1740684900,5919.75,5926,5919,5921,37951
1740685200,5920.75,5921.25,5909.25,5917.5,37344
1740685500,5917.5,5923.5,5913.5,5917.25,30844
1740685800,5917,5925.5,5913.75,5921,27108
1740686100,5920.75,5925,5917.5,5918.75,22774
1740686400,5919,5919.75,5898.25,5903.75,42515
1740686700,5903.75,5908,5900.5,5902.25,32292
1740687000,5902,5904.75,5893.5,5899.25,28985
1740687300,5899.25,5902.25,5892.75,5894.25,32262
1740687600,5894.25,5906.5,5891.5,5900.25,30392
1740687900,5900.25,5904.25,5888.5,5889.25,23918
1740688200,5889.5,5901.5,5889.5,5896.5,32656
1740688500,5896.25,5902.25,5891,5891,23863
1740688800,5891,5893,5886,5889,31789
1740689100,5889,5894.5,5885,5892.25,31314
1740689400,5892,5896.25,5883,5883.5,44658
1740689700,5883.25,5884,5873,5877.5,121206
1740690000,5877.75,5880,5873.5,5878.75,39363
1740690300,5878.75,5878.75,5875.25,5877.75,11199
1740690600,5877.75,5879.5,5875.25,5879.25,8524
1740753000,5879.75,5880.25,5857,5858.25,67328
1740753300,5858.5,5883.25,5858.25,5878.25,58604
1740753600,5878.25,5887.25,5868,5883.25,45202
1740753900,5883.25,5885,5872.5,5876.5,42986
1740754200,5876.5,5885.5,5874.5,5880.5,38079
1740754500,5880.5,5885.25,5871.25,5884,36345
1740754800,5884,5894.5,5876,5885.75,46984
1740755100,5885.75,5892,5877.75,5891,31961
1740755400,5890.75,5899,5886.5,5898.75,36051
1740755700,5898.75,5899.75,5884.25,5884.75,32947
1740756000,5885,5903.75,5881.75,5901,31639
1740756300,5901,5907.5,5900,5907.25,26066
1740756600,5907.25,5910.75,5903.25,5907.5,26634
1740756900,5907.75,5908.5,5896.25,5900.75,26323
1740757200,5901,5904,5894.5,5898.25,21804
1740757500,5898.5,5906.5,5896.25,5899.75,21821
1740757800,5899.5,5910.5,5899,5906.25,19833
1740758100,5906.25,5913,5904.5,5912.5,15763
1740758400,5912.5,5914.25,5907.25,5909.75,20765
1740758700,5909.75,5913.75,5905,5908.5,18098
1740759000,5908.75,5910,5897.5,5899.75,20922
1740759300,5900,5900.5,5887,5895.75,29134
1740759600,5895.75,5902,5892.25,5893.75,21215
1740759900,5893.5,5895.25,5883.5,5884.25,21794
1740760200,5884.5,5897.25,5881.75,5896.75,24990
1740760500,5897,5902.75,5894,5899.25,17400
1740760800,5899,5906,5898.25,5902.5,16553
1740761100,5902.75,5907.5,5898.75,5905.25,14088
1740761400,5905,5906.75,5898.25,5904,12724
1740761700,5904,5904.5,5894.75,5897.25,15252
1740762000,5897.25,5899.5,5890.25,5890.5,18312
1740762300,5890.5,5895.75,5888.75,5892.25,18198
1740762600,5892,5901.25,5891.5,5899.5,13484
1740762900,5899.5,5906.25,5896.5,5904.75,12740
1740763200,5904.75,5907,5888.5,5892.75,22929
1740763500,5893,5898.5,5892,5894.25,13783
1740763800,5894,5895.5,5887.75,5890.5,15137
1740764100,5890.5,5892.75,5886,5890.25,11399
1740764400,5890.25,5891,5872.75,5876.75,25725
1740764700,5876.75,5880,5865.75,5866.25,31515
1740765000,5866.25,5878.5,5863,5874,29143
1740765300,5873.75,5874.25,5859.5,5860.25,25550
1740765600,5860.25,5871.5,5858,5864.75,26384
1740765900,5864.5,5867,5861,5863,18902
1740766200,5862.75,5865,5859.5,5864.75,16284
1740766500,5864.75,5869.5,5848.5,5850.25,55644
1740766800,5850.25,5856.75,5848,5849.75,32049
1740767100,5849.75,5871.5,5849.75,5870.75,32366
1740767400,5870.75,5877.75,5866.5,5877,34424
1740767700,5877,5883.5,5876,5882,25677
1740768000,5882,5889,5875,5883,31419
1740768300,5882.75,5885,5877.5,5881,18080
1740768600,5880.75,5887,5878.5,5880.75,15952
1740768900,5880.5,5881.25,5859.25,5859.5,25095
1740769200,5859.5,5872.75,5859,5867.25,24876
1740769500,5867,5874.75,5866.25,5870,20968
1740769800,5870,5871.5,5865.5,5868.25,16003
1740770100,5868.25,5881.75,5868,5881.25,18027
1740770400,5881.5,5882,5869,5875.75,18244
1740770700,5876,5882,5876,5880.25,12921
1740771000,5880.25,5890.5,5876,5885.75,22863
1740771300,5885.75,5898,5883.25,5893.75,19314
1740771600,5894,5900.5,5891.5,5897.5,20589
1740771900,5897.75,5903.5,5895.5,5901.25,19222
1740772200,5901.5,5906,5896.25,5900.5,23527
1740772500,5900.75,5906.25,5898.5,5904.5,19438
1740772800,5904.5,5912.75,5901.75,5912,26270
1740773100,5912,5916.75,5909,5914.25,23496
1740773400,5914.25,5915.5,5907,5910.75,20778
1740773700,5910.5,5913.75,5906.75,5907.5,16706
1740774000,5907.75,5909.5,5900.25,5907,25456
1740774300,5906.75,5920.5,5906.25,5920,25780
1740774600,5919.75,5920.25,5906.25,5907.25,27677
1740774900,5907.25,5916.5,5902.5,5914,27016
1740775200,5914.25,5925.25,5913.5,5922,33212
1740775500,5922,5930.5,5919.25,5930.25,33023
1740775800,5930,5949.5,5929,5949,68349
1740776100,5949.25,5971,5949.25,5964,208063
1740776400,5964.25,5965.75,5957.5,5957.5,78570
1740776700,5957.75,5962.75,5953.75,5960.5,21429
1740777000,5960.5,5961,5955.75,5957.25,11077
1741012200,5984.75,5997,5980.5,5992.5,44007
1741012500,5992.5,5994,5974.25,5976.25,37558
1741012800,5976.5,5981,5969.75,5972.25,30876
1741013100,5972,5980.5,5964,5966.25,42103
1741013400,5966.25,5969.75,5960.5,5963,36766
1741013700,5963,5964.75,5947.75,5951.5,31815
1741014000,5951.5,5952.75,5930.5,5951.25,55533
1741014300,5951.5,5957.75,5940.75,5942.25,44348
1741014600,5942.25,5955,5939.5,5942.25,35117
1741014900,5942,5947.5,5937.5,5944.5,32648
1741015200,5944.5,5961.75,5943.25,5955,33960
1741015500,5954.75,5964.75,5953.5,5964,28264
1741015800,5964.25,5969.5,5957.75,5963.5,39003
1741016100,5963.25,5964,5949.75,5960.25,28008
1741016400,5960,5974.75,5955,5974.25,26470
1741016700,5974,5974,5953.25,5956.75,28473
1741017000,5956.5,5964.75,5954.25,5961.75,16709
1741017300,5961.75,5963.5,5945,5947.25,23644
1741017600,5947.25,5957,5947.25,5954.5,21291
1741017900,5954.5,5958.75,5949.5,5952.5,20491
1741018200,5952.75,5958.75,5945.75,5955.5,24024
1741018500,5955.75,5960.5,5951.5,5959.25,18468
1741018800,5959.25,5968.75,5957.5,5967.25,18335
1741019100,5967.5,5967.5,5946.75,5947.25,25672
1741019400,5947,5951.5,5945,5946,23249
1741019700,5945.75,5950.25,5937.5,5939.75,22818
1741020000,5939.75,5941.75,5934.5,5936.25,17909
1741020300,5936,5950,5935.5,5949.25,19615
1741020600,5949.25,5956.25,5947.75,5953,16574
1741020900,5953,5957.5,5951.75,5953.5,14089
1741021200,5953.5,5955.5,5950,5953.75,12628
1741021500,5953.75,5960.5,5952.75,5955,12956
1741021800,5955.25,5961.5,5955,5959.75,9911
1741022100,5959.75,5964.5,5955.5,5963.5,11838
1741022400,5963.5,5964.75,5960.25,5962,8870
1741022700,5962,5964.25,5957.5,5960.75,9137
1741023000,5961,5963,5956.75,5958,8783
1741023300,5958,5961.5,5954.5,5960.5,11122
1741023600,5960.5,5965.5,5958.75,5959.75,9971
1741023900,5959.75,5960,5950.25,5955.75,12394
1741024200,5955.5,5956.75,5945.5,5946,12517
1741024500,5946,5947.25,5937.25,5943.25,23591
1741024800,5943.25,5944.75,5936.25,5937.25,27067
1741025100,5937.25,5937.25,5921.25,5923,28934
1741025400,5922.75,5924,5914.25,5916.25,31452
1741025700,5916.5,5923.5,5915.25,5920.25,24548
1741026000,5920.25,5925.75,5915.25,5922.75,17608
1741026300,5922.75,5923,5901.5,5904.25,27177
1741026600,5904.25,5910.5,5898.5,5900.25,29638
1741026900,5900.25,5906,5897.75,5899.75,21210
1741027200,5899.5,5910.75,5898.75,5907.5,21495
1741027500,5907.25,5924.25,5901.25,5910.25,52239
1741027800,5910,5917.5,5906.75,5910.75,26853
1741028100,5910.75,5917,5905.25,5914.75,19431
1741028400,5914.5,5925.5,5912.5,5919.75,22811
1741028700,5919.75,5923.5,5916.25,5920.5,13653
1741029000,5920.25,5923,5915,5916.25,14522
1741029300,5916.25,5918.5,5906,5907.5,20445
1741029600,5907.5,5915.75,5907,5911.75,15223
1741029900,5911.5,5911.75,5905.25,5908.25,9998
1741030200,5908,5921.25,5907,5917.5,16348
1741030500,5917.75,5920,5910.25,5920,12852
1741030800,5920,5929.5,5920,5925.5,22016
1741031100,5925.5,5925.5,5908,5909,16559
1741031400,5909,5913,5883.25,5891.25,57572
1741031700,5891.25,5900,5882.5,5883.5,41024
1741032000,5883.75,5884.25,5859,5866.75,56119
1741032300,5866.5,5870.25,5857.25,5859.25,35417
1741032600,5859.5,5862,5843.75,5851.75,48135
1741032900,5851.5,5861.25,5848.75,5849.5,40996
1741033200,5849.5,5853.75,5841.25,5842.25,34753
1741033500,5842.25,5845.5,5831,5834.75,37030
1741033800,5834.5,5848,5834.5,5836.75,38007
1741034100,5836.5,5839.25,5826.75,5828.25,35072
1741034400,5828,5831.5,5821.75,5828.5,34154
1741034700,5828.5,5845.75,5827,5841.25,45072
1741035000,5841,5847.5,5836.25,5847,43127
1741035300,5847,5864.25,5843.75,5862.75,113241
1741035600,5862.75,5871.25,5861,5870.75,39534
1741035900,5870.75,5870.75,5867.25,5868.5,8192
1741036200,5868.25,5872,5867.25,5870,7241
1741098600,5819,5820.75,5802.25,5807.5,77445
1741098900,5807.75,5824.25,5806.25,5813.5,65618
1741099200,5813.5,5821.5,5798,5806.5,76016
1741099500,5806.75,5818.5,5801.25,5802.25,59642
1741099800,5802.25,5804.25,5787,5792.75,58850
1741100100,5792.75,5799.5,5778,5779,51874
1741100400,5779,5783.75,5768.5,5776.75,70933
1741100700,5776.75,5782.5,5766,5767.5,48549
1741101000,5767.5,5775.75,5761.5,5768.75,49215
1741101300,5768.75,5769,5745.75,5749,47392
1741101600,5749,5758,5744,5755.5,55870
1741101900,5755.25,5772,5750.5,5767,55257
1741102200,5766.75,5782.75,5763.75,5776,51488
1741102500,5776,5781,5766.75,5769.75,37965
1741102800,5769.75,5776.75,5762,5775.25,38594
1741103100,5775,5779.5,5759,5771,45353
1741103400,5770.75,5773.25,5756.5,5759.25,36646
1741103700,5759.5,5764.5,5755.5,5762.5,32477
1741104000,5762.75,5768.75,5754.75,5760.5,35616
1741104300,5760.5,5761,5746.75,5748.5,29227
1741104600,5748.5,5769.5,5746.5,5768,35778
1741104900,5768,5773,5756.25,5757.25,27555
1741105200,5757.25,5765.75,5752.25,5754.25,26820
1741105500,5754.25,5755.75,5744.75,5751.5,30282
1741105800,5751.5,5764.25,5751,5757.75,33310
1741106100,5757.5,5765.75,5754.75,5758.25,26812
1741106400,5758.25,5776.25,5756.5,5773.5,29782
1741106700,5773.5,5780.5,5767.75,5778.25,29053
1741107000,5778.25,5785.25,5770.25,5780.75,34342
1741107300,5781,5787.5,5779.75,5781.5,28347
1741107600,5781.25,5786.75,5776.75,5784.25,23046
1741107900,5784.25,5784.75,5774.75,5778.25,18823
1741108200,5778.25,5789,5777.25,5783.75,22190
1741108500,5783.75,5790.5,5781.5,5788.25,19773
1741108800,5788.5,5798.5,5786.75,5792.25,25922
1741109100,5792.25,5807.25,5792.25,5800.25,23638
1741109400,5800,5800,5788.5,5797,23591
1741109700,5797,5802.25,5794.75,5798.75,16564
1741110000,5798.5,5802.25,5787.5,5794.75,33171
1741110300,5794.75,5803.5,5792.5,5796.5,21208
1741110600,5796.75,5796.75,5781,5792,28605
1741110900,5791.75,5792.25,5783.25,5786.75,18667
1741111200,5786.75,5794.75,5782.25,5790.25,21137
1741111500,5790.25,5808.5,5788.5,5806.75,26969
1741111800,5806.5,5822.5,5805.25,5819,33438
1741112100,5819,5820,5801.75,5808.75,26734
1741112400,5808.75,5810.5,5796.5,5801.25,20149
1741112700,5801.5,5802.75,5794,5797,16928
1741113000,5797,5804.75,5791.25,5804.5,21656
1741113300,5804.25,5809.25,5799.25,5809,17018
1741113600,5809,5817.5,5807.75,5813,20966
1741113900,5812.75,5819,5810,5811.75,14247
1741114200,5812,5821.25,5809,5818.5,17903
1741114500,5818.5,5830.25,5817.75,5824.5,25569
1741114800,5824.25,5840,5823.5,5837,33766
1741115100,5837,5847,5835,5842.75,27845
1741115400,5842.75,5844,5833.5,5837.5,21372
1741115700,5837.5,5842,5834,5839.25,15290
1741116000,5839,5851,5838,5848.25,18116
1741116300,5848,5851,5834.75,5836,23829
1741116600,5836,5839,5830,5832.75,25758
1741116900,5832.75,5842.75,5832.25,5841.5,17043
1741117200,5841.5,5846,5837.25,5844,18289
1741117500,5844,5851.5,5840.75,5843,21149
1741117800,5843,5849.5,5842,5844.5,15022
1741118100,5844.5,5853.25,5843.75,5850.5,14616
1741118400,5850.25,5857.75,5843.5,5846.75,23358
1741118700,5846.75,5855,5843.5,5852.25,15176
1741119000,5852,5859.75,5850.5,5856.75,17309
1741119300,5856.5,5862.75,5851.25,5861.5,18774
1741119600,5861.75,5875.75,5860.75,5874.25,24797
1741119900,5874.25,5874.5,5859.75,5860.25,26489
1741120200,5860.25,5862,5825,5832.5,53367
1741120500,5832.5,5836.75,5821.25,5822,40799
1741120800,5822,5825.75,5810.25,5821.75,45675
1741121100,5821.75,5828.25,5803,5805.25,41436
1741121400,5805,5805,5768.25,5788.5,88886
1741121700,5788.5,5794,5783.75,5790.75,112041
1741122000,5791,5811.25,5790.5,5800,52629
1741122300,5799.75,5809,5797.25,5805.5,15339
1741122600,5805.75,5819,5801.5,5810.75,23410
1741185000,5788,5797,5784,5796.25,42045
1741185300,5796.25,5800,5784.5,5797,39559
1741185600,5797,5812.75,5796.75,5806,37337
1741185900,5805.5,5808,5788.75,5788.75,31134
1741186200,5788.75,5800.5,5784,5787,33407
1741186500,5787.25,5791.25,5770.25,5778.25,28201
1741186800,5779.75,5814.5,5779.75,5805.75,49069
1741187100,5805.75,5817,5799.5,5809.5,35874
1741187400,5809.5,5812.5,5799.25,5804,30148
1741187700,5804,5805.5,5786.75,5789.5,34598
1741188000,5789.5,5793.25,5774.5,5780.5,35134
1741188300,5780.75,5786,5774.5,5779,28364
1741188600,5779.25,5791.5,5775.5,5786.75,26970
1741188900,5786.5,5804,5784.75,5800.25,22285
1741189200,5800.5,5800.75,5786.75,5793.5,18813
1741189500,5793.25,5800.75,5784,5787.25,22781
1741189800,5787,5795.5,5778.75,5794.75,19854
1741190100,5794.75,5799.25,5788.25,5789.5,16870
1741190400,5789.25,5789.25,5775.25,5780.75,22870
1741190700,5780.75,5782.75,5772.25,5775,18411
1741191000,5775,5775.75,5758.25,5769,30038
1741191300,5769,5771.25,5761.75,5763.5,19529
1741191600,5763.5,5769.25,5759,5768.75,20543
1741191900,5769,5771,5759,5769,19255
1741192200,5768.75,5768.75,5754.25,5756.5,19410
1741192500,5756.75,5768.5,5754.5,5764,18851
1741192800,5764,5764.75,5752,5754.75,15979
1741193100,5755,5761,5750.75,5758.25,13637
1741193400,5758,5762.25,5751.5,5761,15204
1741193700,5761.25,5788.5,5759.75,5779.5,62113
1741194000,5779.25,5797,5778,5782.25,39503
1741194300,5782,5788.25,5780.5,5787.75,19680
1741194600,5787.75,5792.75,5784,5785.75,15726
1741194900,5785.75,5795.75,5784.75,5790.25,15584
1741195200,5790,5804,5788,5801,20110
1741195500,5801,5808.5,5797.5,5807.25,13123
1741195800,5807.5,5811.25,5805.75,5809.5,14354
1741196100,5809.25,5813.5,5805.5,5812.75,12704
1741196400,5812.75,5815,5809,5812.25,17617
1741196700,5812.25,5812.25,5799.25,5811,21106
1741197000,5811.25,5827,5811,5821,20076
1741197300,5821.25,5829.5,5819.75,5828,16248
1741197600,5828,5830.5,5822.25,5828.25,23526
1741197900,5828.5,5832,5797.75,5803.5,45033
1741198200,5803.5,5820.5,5802.25,5814,23418
1741198500,5814.25,5820.25,5809.25,5816,16815
1741198800,5816.25,5820.5,5812,5817,10902
1741199100,5817,5818.25,5808.5,5812.75,12091
1741199400,5812.75,5817.5,5799.5,5808.25,26313
1741199700,5808.5,5815.25,5802.75,5814.5,18108
1741200000,5814.5,5814.5,5803.5,5805.75,11565
1741200300,5805.75,5823.75,5805.75,5822,15618
1741200600,5822.25,5828.75,5821.25,5826.25,15630
1741200900,5826.25,5836.25,5825.75,5835.25,12526
1741201200,5835,5844.5,5828.75,5844.25,22530
1741201500,5844,5859.5,5840.75,5859,23322
1741201800,5859,5862.75,5854.5,5859.5,18839
1741202100,5859.5,5864.25,5847.5,5848.5,24723
1741202400,5848.5,5861,5844.25,5859.75,14510
1741202700,5859.75,5860.25,5847.5,5848.5,15919
1741203000,5848.5,5855.25,5848.5,5852.25,12401
1741203300,5852,5855.5,5840.5,5850.75,16894
1741203600,5850.75,5856.75,5847.75,5850,13652
1741203900,5850,5858,5847,5856.75,12653
1741204200,5857,5860.25,5853,5858.25,11834
1741204500,5858.25,5862.5,5849.75,5851.25,15245
1741204800,5851.25,5867.5,5850,5864.25,16553
1741205100,5864.25,5869.5,5860.75,5867.25,12014
1741205400,5867,5868.5,5862.5,5866.75,11311
1741205700,5866.75,5868.5,5843,5853,26277
1741206000,5853,5856.5,5843.25,5851.25,18019
1741206300,5851,5863.75,5849.25,5861.5,13259
1741206600,5861.5,5861.75,5847.75,5853.25,20185
1741206900,5853,5856.75,5847,5854.75,12583
1741207200,5854.75,5860,5852,5857.75,12959
1741207500,5858,5858,5847.25,5851.25,15539
1741207800,5851,5860.75,5834,5856.5,38852
1741208100,5856.5,5857.75,5847.75,5850.75,78553
1741208400,5850.75,5852,5846,5849,24519
1741208700,5849,5852,5841.25,5847.75,10204
1741209000,5847.75,5848.75,5844,5845.25,3747
1741271400,5773.75,5776.75,5764.5,5769.5,41602
1741271700,5769.5,5771,5756.5,5767.75,42092
1741272000,5768,5771.75,5753.25,5755,36305
1741272300,5755.25,5769.75,5754.25,5766.75,31341
1741272600,5766.5,5779,5764.25,5767.75,34773
1741272900,5767.5,5770.75,5760.25,5763.25,23650
1741273200,5763.5,5785.75,5759.75,5781.5,44864
1741273500,5781.5,5796.75,5780.75,5792,47276
1741273800,5792,5796.75,5787.75,5793.5,31332
1741274100,5793.25,5802.75,5791.5,5799,35160
1741274400,5799,5806.5,5798,5799.75,30775
1741274700,5799.5,5805.5,5788.75,5803.75,34814
1741275000,5803.75,5805.5,5796.75,5800.5,22772
1741275300,5800.75,5816.75,5797.75,5815.25,28822
1741275600,5815,5820,5811.25,5817,27660
1741275900,5816.75,5819.75,5809.5,5810.5,23630
1741276200,5810.5,5811.25,5795.5,5796.75,26906
1741276500,5796.75,5807.75,5793.75,5806.5,24109
1741276800,5806.75,5815.75,5806.75,5810.5,20606
1741277100,5810.5,5820.75,5806.25,5819.75,23969
1741277400,5820,5821.25,5809.5,5812.75,21334
1741277700,5812.75,5815.75,5807,5809.5,20189
1741278000,5809.5,5811.75,5795.75,5805,25233
1741278300,5805,5810,5790.25,5804,38308
1741278600,5803.75,5820.25,5800.75,5811.75,35187
1741278900,5811.75,5812.75,5788,5790.25,28483
1741279200,5790.25,5791.75,5782.5,5787,22135
1741279500,5787,5791,5781,5782.5,16758
1741279800,5782.5,5782.5,5768.5,5771.5,26066
1741280100,5771.5,5772,5763,5764.25,20507
1741280400,5764,5768.75,5751,5751.75,32410
1741280700,5751.5,5757.75,5744,5757.25,43669
1741281000,5757.25,5757.75,5747.25,5748.25,25062
1741281300,5748.25,5755.5,5745.25,5753.5,25080
1741281600,5753.25,5764,5752,5752.25,29145
1741281900,5752.25,5752.5,5738.5,5744.5,29860
1741282200,5744.25,5756.25,5743.25,5747.75,23975
1741282500,5747.75,5749,5740.5,5740.5,14575
1741282800,5740.5,5754,5739.75,5744.75,22212
1741283100,5744.75,5745,5729,5731.5,27626
1741283400,5731.25,5738.5,5730,5737.25,19594
1741283700,5737.25,5754.75,5736,5749.5,26084
1741284000,5749.25,5751.5,5741,5744,20523
1741284300,5743.75,5749.75,5740.25,5743.75,16590
1741284600,5743.75,5749.25,5738.25,5748.5,19037
1741284900,5748.25,5758.25,5748,5756.5,17180
1741285200,5756.5,5760.25,5753,5757.5,15993
1741285500,5757.5,5759.5,5741.75,5744,18031
1741285800,5744,5750.25,5740.5,5743.5,15812
1741286100,5743.5,5747,5730.25,5730.5,18199
1741286400,5730.25,5731.25,5722.75,5730.25,24911
1741286700,5730.25,5741,5728,5735.5,21237
1741287000,5735.75,5746.75,5735.25,5740.75,17242
1741287300,5741,5744,5737,5740,15295
1741287600,5740,5741.75,5727.75,5729,15745
1741287900,5729.25,5736,5727.25,5734.25,14478
1741288200,5734.25,5742.5,5733.5,5734.5,15597
1741288500,5734.5,5739,5725.5,5728.25,19039
1741288800,5728.25,5732,5724.25,5731.5,14960
1741289100,5731.25,5731.25,5720,5725.25,17198
1741289400,5725,5730.25,5720.25,5725.5,19884
1741289700,5725.5,5732,5723,5727.25,14532
1741290000,5727.25,5741.75,5725.75,5736.75,24168
1741290300,5736.5,5761,5735.5,5756.25,38296
1741290600,5756.5,5768.5,5754.25,5757,39290
1741290900,5757,5757.25,5727,5729,36700
1741291200,5729,5743,5723.5,5740.5,35612
1741291500,5740.25,5749,5737,5743,25438
1741291800,5743,5752,5741,5751,25779
1741292100,5750.75,5755,5743.25,5751.75,21956
1741292400,5751.5,5755,5731.5,5736,27510
1741292700,5736,5751,5734.25,5749.25,22433
1741293000,5749.25,5761.75,5746.75,5748.25,30889
1741293300,5748.5,5756.5,5743,5743.5,25950
1741293600,5743.75,5746.25,5735.25,5737,22896
1741293900,5737.25,5749.75,5734.5,5749.75,25845
1741294200,5749.75,5754.75,5743.5,5753.5,34944
1741294500,5753.75,5755.25,5741,5747.75,87222
1741294800,5748,5755.75,5744.25,5755.25,29385
1741295100,5755.25,5759,5754.5,5758,11127
1741295400,5758.25,5761.5,5756.75,5758.25,6606
1741357800,5726.25,5745.25,5724.5,5745,38159
1741358100,5745,5747.75,5729.75,5739,32882
1741358400,5739,5765.25,5738,5755.25,48004
1741358700,5755.25,5775,5754.5,5771,40000
1741359000,5771,5777.25,5766.5,5773.5,25085
1741359300,5773.5,5778,5755.75,5756.25,29865
1741359600,5756.25,5766.5,5744.25,5764.25,32294
1741359900,5764.25,5768,5758.75,5763.25,21867
1741360200,5763.25,5766.25,5747.5,5748.75,21902
1741360500,5749,5749.5,5734.5,5739.5,29275
1741360800,5739.5,5753.5,5736.25,5748.75,22958
1741361100,5748.75,5749.25,5736.25,5740.75,17877
1741361400,5740.75,5740.75,5712.25,5717.5,37694
1741361700,5717.5,5717.75,5704.5,5708.5,32869
1741362000,5708.5,5715.25,5701.25,5713.25,30022
1741362300,5713.25,5747.75,5710,5735.5,47813
1741362600,5735.25,5738.5,5715.75,5726.25,36958
1741362900,5726.5,5732,5718.75,5726,18055
1741363200,5725.75,5728.25,5715.5,5720.5,18736
1741363500,5720.5,5729.75,5717.25,5722.75,16719
1741363800,5722.5,5725.5,5716.25,5720.25,14274
1741364100,5720.25,5721.75,5706,5707.5,16579
1741364400,5707.5,5710.25,5702,5702.75,17462
1741364700,5702.5,5703.5,5690.75,5693.25,30970
1741365000,5693.5,5697.25,5690.25,5692.5,24374
1741365300,5692.5,5694.5,5686.25,5688.5,25020
1741365600,5688.5,5689.25,5680,5687.25,29221
1741365900,5687.25,5690.25,5678.5,5682.75,21869
1741366200,5682.5,5684.5,5673,5680.5,23473
1741366500,5680.75,5689,5677.5,5687.75,21898
1741366800,5687.75,5703.5,5687,5691.25,27543
1741367100,5691.25,5696.25,5678,5681.75,21434
1741367400,5681.5,5688,5675,5686.5,20011
1741367700,5686.5,5688,5674.5,5678,14548
1741368000,5678,5693.5,5677,5691.75,17622
1741368300,5692,5697.75,5689,5697.5,13318
1741368600,5697.5,5712.25,5690.75,5710.5,24394
1741368900,5710.5,5720.75,5704.5,5711.25,25926
1741369200,5711.5,5730,5710.25,5729,20342
1741369500,5729,5740,5727,5730.75,29153
1741369800,5730.5,5746.75,5729.5,5746,19314
1741370100,5746,5747.75,5713.25,5718.5,30677
1741370400,5718.5,5746.25,5718,5745,25367
1741370700,5745,5758.25,5743.25,5744.25,32398
1741371000,5744,5752.5,5734.75,5751.5,20165
1741371300,5751.75,5754.75,5747.5,5753.5,15962
1741371600,5753.5,5759.75,5741,5742.5,23470
1741371900,5742.25,5747,5737.75,5742.75,17646
1741372200,5743,5749.25,5739.25,5745.75,13624
1741372500,5745.75,5763.75,5743.5,5762.25,17976
1741372800,5762.25,5766.75,5751.5,5758.5,17620
1741373100,5758.5,5767.25,5757.5,5761.5,13817
1741373400,5761.75,5770,5758.5,5768.5,13894
1741373700,5768.5,5770,5762.5,5769.75,14339
1741374000,5769.75,5779,5768,5774.25,18418
1741374300,5774.25,5774.25,5758.25,5758.75,16309
1741374600,5759,5770.75,5759,5768,11931
1741374900,5768,5777.25,5766.25,5776.5,9849
1741375200,5776.5,5790.25,5776.25,5789,21719
1741375500,5788.75,5789.75,5775.75,5783.25,19246
1741375800,5783.25,5789,5779.5,5782.75,16454
1741376100,5783,5788.25,5773.75,5784.5,16504
1741376400,5784.25,5786.25,5771.5,5775,18760
1741376700,5775,5775,5765.25,5766.5,20221
1741377000,5766.75,5772,5763.75,5770,15349
1741377300,5770.25,5774.5,5765.75,5769,11289
1741377600,5769,5770.75,5763,5767.25,14974
1741377900,5767.25,5781.75,5766.25,5781.25,18564
1741378200,5781,5784.5,5774.5,5775.75,14795
1741378500,5775.5,5783.75,5763.75,5780.5,17058
1741378800,5780.75,5781.5,5769.5,5771.75,13061
1741379100,5771.5,5779.25,5771,5776.75,10683
1741379400,5776.75,5780.5,5770,5777.5,14394
1741379700,5777.5,5778.25,5750.75,5756.25,28382
1741380000,5756.25,5764,5745.25,5762.5,25321
1741380300,5762.25,5776.25,5760.5,5775.75,19813
1741380600,5775.5,5782.75,5765.25,5782.5,28977
1741380900,5782.5,5791,5774,5775,80042
1741381200,5775.25,5776.25,5760.25,5768.5,30518
1741381500,5768.5,5774.5,5766,5774.5,8948
1741381800,5774.25,5774.5,5769,5773.75,4568
1741613400,5691.25,5703.5,5679.25,5687.25,50245
1741613700,5687.25,5700.5,5686.75,5699.75,41624
1741614000,5699.75,5711.25,5696,5707.5,40633
1741614300,5707.5,5710.5,5692.75,5699.5,35247
1741614600,5699.75,5705.5,5682.25,5685.5,39917
1741614900,5685.75,5699.5,5685.5,5689.25,30490
1741615200,5689.5,5689.5,5672.25,5675.25,51443
1741615500,5675.25,5680,5672.25,5674.25,34911
1741615800,5674.25,5683.25,5671,5679.25,34885
1741616100,5679.25,5686,5671.5,5673.5,30165
1741616400,5673.75,5681,5667.25,5679,35113
1741616700,5679,5681.75,5669.25,5670.75,21640
1741617000,5671,5676.25,5660.5,5662.75,28104
1741617300,5662.5,5672,5658.5,5665.5,28417
1741617600,5665.75,5667.75,5660.25,5661.5,22603
1741617900,5661.25,5669,5656.5,5662.75,28128
1741618200,5662.75,5664,5649.25,5651.75,29221
1741618500,5651.75,5656.75,5646.5,5655,27345
1741618800,5655,5667.25,5655,5662.5,34265
1741619100,5662.5,5669.75,5658.75,5669,24123
1741619400,5668.75,5670,5661.5,5667.75,19492
1741619700,5667.75,5669.25,5656.5,5657.75,22600
1741620000,5657.5,5668.75,5655.25,5664.25,19850
1741620300,5664.25,5668.75,5660.5,5667,16160
1741620600,5667.25,5678.25,5666,5675,24952
1741620900,5675,5682,5669.5,5670.75,20716
1741621200,5670.75,5672.5,5652.25,5655.5,24458
1741621500,5655.75,5668.25,5655.25,5666.25,21185
1741621800,5666,5667.5,5658.5,5662.25,13329
1741622100,5662,5663.5,5651.75,5653.75,16494
1741622400,5653.75,5661.25,5650.75,5651.5,14247
1741622700,5651.5,5656.25,5649.5,5651.5,12848
1741623000,5651.75,5661.25,5651.25,5660.5,13907
1741623300,5660.5,5661.25,5644.25,5647,18365
1741623600,5647,5648.25,5640,5646.75,15482
1741623900,5646.75,5653.5,5644.5,5653.25,14851
1741624200,5653.25,5667,5650.75,5665.75,20476
1741624500,5665.5,5665.5,5642.25,5643.25,16543
1741624800,5643.25,5651,5642.75,5645.75,15485
1741625100,5645.5,5652,5645,5647.25,12376
1741625400,5647.25,5653.75,5645.5,5649.75,11796
1741625700,5649.75,5654,5645.25,5645.75,10098
1741626000,5645.75,5647.25,5636.25,5636.75,17928
1741626300,5636.75,5640.75,5633.25,5633.75,16051
1741626600,5633.75,5636.5,5626.5,5635.75,23305
1741626900,5635.75,5640,5633.5,5637.5,15229
1741627200,5637.5,5646.5,5636,5642.5,15311
1741627500,5642.25,5642.5,5632.5,5634.75,13545
1741627800,5634.75,5635.5,5627,5627.75,16163
1741628100,5627.75,5631.25,5618.5,5625.5,18879
1741628400,5625.5,5628,5623.25,5623.25,14580
1741628700,5623.25,5630.5,5619,5621.25,13783
1741629000,5621,5626.75,5616.75,5626.25,18503
1741629300,5626,5627,5618.75,5619.75,11815
1741629600,5619.75,5622.75,5615.75,5616.75,13716
1741629900,5617,5617.75,5610,5617,19244
1741630200,5617,5631.25,5614.5,5619.75,33549
1741630500,5619.75,5626.25,5617,5618,15702
1741630800,5618.25,5622,5615.25,5617.75,11819
1741631100,5617.5,5620,5610.25,5614,15753
1741631400,5614,5620.75,5612.5,5613.5,13851
1741631700,5613.5,5614.5,5608,5608.5,12908
1741632000,5608.75,5611,5602.25,5608.75,18985
1741632300,5608.75,5611.25,5605,5605.5,15273
1741632600,5605.25,5608.25,5596.75,5597.5,18753
1741632900,5597.75,5598.5,5586.25,5588.75,26057
1741633200,5588.75,5593.5,5578.75,5583.75,25279
1741633500,5583.5,5587.5,5573.75,5576,26256
1741633800,5575.75,5593,5571.5,5592,34146
1741634100,5592.25,5605,5590,5604.25,33252
1741634400,5604.25,5615.5,5602.25,5614.25,31596
1741634700,5614.5,5629,5611.25,5612.75,38852
1741635000,5612.75,5638.25,5612,5636,38536
1741635300,5635.75,5641,5618.5,5629.5,45160
1741635600,5629.75,5631.75,5606.5,5606.75,39532
1741635900,5606.75,5623.75,5606.75,5619,29300
1741636200,5619.25,5632.5,5610.25,5618.25,46860
1741636500,5618.5,5629,5613,5623.5,124169
1741636800,5623.5,5624.75,5613.5,5622,38353
1741637100,5621.75,5627,5616.25,5625,12858
1741637400,5624.75,5626.75,5621,5625.5,7077
1741699800,5609,5618.25,5600.5,5604.75,43075
1741700100,5604.75,5623.5,5597.5,5622.25,40576
1741700400,5622.25,5624.5,5607,5621.5,35351
1741700700,5621.75,5631.75,5611,5630,30701
1741701000,5630,5632.5,5609.5,5612.75,28720
1741701300,5612.5,5618,5608,5613.25,17949
1741701600,5613.25,5635.75,5577.75,5584.5,67142
1741701900,5584.5,5614.5,5583.25,5611.5,36637
1741702200,5611.75,5613.75,5590.75,5594.25,25872
1741702500,5594,5603.5,5584.25,5596.25,29776
1741702800,5596.25,5600.25,5580,5585.75,25889
1741703100,5585.75,5586.75,5571,5574.25,29941
1741703400,5574.25,5587,5572.5,5575.75,31041
1741703700,5576,5580,5557.5,5562.25,33265
1741704000,5562,5573.5,5554.5,5567,35165
1741704300,5567.25,5575.75,5559.75,5564.75,30441
1741704600,5564.75,5585.25,5561,5584.75,29845
1741704900,5584.5,5585,5561,5562.75,25145
1741705200,5562.5,5573.25,5556.25,5564,25913
1741705500,5564,5596.75,5562.5,5594.75,31781
1741705800,5594.75,5603.75,5588,5593.25,30174
1741706100,5593.5,5602,5592.25,5598.5,24297
1741706400,5598.25,5602,5585.5,5587.25,26969
1741706700,5587.25,5599.75,5584.25,5586,25143
1741707000,5585.75,5602.25,5582.75,5596,19969
1741707300,5596,5600.25,5586.25,5599.25,16684
1741707600,5599.5,5614.75,5598.5,5608,22427
1741707900,5608.25,5610.75,5596.5,5607.25,18740
1741708200,5607.25,5609.75,5597.5,5605,15597
1741708500,5605.25,5607.25,5583.75,5586.5,19165
1741708800,5586.25,5591.25,5579,5584.25,20786
1741709100,5584,5586.25,5572,5575.25,20811
1741709400,5575.5,5576.25,5561.5,5564,20288
1741709700,5564,5571.75,5562.25,5569.5,19628
1741710000,5569.25,5578.75,5567.25,5574,15633
1741710300,5574,5580.5,5570.75,5573.25,14855
1741710600,5573,5581.5,5571.25,5578.75,15797
1741710900,5579,5583.75,5567,5569.5,18662
1741711200,5569.75,5580.75,5562.5,5567.25,21377
1741711500,5567.25,5573.25,5565.25,5570.75,14045
1741711800,5570.75,5572.5,5555.5,5560,16187
1741712100,5559.75,5564.5,5550,5557.25,21184
1741712400,5557.25,5558,5548.25,5551.25,15165
1741712700,5551.5,5554.5,5546.25,5551.25,13152
1741713000,5551.5,5554.25,5546.25,5548,13716
1741713300,5548.25,5557.5,5545.5,5550.25,15672
1741713600,5550.25,5554,5534,5542.5,23378
1741713900,5542.75,5544.75,5534.75,5536.25,14548
1741714200,5536,5547.75,5534.75,5540,21984
1741714500,5540,5544.5,5535.5,5543.75,13629
1741714800,5544,5553.25,5543,5553,16210
1741715100,5553,5568.5,5550,5561.5,24659
1741715400,5561.25,5568.25,5556.5,5562.25,16091
1741715700,5562.5,5563.5,5546.5,5557.25,21654
1741716000,5557.25,5585,5555.75,5578.25,36009
1741716300,5578.25,5587.75,5572,5581,21397
1741716600,5581,5593.5,5580.25,5592.5,21479
1741716900,5592.5,5593.5,5583.5,5591.25,18671
1741717200,5591.25,5608.25,5588,5599.25,23122
1741717500,5599.25,5604.5,5594,5599.25,20456
1741717800,5599.25,5601,5587.75,5592.5,21983
1741718100,5592.5,5603.5,5588.5,5601.75,14648
1741718400,5601.75,5624.75,5600,5622,33833
1741718700,5622,5629.5,5617.75,5627.25,30543
1741719000,5627.5,5643.75,5624.75,5636.25,29518
1741719300,5636.25,5638.5,5625,5630.25,27805
1741719600,5630.25,5633.5,5611.75,5623.25,30825
1741719900,5623.5,5641,5622.75,5633,35001
1741720200,5633,5633.75,5616.75,5617.75,24037
1741720500,5618,5618,5605.5,5612,26427
1741720800,5612.25,5624,5601,5602.25,26339
1741721100,5602.5,5617,5600.5,5610.75,19067
1741721400,5610.75,5615.75,5605.75,5607.75,19547
1741721700,5607.75,5618.25,5603,5606,19951
1741722000,5606,5611,5596.5,5610,23106
1741722300,5609.75,5615,5602.25,5613,19497
1741722600,5613,5613.25,5587.25,5594,44989
1741722900,5594.25,5596.5,5575,5575.75,93549
1741723200,5575.75,5585.75,5572.75,5585,39943
1741723500,5585,5588.5,5578.75,5585.75,13509
1741723800,5585.75,5589.5,5581.25,5587,10255
1741786200,5635.5,5645,5628,5638,48405
1741786500,5638,5644,5626.75,5636.75,34784
1741786800,5637,5640.5,5614.25,5619.75,34308
1741787100,5620,5628,5607,5616.5,33195
1741787400,5616.75,5631.5,5609.5,5609.75,39878
1741787700,5610,5613.75,5597,5608.5,45493
1741788000,5608.25,5611.75,5592.75,5606.75,37176
1741788300,5606.75,5617.5,5606.25,5615.5,24394
1741788600,5615.75,5619.25,5602.5,5607.25,19676
1741788900,5607.5,5607.75,5595.75,5605.75,23883
1741789200,5605.5,5611.25,5593.75,5599,21535
1741789500,5598.75,5609.5,5597.25,5603.75,16364
1741789800,5603.75,5606.75,5586.25,5588.75,23856
1741790100,5589,5592.75,5583.75,5585,17898
1741790400,5584.75,5586.75,5576.25,5579.25,24520
1741790700,5579,5583,5572.75,5575.75,21830
1741791000,5575.75,5589,5573,5587,20494
1741791300,5586.75,5587.25,5568.25,5569.5,20711
1741791600,5569.5,5572,5560,5562.5,21458
1741791900,5562.25,5564.75,5550.25,5558.75,22010
1741792200,5558.75,5565,5557,5562.25,17608
1741792500,5562.25,5574.5,5557.25,5570.25,20017
1741792800,5570,5580.75,5563.5,5577,18196
1741793100,5577.25,5585.75,5574.75,5582.5,18115
1741793400,5582.75,5590,5579.25,5585.25,16673
1741793700,5585.5,5595.75,5585,5591.5,14430
1741794000,5591.75,5595.75,5589,5592.25,11919
1741794300,5592.25,5602.5,5588.75,5599.25,20223
1741794600,5599.5,5605,5597.25,5603,12032
1741794900,5603,5606.25,5590,5604.75,21034
1741795200,5605,5605.75,5595.75,5600.75,13095
1741795500,5600.75,5612.25,5599,5609.5,13626
1741795800,5609.75,5621,5603.5,5618.25,22518
1741796100,5618.5,5619.25,5611,5617.5,15062
1741796400,5617.5,5622.75,5617.25,5619.75,13012
1741796700,5619.75,5621.75,5611.5,5616,17041
1741797000,5616.5,5625,5616.5,5624.5,14739
1741797300,5624.75,5626.5,5617.25,5618,13374
1741797600,5618,5618.25,5600.5,5603,27613
1741797900,5603,5621.75,5600.75,5620,16940
1741798200,5620.25,5623.25,5609.75,5617.75,15435
1741798500,5617.75,5620.5,5603.5,5604.5,11678
1741798800,5604.5,5609.75,5600.75,5606.75,12360
1741799100,5606.75,5614.25,5600,5613.75,12209
1741799400,5613.75,5619.5,5608.5,5619,12399
1741799700,5619.25,5620.25,5611.5,5617.5,8404
1741800000,5617.5,5625.75,5616.25,5624.25,10020
1741800300,5624,5628.25,5619.75,5628,12440
1741800600,5627.75,5631.5,5622.25,5625.75,14905
1741800900,5625.75,5630.25,5622.75,5624,9647
1741801200,5624,5627.5,5620.25,5620.5,8988
1741801500,5620.5,5626.75,5616.75,5617.75,11178
1741801800,5617.75,5619.5,5605.75,5607.75,15411
1741802100,5607.5,5608.5,5592.75,5593.75,20929
1741802400,5593.75,5609,5591.75,5601.25,20798
1741802700,5601,5601.75,5594,5598.25,10979
1741803000,5598.25,5609.5,5598.25,5607.5,11691
1741803300,5607.75,5611,5605,5611,9122
1741803600,5610.75,5614,5604.75,5610,11096
1741803900,5610,5616.25,5607.75,5616,8655
1741804200,5616,5619.75,5612.5,5619.25,10070
1741804500,5619,5620.75,5613.5,5618,8912
1741804800,5618.25,5626.75,5617.5,5625.75,8883
1741805100,5625.5,5633,5623.5,5629.75,11805
1741805400,5629.5,5629.75,5620.5,5624.25,11236
1741805700,5624,5629.25,5617.5,5626,11225
1741806000,5625.75,5626,5612.5,5620,14756
1741806300,5620.25,5621.5,5614.25,5619.75,10606
1741806600,5620,5622.5,5615,5615.75,9680
1741806900,5615.75,5619,5607.75,5617.25,17139
1741807200,5617.25,5618.75,5602.5,5607.75,16405
1741807500,5608,5615,5607.75,5610,12864
1741807800,5610,5616.75,5606.75,5608.25,15582
1741808100,5608.25,5609.5,5598,5604.75,21790
1741808400,5604.75,5607.5,5598,5606.5,16510
1741808700,5606.75,5610.25,5601.75,5608.5,18657
1741809000,5608.75,5610.25,5595.25,5608,30955
1741809300,5608,5613.5,5602.25,5602.75,74463
1741809600,5603,5604,5598.5,5601.25,26418
1741809900,5601.5,5603.25,5596.25,5599,6424
1741810200,5599,5601.75,5596.25,5597.25,5346
1741872600,5598,5599,5585.75,5596,29840
1741872900,5596.25,5599.75,5585.25,5593.5,24009
1741873200,5593.5,5600,5583.25,5583.5,20622
1741873500,5583.75,5588.5,5579.5,5580,19741
1741873800,5580,5583.25,5565.25,5568.25,25649
1741874100,5568,5570.5,5556.75,5563,32828
1741874400,5563.25,5574.5,5557,5569.25,31393
1741874700,5569.25,5580,5568.75,5577,22268
1741875000,5577,5589.75,5571.5,5589.25,25403
1741875300,5589.25,5597.5,5586.25,5594.75,24074
1741875600,5595,5597.5,5587.5,5596.75,21193
1741875900,5596.75,5603.75,5582.5,5584,24511
1741876200,5584,5596.75,5582.5,5585.25,22186
1741876500,5585.5,5588.75,5573,5576.75,18846
1741876800,5576.75,5578.5,5570.5,5576.25,15328
1741877100,5576.25,5581.5,5569.5,5573.25,17672
1741877400,5573.25,5586.5,5572.5,5579.25,17407
1741877700,5579.25,5580.25,5568,5572.75,14853
1741878000,5572.75,5581.75,5572.75,5578.75,16373
1741878300,5578.75,5582.5,5562.25,5564.75,16512
1741878600,5564.75,5568.5,5559.25,5563,15191
1741878900,5563.25,5565.25,5558.5,5564.75,13705
1741879200,5564.5,5565,5558.5,5563.5,12322
1741879500,5563.75,5566.75,5554,5555.5,17588
1741879800,5555.5,5561,5553.25,5556.25,15688
1741880100,5556.25,5556.5,5538.5,5542.25,28457
1741880400,5542,5564.5,5537.75,5555.75,43794
1741880700,5555.5,5558.5,5546.5,5555.5,26124
1741881000,5555.5,5556,5541.25,5542.25,16266
1741881300,5542.25,5544.5,5536.25,5537.75,17687
1741881600,5537.75,5547.5,5535.25,5545.5,21175
1741881900,5545.25,5553.5,5538,5551.25,17719
1741882200,5551,5551.5,5541.75,5542.25,13232
1741882500,5542.5,5545.25,5537.5,5543.5,12579
1741882800,5543.5,5546,5537.75,5538.75,11149
1741883100,5538.5,5542.25,5535.5,5538.5,15737
1741883400,5538.5,5552,5534.25,5551,22459
1741883700,5551,5557.75,5546,5556.75,16353
1741884000,5556.75,5558.75,5542.75,5544,17199
1741884300,5544,5546.5,5525.75,5532.25,25302
1741884600,5532,5543,5528.75,5534.5,21913
1741884900,5534.25,5539.25,5531,5538.75,14040
1741885200,5538.5,5542,5531.75,5541.25,13827
1741885500,5541,5546,5531.5,5533,14563
1741885800,5533,5534.25,5525,5528.25,13020
1741886100,5528.25,5528.75,5516,5518,18984
1741886400,5518,5526.75,5517.5,5521,14441
1741886700,5521,5526.25,5519,5523.5,10787
1741887000,5523.25,5524.5,5515.5,5516.25,11742
1741887300,5516.25,5519,5513.25,5514.5,11924
1741887600,5514.5,5519.5,5512.25,5513,12475
1741887900,5513,5514.5,5509.25,5512.75,12627
1741888200,5512.75,5521.75,5511.5,5521,15811
1741888500,5521,5521.5,5511.75,5513.25,10718
1741888800,5513.25,5529.5,5512,5526.5,18059
1741889100,5526.75,5535,5524.5,5530.75,15685
1741889400,5530.75,5545.5,5529.75,5540.75,16729
1741889700,5541,5541.5,5530.5,5533.25,15154
1741890000,5533.5,5540.75,5531,5538.75,10943
1741890300,5539,5543.25,5535.5,5543.25,13924
1741890600,5543.5,5549.75,5537.75,5543,15175
1741890900,5543.25,5551.5,5543,5548.5,12485
1741891200,5548.5,5554.5,5545.5,5552.75,10860
1741891500,5552.75,5555.5,5547.25,5553.5,12812
1741891800,5553.75,5555,5540.5,5547.25,19210
1741892100,5547.25,5553,5543.75,5552,13843
1741892400,5551.75,5559,5545.75,5547.5,18687
1741892700,5547.25,5547.75,5534.5,5537.75,17109
1741893000,5537.75,5544.5,5534.5,5541.5,13095
1741893300,5541.75,5545.5,5539.25,5544,13217
1741893600,5543.75,5543.75,5537,5538.25,9945
1741893900,5538.25,5539,5521.25,5527.5,23025
1741894200,5527.25,5533.25,5522.25,5531,18445
1741894500,5530.75,5531,5516.25,5516.5,19687
1741894800,5516.5,5524.75,5516.25,5523.5,20995
1741895100,5523.75,5527,5518.75,5524.75,21904
1741895400,5524.5,5524.5,5514,5521.75,31464
1741895700,5522,5529.25,5521,5528.25,89367
1741896000,5528.5,5539,5526.75,5538.75,37083
1741896300,5539,5540.25,5536.5,5540,10213
1741896600,5540,5544.25,5538.75,5543.5,6206
1741959000,5572,5579.5,5568.5,5577,41570
1741959300,5577.25,5591.75,5575.75,5588.25,29196
1741959600,5588.5,5593.75,5586.75,5593,17379
1741959900,5593,5603.75,5592.75,5602.25,22268
1741960200,5602.5,5607.75,5597.25,5607,20843
1741960500,5606.75,5607.25,5592,5595.5,19077
1741960800,5595.25,5595.25,5564,5588.5,53539
1741961100,5588.75,5599.75,5581.75,5581.75,30460
1741961400,5582,5587.5,5573.25,5577.5,27092
1741961700,5577.5,5581.75,5575,5579.75,17459
1741962000,5579.75,5587,5569.5,5586.25,22982
1741962300,5586.25,5587,5577.25,5580.5,17083
1741962600,5580.5,5588.75,5579.25,5587,17937
1741962900,5586.75,5597.75,5580.75,5596.5,17298
1741963200,5596.5,5599.25,5589.75,5597.75,17405
1741963500,5598,5603.75,5597.5,5600.25,19567
1741963800,5600.5,5606,5600.25,5601,16032
1741964100,5601.25,5613.75,5596.75,5613.75,20242
1741964400,5613.5,5620,5613.5,5616,21290
1741964700,5616.25,5617.5,5610.75,5612,13640
1741965000,5612,5617.75,5610.25,5614,16443
1741965300,5614.25,5621.5,5614,5620.5,15945
1741965600,5620.5,5625.25,5619,5624.5,16078
1741965900,5624.5,5626,5618.25,5621.25,14487
1741966200,5621.25,5629.25,5621.25,5626.5,14482
1741966500,5626.75,5629.25,5623.5,5628.75,10951
1741966800,5629,5634,5627.5,5633.75,13771
1741967100,5633.5,5635.5,5623.75,5628.75,20411
1741967400,5628.75,5629.25,5622.75,5628.5,11853
1741967700,5628.5,5634.25,5627.25,5632.25,13686
1741968000,5632,5633.25,5626,5626,11592
1741968300,5626.25,5628.5,5621.25,5621.25,13904
1741968600,5621.25,5623.5,5616.75,5619,13920
1741968900,5618.75,5619,5612.5,5615.75,17091
1741969200,5616,5623.5,5615,5620.75,14779
1741969500,5620.5,5623,5611,5613,13969
1741969800,5613,5618,5611,5617.75,12978
1741970100,5617.5,5628.25,5616.75,5621.75,14423
1741970400,5621.5,5628.75,5621.25,5627.5,10090
1741970700,5627.75,5628,5623.75,5628,7309
1741971000,5628,5635.25,5627,5632.75,13233
1741971300,5633,5634.5,5628.75,5631.75,10822
1741971600,5631.5,5639,5629,5631.25,22451
1741971900,5631.25,5638,5629.5,5634.5,10008
1741972200,5634.5,5635.25,5628,5629.75,9517
1741972500,5629.5,5634.75,5627.25,5628.25,8492
1741972800,5628,5633.25,5626.5,5627.75,9830
1741973100,5627.75,5631.75,5622.75,5625,12806
1741973400,5625,5630.5,5620.75,5622.5,11113
1741973700,5622.75,5627.25,5618,5625.5,12722
1741974000,5625.5,5626.25,5617.75,5618.5,8201
1741974300,5618.5,5620,5615.5,5618.25,9113
1741974600,5618.25,5625,5618,5623.75,10307
1741974900,5623.5,5624.25,5615.75,5617.25,8258
1741975200,5617.25,5625.75,5617.25,5625.25,10115
1741975500,5625.25,5628.25,5622.25,5624.25,10482
1741975800,5624,5626,5617.25,5618,9141
1741976100,5618,5620.5,5615.75,5618,8036
1741976400,5618,5619.75,5613,5614,8010
1741976700,5614,5620.5,5613.75,5617.5,7462
1741977000,5617.75,5627.25,5617.75,5626.25,9208
1741977300,5626.25,5632.75,5623.5,5632.5,9189
1741977600,5632.75,5633.75,5626.75,5631,9347
1741977900,5631.25,5635.75,5630,5631.5,7749
1741978200,5631.75,5633.25,5627.5,5629.25,8426
1741978500,5629.5,5630.75,5623.25,5628.5,10349
1741978800,5628.5,5632.5,5625.5,5632,8300
1741979100,5632.25,5635.75,5630.75,5634.25,9588
1741979400,5634.25,5638.5,5632,5638,11459
1741979700,5637.75,5638,5632,5633.5,11174
1741980000,5633.75,5635.75,5628.5,5632.5,9429
1741980300,5632.5,5635,5627.75,5628.75,10798
1741980600,5629,5634,5628.75,5631.5,9661
1741980900,5631.5,5632.25,5626.25,5627.25,11459
1741981200,5627,5630.75,5624,5630,14189
1741981500,5630,5636.5,5627.75,5635.75,17471
1741981800,5635.5,5646.25,5628.5,5644.75,30796
1741982100,5644.75,5648.75,5637.5,5637.5,86435
1741982400,5637.75,5637.75,5628,5631,40193
1741982700,5631,5632.25,5628,5628.75,7635
1741983000,5628.75,5630.5,5625.25,5626.5,7225
1742218200,5637.25,5654.25,5632.75,5654,22393
1742218500,5654,5666.5,5652.75,5665.5,19391
1742218800,5665.5,5671,5664.5,5668.5,11775
1742219100,5668.5,5673,5657,5658,15189
1742219400,5657.75,5671.75,5653.25,5670.75,13082
1742219700,5670.75,5674,5664.75,5667,8673
1742220000,5667,5668,5653.25,5657.5,13179
1742220300,5657.5,5666.25,5653.75,5662.5,12186
1742220600,5662.25,5673.25,5661.5,5672,9194
1742220900,5672.25,5673,5664.5,5667.25,9098
1742221200,5667.5,5671.75,5665.25,5668.5,5317
1742221500,5668.5,5671.75,5655.5,5656.25,7865
1742221800,5656.25,5660,5650.75,5656,10177
1742222100,5656.25,5665,5649.25,5663.25,8321
1742222400,5663,5667,5659,5665.5,5480
1742222700,5665.5,5666,5659.5,5664,5766
1742223000,5664,5664.5,5653.75,5655,5709
1742223300,5654.75,5654.75,5646.75,5650,8207
1742223600,5650.25,5656.25,5645.75,5648.75,7707
1742223900,5648.5,5651,5644.5,5650,5721
1742224200,5650,5656.5,5646,5655.25,7139
1742224500,5655.25,5662,5650.25,5661.25,6242
1742224800,5661.5,5662.5,5657.5,5659.25,3952
1742225100,5659.25,5660.75,5650.5,5651.25,5466
1742225400,5651.25,5654.75,5638,5642.5,9414
1742225700,5642.5,5647.5,5640.25,5642,8182
1742226000,5642.25,5645.5,5640,5643.25,3621
1742226300,5643.25,5649.75,5641.5,5649,4758
1742226600,5649,5652.75,5646,5652.25,3998
1742226900,5652.5,5653.75,5646.25,5648.5,4486
1742227200,5648.5,5652.5,5642.5,5652,4797
1742227500,5652,5662.25,5651.5,5659.75,6480
1742227800,5660.25,5663,5656.5,5659.75,3999
1742228100,5659.75,5660.75,5652.25,5653.5,4980
1742228400,5653.75,5654.25,5647.25,5650.25,3964
1742228700,5650.25,5652.25,5647,5648.25,4089
1742229000,5648.25,5652.25,5646.75,5650,3879
1742229300,5650.25,5657.25,5649.25,5652.75,4680
1742229600,5652.75,5653.25,5646,5648.5,3357
1742229900,5648.75,5653.5,5644.5,5653.5,3512
1742230200,5653.5,5658.25,5650,5657.5,3431
1742230500,5657.5,5659.5,5654.25,5656.25,3983
1742230800,5656,5657.5,5649.5,5650.75,3628
1742231100,5650.75,5659.25,5650.25,5658.75,3238
1742231400,5658.75,5661.75,5656.5,5661.25,3526
1742231700,5661.25,5662,5658.5,5660,2829
1742232000,5660.25,5666,5657.5,5664.5,4268
1742232300,5664.75,5670,5664.25,5668.25,4667
1742232600,5668.25,5672.25,5666.25,5672,4142
1742232900,5672.25,5679,5670.5,5677.25,11614
1742233200,5677.75,5681.5,5676.5,5679.25,4783
1742233500,5679.5,5680.5,5674.75,5680,4063
1742233800,5680,5684,5679.75,5683,4904
1742234100,5683,5683.75,5680.5,5681.25,3262
1742234400,5681.25,5689.25,5681,5683.75,11227
1742234700,5683.75,5688.75,5682.75,5687.75,4444
1742235000,5687.75,5695.5,5685.5,5694.25,7052
1742235300,5694.5,5698,5692,5695.5,6126
1742235600,5695.5,5696.75,5691.25,5695,4572
1742235900,5695,5699.5,5694.75,5697,3709
1742236200,5697,5701.75,5695.25,5701.75,3884
1742236500,5701.75,5701.75,5696,5700,4668
1742236800,5700,5701.25,5697.25,5700,2792
1742237100,5699.75,5706.5,5699,5704.25,5598
1742237400,5704.25,5707.5,5703,5704.5,3542
1742237700,5704.5,5707.25,5702,5702.25,3074
1742238000,5702,5703.5,5697.5,5699.75,5406
1742238300,5699.75,5703.25,5697.75,5698.75,3768
1742238600,5698.75,5699.5,5694.5,5697.25,4955
1742238900,5697.25,5697.5,5694,5697,3543
1742239200,5696.75,5700,5696.75,5698,5046
1742239500,5698,5701.5,5695.25,5700.5,4921
1742239800,5700.5,5703.25,5696.75,5697.25,6100
1742240100,5697.25,5700.25,5695.25,5697.25,5636
1742240400,5697.5,5699.25,5695.25,5699,4275
1742240700,5698.75,5699.75,5695,5696,4169
1742241000,5695.75,5698.25,5688.5,5691.25,10310
1742241300,5691.5,5691.5,5678.25,5680.5,40345
1742241600,5680.5,5681.5,5674,5677,13978
1742241900,5677,5679.5,5676.25,5678,3084
1742242200,5678.25,5679.5,5676.5,5677.25,1796
1742304600,5708.75,5711.25,5700.25,5701.5,31277
1742304900,5701.5,5701.75,5686.75,5688.5,30108
1742305200,5688.5,5695,5677.25,5678,35210
1742305500,5678,5683.75,5672,5679.5,29067
1742305800,5679.5,5683,5673,5674,19909
1742306100,5674.25,5675.5,5666.5,5668.25,21410
1742306400,5668.5,5671,5662.5,5670.75,21899
1742306700,5670.5,5677.25,5666.75,5675.5,20745
1742307000,5675.5,5677,5664.75,5665.5,19406
1742307300,5665.75,5669.75,5661.75,5665.25,15406
1742307600,5665.5,5673.5,5664.5,5672.25,15360
1742307900,5672.25,5675.5,5669.75,5673.25,11190
1742308200,5673.25,5676.25,5668.75,5675,14302
1742308500,5674.5,5679.5,5671.75,5679,11739
1742308800,5679.25,5681.25,5669.75,5672,13066
1742309100,5672,5672,5663.5,5666.25,14161
1742309400,5666.25,5673.75,5666.25,5671,9715
1742309700,5670.75,5676.5,5665.5,5668,13572
1742310000,5668.25,5669.75,5654.5,5659.75,21547
1742310300,5659.75,5661,5653.25,5657.75,12437
1742310600,5657.75,5664.5,5656,5662.5,10628
1742310900,5662.25,5665.25,5658.25,5663.75,8093
1742311200,5664,5665,5656.75,5659,7577
1742311500,5659.25,5666.75,5659.25,5660,9783
1742311800,5660,5664.25,5657.25,5660.5,9057
1742312100,5660.75,5666.75,5659,5666,10121
1742312400,5666,5668.75,5660,5662.75,7953
1742312700,5662.5,5666,5658.75,5659,5498
1742313000,5659,5659.75,5655,5656,8250
1742313300,5656,5658.25,5650.75,5656,10481
1742313600,5656.25,5663,5654.25,5661,10002
1742313900,5660.75,5663.5,5659.75,5662,6245
1742314200,5662,5671.5,5661.5,5670.75,12380
1742314500,5671,5672.75,5663.25,5664,8753
1742314800,5664,5669,5663.5,5668.75,6980
1742315100,5668.75,5677.5,5667.5,5677,10337
1742315400,5677,5678.75,5672,5672.75,11192
1742315700,5673,5676.5,5669,5673.75,7712
1742316000,5673.5,5675.5,5660.75,5661.25,9829
1742316300,5661.25,5664.75,5658,5660.5,9151
1742316600,5660.5,5661.25,5653,5661,9975
1742316900,5660.75,5672.5,5660.75,5668.75,8881
1742317200,5668.75,5671,5666.25,5668.75,6336
1742317500,5668.75,5669,5658.25,5662.75,8580
1742317800,5662.75,5671.75,5659.5,5670.25,8298
1742318100,5670.5,5671.75,5652,5660.75,19546
1742318400,5661,5669.75,5660.25,5667,13092
1742318700,5667,5672.75,5662.25,5666,9842
1742319000,5666,5668.5,5660,5668.25,9386
1742319300,5668.25,5675.5,5666.25,5674,9276
1742319600,5674.25,5674.75,5668.25,5669.25,6718
1742319900,5669.25,5674.5,5669,5673.25,6679
1742320200,5673.25,5675.75,5672.25,5672.75,6872
1742320500,5673,5673.5,5664.75,5668.5,8950
1742320800,5668.5,5669.75,5658,5660.75,9244
1742321100,5660.5,5665.25,5658,5664.5,7541
1742321400,5664.5,5664.5,5657.25,5658.5,5620
1742321700,5658.5,5665,5658,5664.75,7783
1742322000,5664.5,5673.25,5662.5,5670.5,9025
1742322300,5670.5,5673.75,5664.25,5665,8288
1742322600,5665,5673.25,5664,5667,6262
1742322900,5667,5673.75,5666.75,5672,5550
1742323200,5671.75,5673.25,5665.5,5668.25,5476
1742323500,5668,5678.25,5667.75,5675.5,8768
1742323800,5675.5,5682.5,5672.75,5675.75,19911
1742324100,5675.5,5678.5,5670.75,5674.25,9224
1742324400,5674,5674.75,5668.25,5672.25,9749
1742324700,5672.5,5673.75,5666,5668.75,7158
1742325000,5668.5,5672.75,5666.25,5671.5,8493
1742325300,5671.5,5676.5,5669.5,5674.5,7317
1742325600,5674.75,5677.75,5672.25,5675,6006
1742325900,5675,5675.5,5666.25,5671.75,9176
1742326200,5671.75,5675.25,5669.25,5673.5,7733
1742326500,5673.5,5673.5,5667.5,5668.5,10426
1742326800,5668.25,5672,5664.75,5667.5,10767
1742327100,5667.5,5668.5,5659,5661.5,11628
1742327400,5661.5,5673.75,5660.75,5670.75,23501
1742327700,5670.75,5672.75,5665.75,5672,58302
1742328000,5671.75,5678.75,5671,5674.25,28755
1742328300,5674.5,5676,5673,5675.5,4048
1742328600,5675.5,5676.75,5673.75,5674.25,3323
1742391000,5687.75,5692.5,5682.5,5685.75,25913
1742391300,5685.75,5689,5681,5687.25,15977
1742391600,5687.5,5689,5675.75,5678.75,13780
1742391900,5678.75,5695.25,5678,5692.25,25747
1742392200,5692.5,5703.5,5690.5,5702.25,15351
1742392500,5702.5,5704.5,5698.75,5699.75,13507
1742392800,5699.5,5706.75,5699,5705.25,15550
1742393100,5705.5,5713.75,5704.75,5712.75,15175
1742393400,5713,5713,5706,5709,13834
1742393700,5709.25,5711.25,5706,5711,10294
1742394000,5711.25,5712.25,5708,5709.5,8605
1742394300,5709.5,5711,5704,5704.75,11779
1742394600,5704.75,5708.75,5703,5706,8538
1742394900,5706,5708,5702.5,5704,8273
1742395200,5704,5705.75,5697.25,5699.75,11779
1742395500,5699.5,5702.25,5695.75,5701,12821
1742395800,5701,5701.25,5693.75,5695.25,8892
1742396100,5695.5,5697.75,5692.75,5695,8261
1742396400,5694.75,5699.5,5693.25,5698.5,7217
1742396700,5698.75,5705.5,5697.5,5705.25,11037
1742397000,5705.25,5707.5,5704.25,5705.75,7876
1742397300,5706,5706.75,5696.75,5697.25,8178
1742397600,5697.25,5706,5695.5,5703.25,10295
1742397900,5703.25,5707.5,5701,5705.75,8835
1742398200,5705.75,5709.25,5703,5707.75,7916
1742398500,5707.5,5710.25,5705.75,5708.5,7078
1742398800,5708.25,5712.75,5708,5711.25,6248
1742399100,5711.25,5714.5,5709.75,5714.5,6137
1742399400,5714.5,5723.25,5714.5,5720.5,16964
1742399700,5720.5,5720.75,5715.25,5718,11214
1742400000,5718,5719.75,5716,5717.75,6471
1742400300,5717.75,5722.25,5716.75,5718.5,7453
1742400600,5718.5,5719.5,5711.5,5713.25,10607
1742400900,5713.25,5713.75,5710.25,5712.25,7536
1742401200,5712.5,5715.25,5710,5712.25,7527
1742401500,5712.5,5716.5,5710.75,5715.5,5104
1742401800,5715.25,5716.5,5708.75,5712,9408
1742402100,5712.25,5713.25,5709,5710.5,6315
1742402400,5710.5,5711.5,5708.5,5710.75,4352
1742402700,5710.75,5711.5,5708.75,5709.25,3401
1742403000,5709.5,5714,5707.5,5713.75,6696
1742403300,5713.5,5713.5,5706.25,5709.5,7222
1742403600,5709.5,5711.75,5705,5707,5961
1742403900,5707,5708,5700,5701.5,9872
1742404200,5701.75,5702.75,5695,5696.25,12148
1742404500,5696.25,5698.75,5692.25,5697,12822
1742404800,5697.25,5699.5,5695.75,5696.25,8173
1742405100,5696.25,5697,5692.5,5693,6409
1742405400,5693.25,5694.25,5688.5,5693.25,9023
1742405700,5693.5,5701.5,5693,5701,8664
1742406000,5700.75,5702.25,5694.75,5695.75,7489
1742406300,5695.5,5697,5686.25,5689,9141
1742406600,5689,5695,5688.5,5693.25,6435
1742406900,5693.25,5695,5690.5,5691.25,4109
1742407200,5691.25,5711.25,5682,5704,31136
1742407500,5704,5707,5692.25,5705.25,20281
1742407800,5705.25,5716,5705,5711.25,16524
1742408100,5711.25,5718.75,5711,5711.25,12520
1742408400,5711,5714.25,5706.5,5710,12343
1742408700,5710,5713.25,5703,5705.5,9759
1742409000,5705.75,5727.25,5705.25,5719.5,19998
1742409300,5719.25,5723.5,5712.25,5715,14720
1742409600,5715,5732.25,5711.5,5729.25,21624
1742409900,5729.5,5732.25,5724,5725.75,14826
1742410200,5725.75,5741.75,5725,5736.5,21222
1742410500,5736.75,5746,5733.25,5743,18009
1742410800,5742.75,5750.75,5742,5748.75,17102
1742411100,5748.5,5766.75,5747.75,5764.25,40966
1742411400,5764.5,5770.5,5754.75,5761.5,34387
1742411700,5761.25,5764.25,5753.5,5754.75,28401
1742412000,5754.75,5755.75,5740.25,5745,26444
1742412300,5745.25,5746.75,5726,5732.25,30980
1742412600,5732.25,5745,5729.5,5741.25,24963
1742412900,5741,5747.25,5733.25,5744.25,21909
1742413200,5744.25,5754,5742,5752.75,21413
1742413500,5752.75,5754.25,5741.5,5744.75,16963
1742413800,5744.5,5744.5,5729,5736.25,29839
1742414100,5736,5736,5727,5730.75,75444
1742414400,5731,5736,5730,5735,23349
1742414700,5735.25,5736.75,5733.75,5735.75,6375
1742415000,5735.75,5736.5,5733.25,5734.25,4289
1742477400,5692,5705.75,5684.5,5702.75,33428
1742477700,5702.75,5706.75,5700.25,5705.75,21540
1742478000,5705.75,5713.75,5702.25,5710.25,23497
1742478300,5710,5715.75,5709.5,5713.25,21170
1742478600,5713.5,5720.5,5711.75,5719,17306
1742478900,5719,5726.5,5715.75,5725.25,17189
1742479200,5725.5,5744.5,5723.5,5740.75,30810
1742479500,5740.75,5746.75,5737,5742,21052
1742479800,5742,5744.5,5737.75,5741.5,17257
1742480100,5741.75,5750.5,5735.25,5747.25,21303
1742480400,5747.25,5756,5744,5753.75,18855
1742480700,5753.75,5760,5752.5,5754,22774
1742481000,5754,5755.25,5749.75,5750,17482
1742481300,5750.25,5760.75,5747.25,5754.75,18717
1742481600,5755,5764.5,5753.25,5762.25,17686
1742481900,5762.25,5765.25,5760.5,5762.25,12571
1742482200,5762.25,5762.25,5754.75,5757,13916
1742482500,5756.75,5758.25,5751,5753.25,14539
1742482800,5753.25,5755.25,5747.25,5751.25,18021
1742483100,5751.25,5756.5,5748.25,5755.75,12109
1742483400,5755.5,5758.25,5752.5,5755.25,10548
1742483700,5755.25,5756.25,5747.5,5748.25,11272
1742484000,5748.25,5752.25,5745.75,5749.75,11645
1742484300,5749.75,5751.75,5746.75,5748.5,7920
1742484600,5748.25,5750,5738.25,5741,17232
1742484900,5740.75,5744.25,5735.5,5743.75,16185
1742485200,5743.5,5751.25,5743.25,5749.75,11307
1742485500,5749.5,5755,5746.5,5752.5,9855
1742485800,5752.75,5754,5748.25,5751.75,7914
1742486100,5751.5,5751.75,5739.25,5740.5,14213
1742486400,5740.5,5753.25,5737.75,5743.5,21267
1742486700,5743.5,5745.5,5736.5,5738.75,13200
1742487000,5738.75,5740.25,5731.25,5738.75,16968
1742487300,5738.75,5739,5733.5,5736,8678
1742487600,5735.75,5736,5730,5730.75,10712
1742487900,5730.5,5733.25,5717.75,5721,26326
1742488200,5721,5726.75,5720.25,5721,19396
1742488500,5721,5729.25,5718.5,5727,14875
1742488800,5727,5727.25,5717.5,5719.5,12992
1742489100,5719.5,5722.75,5714.75,5716,12632
1742489400,5715.75,5724.25,5714.75,5723.5,11993
1742489700,5723.75,5725.5,5715.5,5717.5,11236
1742490000,5717.25,5723.25,5716.25,5723,9753
1742490300,5723.25,5731,5722,5729.5,14586
1742490600,5729.25,5730.75,5724.75,5728.25,8731
1742490900,5728,5728.75,5720.75,5725,8850
1742491200,5725,5725.5,5714.5,5715.25,10494
1742491500,5715.25,5717,5705,5705.25,19048
1742491800,5705.5,5715.25,5704.5,5712.25,20097
1742492100,5712,5717.75,5708.25,5716.75,12748
1742492400,5716.75,5717.5,5711.25,5717,8832
1742492700,5717,5723.5,5715.25,5716.5,11092
1742493000,5716.75,5717.5,5709.5,5709.75,9351
1742493300,5709.75,5711.75,5705.75,5709.75,11097
1742493600,5709.75,5713.75,5708.5,5711,8445
1742493900,5710.75,5714.75,5709.25,5712.75,6521
1742494200,5712.75,5720,5712.75,5714.75,10945
1742494500,5714.75,5717.25,5713.5,5713.5,6844
1742494800,5713.5,5713.5,5705.5,5708.25,11150
1742495100,5708.5,5709.25,5698.25,5699,15585
1742495400,5698.75,5699.75,5695,5697.25,18287
1742495700,5697,5706,5696.75,5704,14344
1742496000,5704,5704.75,5697.75,5698.75,8320
1742496300,5698.75,5707,5698,5706.5,10471
1742496600,5706.25,5717,5705.75,5715.75,17835
1742496900,5716,5717,5700.75,5702.25,15431
1742497200,5702.5,5712.5,5701.5,5708.75,15568
1742497500,5708.5,5713.25,5706.5,5707.25,10782
1742497800,5707,5714.25,5706.25,5710.75,10521
1742498100,5710.5,5716.75,5709.5,5715,11441
1742498400,5715,5721.5,5714.75,5718.75,13085
1742498700,5719,5719.25,5703.5,5704.75,15775
1742499000,5704.75,5713.5,5704.75,5709.75,18119
1742499300,5709.75,5716.75,5708.5,5711,12490
1742499600,5710.75,5717.25,5710.25,5717,10774
1742499900,5717,5723.5,5716.5,5723.25,16284
1742500200,5723,5723,5712.25,5716,26530
1742500500,5716,5724.75,5710.25,5714.5,70735
1742500800,5714.5,5717.5,5712.75,5717,29526
1742501100,5717.25,5717.5,5714,5716.75,4942
1742501400,5716.75,5718.5,5716.25,5716.5,4355
1742563800,5664,5672.5,5657.75,5666.75,51150
1742564100,5667,5667.25,5653.5,5660.75,27487
1742564400,5660.5,5674.75,5658.25,5668.5,24450
1742564700,5668.75,5673.5,5663.5,5669.75,19267
1742565000,5669.5,5674.75,5659.25,5669.5,22231
1742565300,5669.75,5675.75,5666.25,5670.75,15472
1742565600,5671,5672.25,5660.75,5666.25,18611
1742565900,5666.5,5669,5656,5656.75,19121
1742566200,5656.75,5665,5652.25,5663.5,21765
1742566500,5663.5,5668.25,5659,5666.5,16014
1742566800,5666.5,5675.75,5662.5,5673.75,17377
1742567100,5673.75,5676.75,5669.75,5671.25,15108
1742567400,5671.5,5674.25,5668,5671.75,13399
1742567700,5672,5674.5,5664.75,5665,11938
1742568000,5665.25,5673.25,5662.25,5671.5,14448
1742568300,5671.25,5675.5,5668,5673.5,10814
1742568600,5673.25,5676,5669.75,5675.75,9889
1742568900,5675.75,5687.5,5674.75,5687.25,22911
1742569200,5687.25,5691,5684.75,5685.25,20370
1742569500,5685.5,5689,5683.25,5687.75,11148
1742569800,5687.5,5688.75,5677.5,5678,11890
1742570100,5678,5680.25,5673,5674.75,13671
1742570400,5674.75,5677.5,5671,5672.75,11597
1742570700,5672.75,5674.5,5669,5670.5,11129
1742571000,5670.5,5678.5,5669,5673.25,13997
1742571300,5673.25,5675.25,5670.75,5671.75,7162
1742571600,5671.75,5673.75,5661.25,5663.25,15513
1742571900,5663,5670.75,5662.25,5666.5,11632
1742572200,5666.5,5670,5660.25,5666.75,20131
1742572500,5667,5671.5,5666,5666.25,11709
1742572800,5666,5671.5,5658.75,5670.25,24402
1742573100,5670.25,5678.5,5669,5677.5,12547
1742573400,5677.75,5687.75,5677.25,5685.5,17135
1742573700,5685.75,5695.75,5683.75,5693.25,17629
1742574000,5693.25,5700,5692.5,5699.25,18206
1742574300,5699,5700,5694.5,5696.5,15130
1742574600,5696.75,5700.5,5694,5697.75,15705
1742574900,5697.75,5698,5690.5,5694.75,12228
1742575200,5694.75,5697.5,5690.5,5692,8875
1742575500,5691.75,5702.75,5691.75,5700.75,12497
1742575800,5701,5703.5,5697.75,5699.5,10373
1742576100,5699.75,5710,5698.25,5709.5,13827
1742576400,5709.75,5709.75,5701.25,5704,12584
1742576700,5704,5707.25,5703.5,5706.5,7112
1742577000,5706.5,5707.75,5698.5,5700.25,9960
1742577300,5700.25,5701.25,5695.25,5695.75,9539
1742577600,5695.75,5702.25,5694,5700.5,7891
1742577900,5700.25,5701.75,5691.25,5693.5,7765
1742578200,5693.5,5694.5,5687.75,5693.75,10523
1742578500,5693.75,5701,5693,5700.75,7225
1742578800,5700.75,5706.25,5699,5703.25,8956
1742579100,5703.25,5710,5703.25,5709,8084
1742579400,5709.25,5712.5,5706.5,5708.75,11232
1742579700,5708.75,5709.5,5701,5702,10001
1742580000,5702,5706,5701.25,5704.25,6907
1742580300,5704.5,5704.5,5697.25,5701.25,9141
1742580600,5701.25,5703.25,5696.75,5700.5,8870
1742580900,5700.5,5703.5,5698,5703,6322
1742581200,5702.75,5704,5695.5,5697.75,7641
1742581500,5697.75,5697.75,5693.5,5694.25,8041
1742581800,5694.25,5700.75,5694,5698.25,8588
1742582100,5698,5704.5,5696.75,5702.75,7651
1742582400,5702.5,5706.25,5701.75,5705.5,5968
1742582700,5705.25,5706,5697,5700.75,7377
1742583000,5700.75,5702.5,5696.25,5698.75,6252
1742583300,5699,5703.25,5698,5698.5,7291
1742583600,5698.5,5699.5,5692,5694.25,10852
1742583900,5694,5696.75,5690.5,5692,8518
1742584200,5691.75,5695.25,5688.25,5694.25,13342
1742584500,5694,5695.5,5690.5,5694.25,7699
1742584800,5694,5697.75,5688.25,5696.5,10620
1742585100,5696.25,5696.5,5690.25,5693.5,10135
1742585400,5693.25,5694.75,5691,5693.25,7890
1742585700,5693.25,5698.75,5690.75,5695,10847
1742586000,5695.25,5697.25,5691,5696.5,9758
1742586300,5696.5,5699.25,5695.75,5696.75,10487
1742586600,5697,5709.25,5697,5708.5,30703
1742586900,5708.25,5722.25,5707.5,5714.5,118570
1742587200,5714.5,5720.75,5712,5717.25,40124
1742587500,5717,5718,5715.75,5717,8576
1742587800,5716.75,5719.5,5716.75,5718.75,6429
1742823000,5782.5,5784.5,5776,5783,36312
1742823300,5783,5794.25,5782.25,5792.75,21996
1742823600,5792.75,5797.5,5791,5793.75,20229
1742823900,5794,5800.75,5791.75,5800.25,21772
1742824200,5800.25,5802.75,5797.75,5801,18144
1742824500,5801.25,5804.5,5800.25,5802,15926
1742824800,5802,5803.75,5798.75,5800.25,19308
1742825100,5800.5,5801,5794.5,5795.75,19241
1742825400,5795.75,5803.5,5795.5,5802.75,16080
1742825700,5803,5805.5,5801.75,5804.75,16878
1742826000,5804.75,5807.5,5803.5,5807,12852
1742826300,5807,5808,5804.5,5805.75,13496
1742826600,5806,5807.25,5802.25,5804.75,16403
1742826900,5804.75,5807,5801.25,5802,12316
1742827200,5802.25,5805.25,5801.5,5803,11171
1742827500,5803,5811,5802.75,5810.5,15324
1742827800,5810.75,5811.5,5809.5,5810.75,14151
1742828100,5810.75,5811.25,5808.25,5810.5,9815
1742828400,5810.5,5811.25,5805.5,5810.75,14906
1742828700,5810.75,5815,5810.25,5813,11004
1742829000,5813,5814.25,5811.25,5812.5,9177
1742829300,5812.75,5815,5812,5813.75,7104
1742829600,5813.75,5815,5811.75,5812.75,6634
1742829900,5812.75,5813,5809.5,5812.25,9106
1742830200,5812.25,5812.25,5808.75,5811.25,8661
1742830500,5811.25,5813,5807,5807.5,11354
1742830800,5807.5,5809.25,5806.5,5808.5,9465
1742831100,5808.75,5811,5807,5807.5,8923
1742831400,5807.75,5813.5,5807.5,5813.25,8434
1742831700,5813.25,5814.25,5812.5,5814,7189
1742832000,5813.75,5815.75,5812.25,5815,9598
1742832300,5815,5819.25,5814.75,5817.5,11280
1742832600,5817.25,5818.5,5815.5,5817.25,7825
1742832900,5817.5,5818,5813,5813.5,10590
1742833200,5813.75,5817,5812.75,5817,6577
1742833500,5816.75,5816.75,5807.25,5807.5,34390
1742833800,5807.75,5810.25,5804.5,5809.25,17017
1742834100,5809.25,5811,5805.75,5806.25,11618
1742834400,5806.25,5807.5,5802.5,5807,13839
1742834700,5807,5810.5,5806.75,5808.5,10875
1742835000,5808.5,5810,5806.5,5807.75,8081
1742835300,5807.75,5808.25,5804.25,5805.75,8106
1742835600,5806,5807,5803,5803.5,9280
1742835900,5803.5,5806.25,5802,5802.5,9582
1742836200,5802.75,5804.25,5800,5801,10142
1742836500,5800.75,5804.75,5800,5801.25,13300
1742836800,5801.25,5803.75,5798.5,5801.5,11011
1742837100,5801.75,5805.5,5801,5805,8193
1742837400,5805.25,5808.75,5804.75,5806.5,11254
1742837700,5806.75,5808.5,5804.25,5807.5,7151
1742838000,5807.75,5808.25,5803.25,5804.75,7131
1742838300,5804.75,5806.5,5804,5805.75,6443
1742838600,5806,5808.25,5803.75,5805,6146
1742838900,5805,5806,5802.5,5805.75,6844
1742839200,5805.75,5806.25,5795.25,5798,14921
1742839500,5797.75,5801.5,5797.25,5800,9283
1742839800,5799.75,5800.25,5797.5,5798.25,6657
1742840100,5798,5801.25,5796.75,5798.75,7913
1742840400,5798.75,5799.75,5796.25,5797.25,6515
1742840700,5797,5799.5,5795.25,5798.25,7867
1742841000,5798.25,5798.75,5795,5796.75,9595
1742841300,5796.75,5806.25,5795.5,5803.75,17506
1742841600,5803.75,5809.5,5801.25,5807.75,27117
1742841900,5808,5808.75,5800,5807.75,23951
1742842200,5807.75,5811.25,5807.25,5810.5,11848
1742842500,5810.5,5811.25,5808.75,5811,7591
1742842800,5811,5813.5,5809.25,5813.5,8543
1742843100,5813.5,5816,5813,5813.25,10162
1742843400,5813.25,5814,5811.5,5812.25,7858
1742843700,5812.25,5815.75,5812,5815,6460
1742844000,5815,5816.25,5813,5816,6927
1742844300,5816,5816.75,5812.75,5814,9975
1742844600,5814,5816,5813,5814.5,8184
1742844900,5814.75,5816,5813,5815.25,9541
1742845200,5815,5818,5814,5816.5,12388
1742845500,5816.5,5822.5,5816.25,5821.25,20882
1742845800,5821.25,5825,5816.5,5823.75,30717
1742846100,5823.5,5825.5,5813.5,5813.5,88692
1742846400,5813.75,5818,5813.25,5814.75,31938
1742846700,5815,5817,5814,5816.5,5854
1742847000,5816.75,5818,5815.5,5817.25,4399
1742909400,5826,5829.75,5824.25,5824.5,23201
1742909700,5824.5,5824.5,5817.75,5822.25,22234
1742910000,5822.25,5825,5815.5,5820.5,18639
1742910300,5820.5,5822,5815.25,5815.5,12222
1742910600,5815.5,5821.75,5812.75,5820.25,15521
1742910900,5820.25,5824,5818,5819.75,10892
1742911200,5819.75,5823.25,5812.25,5815.25,17661
1742911500,5815.5,5822.5,5815.25,5820.75,16626
1742911800,5821,5826.25,5819.5,5822.5,15023
1742912100,5822.5,5827.25,5821.25,5823.75,13282
1742912400,5823.75,5828.5,5822.25,5827.5,10002
1742912700,5827.5,5831,5823.75,5830.75,15197
1742913000,5830.75,5831.5,5826.25,5829.5,11264
1742913300,5829.5,5833.75,5829.25,5833.25,9990
1742913600,5833.25,5835.5,5832,5835,9522
1742913900,5835.25,5835.25,5832.5,5833,9713
1742914200,5833,5837.25,5832,5833.5,12704
1742914500,5833.75,5835.25,5830.5,5832.75,11736
1742914800,5832.5,5835,5831.75,5832.75,8304
1742915100,5832.75,5835,5832.5,5834,6642
1742915400,5834,5834.75,5831,5832.5,7309
1742915700,5832.5,5832.5,5829.5,5831,8300
1742916000,5831.25,5832.5,5828.75,5832,6429
1742916300,5831.75,5833,5829.5,5830,6146
1742916600,5830,5830.75,5826.5,5828.5,9380
1742916900,5828.5,5828.75,5826,5827.25,6883
1742917200,5827.25,5828.5,5825.75,5828.5,5901
1742917500,5828.25,5829,5824.5,5825,7780
1742917800,5825,5826,5820.5,5820.75,8653
1742918100,5820.75,5822.25,5818,5820.25,11841
1742918400,5820.25,5822.5,5818.5,5819.75,10327
1742918700,5819.75,5821.75,5817.75,5821.25,7965
1742919000,5821,5822.5,5819.25,5821.5,8110
1742919300,5821.25,5821.5,5816.5,5817.75,7867
1742919600,5817.75,5822,5817.25,5820.75,6275
1742919900,5820.75,5821.5,5817.5,5817.75,6413
1742920200,5818,5819.25,5814.5,5815.75,9889
1742920500,5815.75,5817.5,5815.25,5816.5,6688
1742920800,5816.5,5820.5,5816,5819.25,6575
1742921100,5819.25,5821,5817,5819.25,4620
1742921400,5819.25,5823.5,5818.5,5822.75,6591
1742921700,5822.75,5823.75,5820,5822.25,5928
1742922000,5822.25,5826,5822,5825.5,6680
1742922300,5825.75,5828.25,5824.5,5827.5,5886
1742922600,5827.75,5828,5823.25,5823.75,6163
1742922900,5824,5824.25,5819,5819.75,9258
1742923200,5819.75,5821.25,5817,5818,7494
1742923500,5818.25,5818.25,5812.75,5814.5,10825
1742923800,5814.25,5817.25,5814.25,5816.25,9113
1742924100,5816.5,5818.75,5815.5,5816.25,6951
1742924400,5816.25,5819.75,5815,5818.5,6834
1742924700,5818.5,5818.75,5814.5,5815.25,6378
1742925000,5815.25,5816.25,5813.25,5816,7055
1742925300,5816,5817.75,5813.5,5813.75,7151
1742925600,5813.75,5815.75,5812.25,5814,8633
1742925900,5814,5816.75,5810.5,5816.25,11580
1742926200,5816,5819.25,5815.75,5819,9083
1742926500,5819,5820.75,5816.75,5820,8029
1742926800,5820,5822.25,5819.25,5819.25,7535
1742927100,5819.25,5819.5,5815.25,5816.75,8235
1742927400,5817,5818.25,5813.75,5817.25,8016
1742927700,5817.5,5818.75,5814.25,5815.25,5871
1742928000,5815.5,5815.75,5811.75,5814,8282
1742928300,5814,5815.5,5811.25,5811.5,6957
1742928600,5811.25,5814.25,5809.5,5813.25,9495
1742928900,5813,5815,5811.5,5811.75,5363
1742929200,5811.75,5816.5,5811.25,5816,8119
1742929500,5815.75,5818,5814.5,5817,7070
1742929800,5817,5818.75,5812.5,5814.5,8251
1742930100,5814.25,5816.75,5813.25,5816,7703
1742930400,5816,5817.25,5814.75,5817.25,6088
1742930700,5817.25,5817.75,5813.5,5813.5,6855
1742931000,5813.5,5819.25,5813.5,5818,11205
1742931300,5818,5821.5,5811.25,5818,19247
1742931600,5818,5822,5817.75,5821.25,12892
1742931900,5821.25,5827,5820.25,5826.75,16843
1742932200,5826.5,5828.5,5819.5,5825.5,23600
1742932500,5825.5,5828.5,5822.75,5826,53630
1742932800,5826.25,5829.25,5826,5829,18066
1742933100,5829,5830,5828,5828.5,5632
1742933400,5828.75,5829.25,5827.75,5828.75,3716
1742995800,5824,5828.75,5819.75,5822.5,25211
1742996100,5822.75,5832.75,5822,5830.5,27270
1742996400,5830.5,5834.5,5826.5,5830.5,14601
1742996700,5830.5,5831.5,5820,5821.25,16978
1742997000,5821.5,5822.25,5813,5816,25949
1742997300,5815.75,5816.25,5805.5,5808.5,26672
1742997600,5808.5,5817.25,5807.25,5810.5,32163
1742997900,5810.25,5814.25,5805.5,5808.25,21573
1742998200,5808,5813.5,5807.25,5812.25,17600
1742998500,5812.5,5814.75,5805.75,5805.75,16887
1742998800,5805.75,5806.25,5797,5801.75,32578
1742999100,5801.5,5806.5,5800.75,5806,16379
1742999400,5805.75,5807.75,5803.75,5806.25,15433
1742999700,5806.25,5809,5805,5805.75,13746
1743000000,5805.5,5808,5805,5806.5,11021
1743000300,5806.5,5807,5800.5,5801,13924
1743000600,5801.25,5810.5,5801.25,5808.5,16166
1743000900,5808.5,5809,5804.25,5806.25,11281
1743001200,5806.5,5810.5,5805.25,5808.25,11719
1743001500,5808.5,5809.75,5807,5809,7293
1743001800,5808.75,5810.5,5805.25,5807.5,9297
1743002100,5807.5,5807.75,5803.5,5805.5,9411
1743002400,5805.25,5805.75,5800,5800.5,11906
1743002700,5800.25,5800.5,5790.75,5794.75,24285
1743003000,5794.75,5799.75,5794.5,5795.75,12186
1743003300,5795.75,5798.25,5795.5,5797.5,9144
1743003600,5797.5,5799.5,5791.5,5792.5,13665
1743003900,5792.25,5793.5,5787,5789,15366
1743004200,5789,5790,5778.5,5783,26173
1743004500,5782.75,5783.5,5772.5,5778,33080
1743004800,5778.25,5779.25,5773.75,5775.5,16982
1743005100,5775.5,5781.5,5775,5777.25,18166
1743005400,5777,5781,5776,5778.5,11574
1743005700,5778.25,5778.5,5774.5,5775,13693
1743006000,5775,5779.75,5773.5,5775.75,15402
1743006300,5776,5782.75,5776,5782,11038
1743006600,5782,5785.5,5776.75,5778.5,17947
1743006900,5778.5,5783.25,5776.75,5777,9771
1743007200,5777,5780.25,5774.25,5775,10383
1743007500,5775,5780.5,5774,5779.75,10424
1743007800,5779.75,5780.75,5770,5770.5,13124
1743008100,5770.5,5771,5764,5765.75,17817
1743008400,5765.75,5770.75,5765,5766.75,12972
1743008700,5766.5,5770.25,5765.75,5769,12597
1743009000,5769,5773.5,5768.25,5770,11753
1743009300,5770,5770.25,5761,5762.25,18521
1743009600,5762.25,5765.5,5760.25,5764,10397
1743009900,5764,5765,5758.75,5761,10427
1743010200,5760.75,5761.25,5752.75,5754,17729
1743010500,5754,5756,5750.5,5754.5,15987
1743010800,5754.5,5764.5,5754.5,5756.75,26451
1743011100,5756.75,5760.5,5752.75,5754.75,10176
1743011400,5754.5,5757.5,5754,5754.75,7693
1743011700,5754.75,5756.25,5751.25,5751.5,7714
1743012000,5751.5,5756.75,5751,5754.75,9794
1743012300,5754.5,5757.5,5751.75,5757,6255
1743012600,5756.75,5764.25,5756.5,5761,10122
1743012900,5761,5764.5,5759.75,5761,8804
1743013200,5761,5764.5,5760.25,5762.75,6997
1743013500,5763,5766.25,5760.75,5763.75,11617
1743013800,5764,5766.25,5758.75,5759,8931
1743014100,5759.25,5760.75,5757.25,5758,8352
1743014400,5758.25,5760.25,5751.25,5752.75,10465
1743014700,5752.75,5755,5743.5,5747,20332
1743015000,5747.25,5748.75,5744.75,5746.25,10074
1743015300,5746.5,5747.25,5743,5745.25,8068
1743015600,5745.25,5751.5,5745,5746.5,14055
1743015900,5746.5,5748,5743.5,5745,9396
1743016200,5745,5747,5743.25,5746.25,7791
1743016500,5746.25,5754.25,5745.25,5753,13627
1743016800,5753,5759.5,5750.75,5751,15145
1743017100,5750.75,5754.5,5748,5748.5,11311
1743017400,5748.5,5752.5,5747.25,5752,10673
1743017700,5751.75,5752.75,5748,5750.5,10098
1743018000,5750.5,5758.25,5750,5755.25,15301
1743018300,5755.25,5761,5752.75,5760.75,17718
1743018600,5760.75,5767.25,5758.5,5765,38271
1743018900,5764.75,5765.25,5758,5758.25,67397
1743019200,5758.25,5760.5,5756,5757.25,27089
1743019500,5757,5757.75,5756,5757,4275
1743019800,5757,5759,5756.5,5758.25,3983
1743082200,5742.75,5746,5730.25,5733.75,32539
1743082500,5733.75,5735.25,5724.25,5724.75,27325
1743082800,5724.5,5727.75,5720,5726.25,26330
1743083100,5726.25,5738.5,5725.75,5736.5,29436
1743083400,5736.5,5750.75,5735,5748.5,37891
1743083700,5748.5,5755.25,5748,5754,22952
1743084000,5753.75,5760.75,5752.5,5755.5,24395
1743084300,5755.75,5759,5748.25,5753,18659
1743084600,5753,5761.25,5745.75,5759.75,19957
1743084900,5759.75,5763.25,5754,5761.5,18463
1743085200,5761.75,5763,5752.75,5756.5,15390
1743085500,5756.5,5766.5,5755.5,5765.75,15584
1743085800,5765.75,5768.75,5763,5767.75,17576
1743086100,5767.75,5776.25,5766.5,5772.75,20233
1743086400,5772.5,5776.75,5770.75,5774.75,15001
1743086700,5774.75,5776.75,5769.25,5770.5,15042
1743087000,5770.5,5777.5,5767.5,5777.25,14848
1743087300,5777.5,5778.75,5773.25,5778.75,11946
1743087600,5778.75,5779.75,5774.25,5777.5,12971
1743087900,5777.75,5778.75,5771.5,5772,12147
1743088200,5772,5778.5,5771,5777.75,15195
1743088500,5777.5,5779.75,5772.25,5778.75,10087
1743088800,5778.75,5778.75,5771.5,5775.5,9530
1743089100,5775.5,5776.5,5768.5,5769.5,9231
1743089400,5769.5,5769.75,5759.75,5760.75,19710
1743089700,5760.5,5763.25,5754.75,5757.5,17208
1743090000,5757.25,5758.25,5752,5754.5,14866
1743090300,5754.5,5755.75,5749,5749.75,13316
1743090600,5749.75,5756.5,5749.5,5754.5,15257
1743090900,5754.5,5754.75,5749,5750.25,11278
1743091200,5750.25,5756,5748.25,5755.25,15443
1743091500,5755,5763.5,5755,5762,15822
1743091800,5761.75,5762.25,5755.75,5759.5,10203
1743092100,5759.5,5768,5758.25,5766,11352
1743092400,5766.25,5770,5762.5,5763.25,12939
1743092700,5763.25,5763.25,5755.75,5756.75,12357
1743093000,5756.75,5763.75,5756.75,5758.25,12183
1743093300,5758.25,5759.25,5753.5,5756.25,11853
1743093600,5756.25,5760.5,5754.75,5757.25,8813
1743093900,5757,5759.25,5745.5,5745.75,13674
1743094200,5745.75,5746.75,5741,5744.25,17849
1743094500,5744.25,5744.25,5736.25,5736.75,13917
1743094800,5736.75,5743,5733.75,5740.75,15348
1743095100,5741,5746.5,5738.25,5744.75,10971
1743095400,5744.75,5751,5743.5,5750.75,10598
1743095700,5750.75,5752.5,5746.5,5747.25,10117
1743096000,5747,5750,5743.75,5747,11097
1743096300,5747.25,5747.25,5737.75,5738.25,10187
1743096600,5738.25,5745.5,5737.5,5742,13056
1743096900,5741.75,5743,5736.75,5740.75,11342
1743097200,5740.5,5742.75,5737,5738.75,8458
1743097500,5738.5,5745.5,5738.5,5745.25,11114
1743097800,5745,5748.5,5734.75,5735.25,13287
1743098100,5735.25,5738.5,5734.5,5737,8341
1743098400,5737,5744.5,5736,5744,11458
1743098700,5744,5752,5744,5748.5,13115
1743099000,5748.75,5755.75,5747.5,5755.5,10832
1743099300,5755.5,5757.5,5750.5,5752.5,13400
1743099600,5752.25,5756.5,5748.75,5749.25,10222
1743099900,5749.25,5753.25,5746.5,5750,10836
1743100200,5750,5753,5746,5752,10913
1743100500,5752.25,5756.5,5751,5755,11893
1743100800,5755.25,5760.75,5754.25,5755.25,10168
1743101100,5755.5,5760,5755.5,5760,7170
1743101400,5760,5762.75,5756.5,5759.5,12402
1743101700,5759.5,5760,5744.25,5746.25,17740
1743102000,5746.25,5754.5,5744.75,5752,13632
1743102300,5752.25,5755,5747.25,5754,13355
1743102600,5754,5762,5753,5761.5,10855
1743102900,5761.75,5765.5,5760,5764.25,13725
1743103200,5764.25,5771.25,5763.25,5769,14556
1743103500,5768.75,5769.25,5765,5768.5,10567
1743103800,5768.5,5769.25,5759.25,5764,19995
1743104100,5764,5764.5,5756.5,5757,12512
1743104400,5757.25,5761.5,5754.5,5758.75,16267
1743104700,5758.5,5761.5,5756.75,5760.75,12938
1743105000,5760.5,5760.5,5741.5,5748.5,43462
1743105300,5748.5,5751.75,5737.5,5740.5,78943
1743105600,5740.75,5745.5,5739.5,5743.25,28816
1743105900,5743,5745.5,5743,5743.75,5986
1743106200,5743.75,5745.75,5742.5,5743,4650
1743168600,5723.5,5726.25,5711.75,5718.5,36566
1743168900,5718.5,5731.25,5718,5728.25,28033
1743169200,5728,5730.75,5718.25,5718.25,28067
1743169500,5718.5,5723.75,5716,5719.25,18501
1743169800,5719.5,5722.25,5709,5711.25,20746
1743170100,5711.5,5712,5705.5,5707.25,18752
1743170400,5707.5,5711.25,5697.25,5704.5,32592
1743170700,5704.5,5705.25,5687.75,5690.5,34087
1743171000,5690.25,5692.5,5679,5681.5,32229
1743171300,5681.25,5682.75,5673.5,5674.75,27981
1743171600,5674.75,5677.25,5670.25,5673,24926
1743171900,5673,5673.5,5662,5663,28255
1743172200,5663,5669.25,5655,5658.25,36624
1743172500,5658,5662.25,5650.5,5661,35760
1743172800,5660.75,5665.25,5656.75,5663.25,29971
1743173100,5663.5,5664,5653,5655,23144
1743173400,5655,5661.5,5653,5658.5,21389
1743173700,5658.5,5658.75,5649.5,5655.5,22979
1743174000,5655.25,5655.5,5644.5,5645.75,27295
1743174300,5645.75,5652.5,5645.5,5649.25,20621
1743174600,5649.25,5661,5648.5,5656.5,36239
1743174900,5656.5,5659.5,5651.5,5652,20275
1743175200,5652,5656,5647.5,5649,15226
1743175500,5649,5657.75,5649,5656.25,16338
1743175800,5656.25,5663.5,5653.75,5662.5,21916
1743176100,5662.5,5665,5660.25,5663.5,14261
1743176400,5663.5,5664.5,5653.5,5657.25,16512
1743176700,5657.25,5660.25,5654.75,5659.5,11768
1743177000,5659.25,5660,5650.25,5651,12476
1743177300,5651,5653.25,5646,5646.25,13573
1743177600,5646.25,5651.75,5645.75,5651,12853
1743177900,5651,5655,5649,5649.5,11769
1743178200,5649.5,5654,5647.75,5648,9757
1743178500,5647.75,5649,5636.5,5636.5,24169
1743178800,5636.5,5639.5,5634.25,5635.25,13576
1743179100,5635.25,5637.75,5633,5635.25,14941
1743179400,5635.25,5640,5635,5639,14732
1743179700,5639,5641.5,5636.5,5636.75,14435
1743180000,5637,5641.75,5635.25,5635.5,11168
1743180300,5635.5,5642.25,5635.25,5639,13299
1743180600,5638.75,5642.75,5637.75,5640.5,12987
1743180900,5640.5,5640.75,5631,5632,17009
1743181200,5632,5632,5628,5629,13680
1743181500,5629,5629.5,5623.5,5624,16389
1743181800,5624,5626.75,5623,5624.25,13532
1743182100,5624.25,5633,5621.75,5628,25909
1743182400,5628,5630,5624.5,5624.5,9469
1743182700,5624.25,5625,5619,5620.75,17458
1743183000,5620.75,5624.75,5619.75,5622.25,14846
1743183300,5622.25,5624.75,5618.75,5624.5,12975
1743183600,5624.75,5627.75,5623,5623.5,13858
1743183900,5623.5,5628.75,5621.75,5622.75,13258
1743184200,5622.75,5624.5,5621.5,5622.75,9134
1743184500,5622.5,5631.25,5622.25,5630.75,13499
1743184800,5630.75,5633.75,5627.25,5628.75,16220
1743185100,5628.75,5633,5626,5632.25,11311
1743185400,5632.25,5636.5,5628.75,5630,14076
1743185700,5630.25,5633.75,5626.75,5631.5,14469
1743186000,5631.25,5632.5,5624.75,5625,10179
1743186300,5624.75,5628.75,5622.75,5626.25,11325
1743186600,5626.25,5630,5624.75,5628.75,11051
1743186900,5628.5,5629.75,5622,5622.25,10676
1743187200,5622.25,5624.25,5621.5,5622.5,8499
1743187500,5622.5,5624.5,5619.75,5621.5,10563
1743187800,5621.5,5625.25,5620.75,5624.75,13639
1743188100,5624.75,5629.25,5624,5628.75,11049
1743188400,5628.75,5630.75,5626.25,5627.75,12239
1743188700,5627.5,5634.25,5627.5,5631.75,14293
1743189000,5631.75,5632.25,5625.75,5629,13369
1743189300,5629.25,5630.5,5624,5629.5,13866
1743189600,5629.25,5631,5624.25,5627.5,12100
1743189900,5627.25,5628.5,5623.25,5624.5,12662
1743190200,5624.5,5625,5617.75,5618.25,18556
1743190500,5618.25,5623.25,5617.25,5621.75,15643
1743190800,5621.75,5623.25,5617.75,5620.75,17029
1743191100,5620.75,5627.25,5618.5,5626.75,21129
1743191400,5627,5630.75,5620.75,5629.25,39712
1743191700,5629.5,5631.5,5621.25,5624.5,104384
1743192000,5624.75,5625.25,5619.75,5621,36005
1743192300,5621.25,5621.25,5612.5,5612.75,11593
1743192600,5613,5615.25,5611.75,5614,7654
1743427800,5563.5,5572,5548.5,5552.5,53055
1743428100,5552.25,5562.5,5550.75,5555.5,39150
1743428400,5555.75,5556.5,5538.75,5539.25,29295
1743428700,5539.25,5544,5533.75,5542,37902
1743429000,5542,5559.5,5538,5558.25,39459
1743429300,5558.5,5571,5557,5562.5,35626
1743429600,5562.75,5577.25,5561.5,5570.25,35842
1743429900,5570.25,5581.25,5568.25,5579,26387
1743430200,5579,5579.5,5568.5,5574.5,23897
1743430500,5574.5,5576.25,5562,5562.75,21798
1743430800,5562.75,5567.5,5560,5562.75,19386
1743431100,5563,5565,5559.25,5560.25,18322
1743431400,5560.25,5583.75,5559.75,5582.5,26146
1743431700,5582.5,5584.25,5572,5578.75,20021
1743432000,5578.5,5582.75,5570.75,5573.75,19127
1743432300,5573.75,5585.5,5573,5581.5,19714
1743432600,5581.5,5583.5,5571.25,5580.25,19572
1743432900,5580.5,5582.5,5575.75,5581.5,14179
1743433200,5581.75,5588.25,5581,5586.25,21954
1743433500,5586.25,5591.25,5581,5581.5,20900
1743433800,5581.5,5589,5578.75,5579.5,20337
1743434100,5579.75,5589,5577.75,5587.25,14950
1743434400,5587.25,5598.75,5586.75,5597,21327
1743434700,5597,5600.5,5589.75,5591,20492
1743435000,5591,5594,5586.5,5593,17435
1743435300,5592.75,5601.75,5591.5,5600,16242
1743435600,5600.25,5604,5596,5597.75,15580
1743435900,5597.75,5604.5,5597,5604,11968
1743436200,5604,5606.75,5601.25,5604.25,14110
1743436500,5604.5,5605,5596.5,5598.5,14608
1743436800,5598.5,5604,5597.75,5601.5,11677
1743437100,5601.25,5602,5590.25,5592,17098
1743437400,5592,5592.25,5584.5,5590,16620
1743437700,5590.25,5600.25,5588,5599,14931
1743438000,5599.25,5599.75,5593.75,5597.5,11107
1743438300,5597.75,5611.75,5597.25,5611.5,15923
1743438600,5611.25,5611.25,5602.5,5608.75,15054
1743438900,5608.75,5609.75,5604,5609,10574
1743439200,5608.75,5610.25,5603.5,5604.75,9619
1743439500,5605,5609,5603,5606,9142
1743439800,5606.25,5610.25,5604.25,5609,9676
1743440100,5609,5609,5596.5,5598.5,13703
1743440400,5598.75,5605.25,5595.5,5604.25,10708
1743440700,5604.5,5614.5,5602,5613.75,11847
1743441000,5614,5617.25,5611,5613.5,12371
1743441300,5613.75,5614.25,5600,5600.5,12912
1743441600,5600.25,5601.5,5593.25,5598.5,16073
1743441900,5598.25,5602,5595,5602,9899
1743442200,5602,5603,5598.5,5602.5,9294
1743442500,5602.25,5607.75,5598.25,5606.25,11463
1743442800,5606.25,5606.25,5594.5,5595.75,10590
1743443100,5595.5,5597.5,5592.25,5597,10115
1743443400,5596.75,5606.75,5594.25,5605.5,11177
1743443700,5605.5,5605.75,5596,5596.75,8058
1743444000,5596.75,5612.75,5595.25,5611.75,19286
1743444300,5611.75,5628,5610.25,5627.75,20262
1743444600,5627.75,5635,5626.25,5626.75,26916
1743444900,5626.5,5634,5622.75,5633.75,17408
1743445200,5633.75,5635,5627.5,5629.25,13017
1743445500,5629.25,5635.25,5628,5635,10933
1743445800,5635,5640.75,5632.75,5638,20333
1743446100,5638,5642.25,5636.5,5640.25,13350
1743446400,5640,5645,5638.25,5638.75,15783
1743446700,5638.75,5640,5627.75,5635,27409
1743447000,5634.75,5644,5633.75,5640.75,16185
1743447300,5640.5,5640.5,5629,5629.25,13439
1743447600,5629.25,5640.5,5628.75,5640.25,14957
1743447900,5640.5,5645.75,5639.25,5643.25,16149
1743448200,5643.25,5654.75,5641.75,5650.25,22882
1743448500,5650.25,5653.5,5645.75,5649.25,16778
1743448800,5649.25,5657.25,5648.75,5653,15933
1743449100,5653,5653,5637,5639.5,24052
1743449400,5639.25,5654.5,5636,5654,21504
1743449700,5654,5656.25,5647,5652,20045
1743450000,5652,5672.75,5651.75,5659.5,40743
1743450300,5659,5663.25,5651.5,5655,32553
1743450600,5655,5664.25,5643,5658.25,57686
1743450900,5658.5,5665,5647.75,5656.25,179751
1743451200,5656.25,5657.5,5641,5647,54737
1743451500,5647,5647,5640.75,5643,10391
1743451800,5643.25,5647.75,5640.75,5645.5,9091
1743514200,5638.75,5641.5,5627.75,5632.75,37946
1743514500,5632.75,5638.5,5625.5,5634.75,27464
1743514800,5634.5,5640.5,5623,5633,21660
1743515100,5633,5650,5631.5,5648,27538
1743515400,5647.75,5649.75,5642.5,5644.25,22339
1743515700,5644,5645.5,5634.5,5636.5,18893
1743516000,5636.75,5640.5,5624.5,5626,34934
1743516300,5626,5633.5,5614.25,5619,36243
1743516600,5619.25,5620.75,5605.75,5606.75,27039
1743516900,5607,5613.25,5605.25,5606,20419
1743517200,5605.75,5618.25,5600.25,5616,26052
1743517500,5616,5622,5609.75,5615,20616
1743517800,5615,5622.75,5613.5,5621,17911
1743518100,5621,5641,5619.5,5635,28515
1743518400,5634.75,5650.5,5632.25,5643.75,27794
1743518700,5643.75,5646.75,5638.75,5644,22154
1743519000,5644.25,5656.75,5644.25,5656.5,27090
1743519300,5656.5,5662.75,5652,5661.5,22270
1743519600,5661.5,5667,5658,5663.25,22147
1743519900,5663.25,5671.5,5662.75,5670,20102
1743520200,5670,5679.25,5666,5678.75,20106
1743520500,5678.75,5683.5,5676.5,5676.75,25509
1743520800,5676.75,5682.5,5670.5,5681.5,23605
1743521100,5681.75,5683.5,5672,5672.75,19580
1743521400,5672.75,5675.25,5668.25,5674.25,18877
1743521700,5674.25,5675,5667.25,5673.5,18929
1743522000,5673.5,5677.5,5666.5,5676,17131
1743522300,5676,5682.25,5675,5681,16054
1743522600,5681,5682.75,5672.25,5675.25,13855
1743522900,5675.5,5681,5673,5680.75,10531
1743523200,5681,5688.5,5676.75,5686,17828
1743523500,5686,5688.5,5682.5,5687.75,11282
1743523800,5687.75,5689.5,5683.5,5687.25,12359
1743524100,5687.25,5694.5,5685.25,5691.5,16830
1743524400,5691.5,5694.75,5684,5687,18052
1743524700,5686.75,5687.75,5671.5,5672.25,19656
1743525000,5672.5,5675.5,5665.5,5668.5,22132
1743525300,5668.75,5670,5660,5662.25,14939
1743525600,5662.25,5666,5658,5659.5,16936
1743525900,5659.75,5667.25,5658.25,5666.5,15579
1743526200,5666.5,5678.75,5665,5674.75,16370
1743526500,5674.5,5677.5,5671.25,5671.75,10203
1743526800,5671.75,5676.5,5670,5673,9846
1743527100,5673,5673.5,5664.5,5667.75,12735
1743527400,5667.5,5672.75,5664.75,5672.5,9873
1743527700,5672.25,5673.75,5661.75,5662.5,10295
1743528000,5662.75,5665.5,5660,5661.75,9235
1743528300,5661.5,5664.5,5656.25,5658.75,10965
1743528600,5658.5,5664.25,5655.5,5656.25,12579
1743528900,5656,5663.5,5655.5,5662,8871
1743529200,5662,5668.5,5657,5658.25,11717
1743529500,5658.25,5664.75,5657.25,5664.25,7610
1743529800,5664.25,5667.5,5659.5,5659.75,11036
1743530100,5660,5660.25,5653.5,5654.25,9437
1743530400,5654.5,5656.25,5639.5,5643.5,22032
1743530700,5643.5,5645.75,5637,5638.25,14323
1743531000,5638.25,5642.75,5635,5641.25,16115
1743531300,5641.5,5642.5,5633,5634.75,12637
1743531600,5634.75,5636.75,5628.5,5628.75,15622
1743531900,5629,5636.25,5628.75,5631,13677
1743532200,5631,5637.25,5630,5632.25,11920
1743532500,5632.5,5636,5628.5,5629.5,9091
1743532800,5629.75,5636.5,5629.75,5636.25,8994
1743533100,5636.5,5636.75,5628.5,5629,8165
1743533400,5628.75,5633.5,5625.75,5632.75,14983
1743533700,5632.75,5642.25,5632.5,5641,15614
1743534000,5640.75,5645.5,5638.5,5644,14491
1743534300,5644,5649,5641,5641.25,16845
1743534600,5641,5646,5639.5,5645.75,11101
1743534900,5646,5652,5643.5,5647,16254
1743535200,5646.75,5653.75,5644.5,5652.5,10417
1743535500,5652.25,5654.25,5648.5,5648.5,11296
1743535800,5648.75,5661.5,5645.75,5657.25,18844
1743536100,5657.5,5664,5655.75,5661,16709
1743536400,5661,5665,5660.5,5663.75,13729
1743536700,5663.75,5670,5662.5,5668.5,18807
1743537000,5669,5677.25,5662.5,5675.75,33748
1743537300,5675.5,5679.75,5669.5,5674.75,99523
1743537600,5674.75,5678.5,5672.75,5674.25,30601
1743537900,5674.25,5675.25,5672.75,5673.75,5651
1743538200,5674,5675.75,5673.25,5674.5,5067
1743600600,5613,5632.75,5610.75,5632.25,46083
1743600900,5632.5,5650.25,5629.5,5648,40540
1743601200,5648.25,5653.5,5643.75,5651.5,28204
1743601500,5651.75,5659,5650,5657.25,28368
1743601800,5657.25,5661.5,5648.75,5649,23379
1743602100,5649,5655.75,5647.5,5651,18063
1743602400,5650.75,5670.25,5647.75,5669,28120
1743602700,5669,5670,5651.75,5654.75,21475
1743603000,5654.75,5660.25,5646.5,5655,22017
1743603300,5655,5666.25,5653,5665.25,20104
1743603600,5665.5,5671.5,5660.5,5670.25,17127
1743603900,5670,5673.5,5662,5672.75,17214
1743604200,5672.75,5680,5670.25,5674,21413
1743604500,5673.75,5675.5,5667.5,5674,19749
1743604800,5673.75,5678.5,5668.25,5672,15970
1743605100,5672,5678,5671.25,5677.5,13280
1743605400,5677.5,5680,5675.75,5676.75,12117
1743605700,5676.5,5687.25,5675,5685.25,19014
1743606000,5685.25,5685.5,5677.25,5684.25,23249
1743606300,5684.25,5685.5,5680.5,5685,10671
1743606600,5685,5686.5,5675.25,5675.25,17130
1743606900,5675.25,5683.25,5673,5683.25,15590
1743607200,5683.25,5693.5,5682,5692.5,20790
1743607500,5692.5,5702.25,5692,5698,28363
1743607800,5698,5701.75,5695.25,5701,14726
1743608100,5700.75,5702,5695.5,5699,13845
1743608400,5699.25,5700.25,5687.25,5688.5,18201
1743608700,5688.25,5690.5,5679,5681.25,19933
1743609000,5681,5684.5,5675,5683,19906
1743609300,5682.75,5691.25,5681.25,5687.25,15198
1743609600,5687.5,5692,5685.25,5687,11827
1743609900,5687,5692,5686.25,5691.25,7910
1743610200,5691.5,5700.5,5689.75,5700.25,11883
1743610500,5700.25,5703.5,5697.75,5701.5,11429
1743610800,5701.25,5704.5,5698.75,5702.75,8285
1743611100,5702.75,5707.75,5698.75,5707.75,11125
1743611400,5707.75,5710.5,5704.75,5709,11365
1743611700,5709,5709.25,5700.25,5705,13632
1743612000,5705,5710.25,5701.5,5710.25,10498
1743612300,5710,5722.25,5706.75,5721.5,18869
1743612600,5721.5,5725.5,5716.75,5720.25,33932
1743612900,5720.25,5723.5,5716.25,5721.5,19483
1743613200,5721.75,5727.5,5721.25,5726.5,15042
1743613500,5726.25,5731.5,5725,5729.25,15046
1743613800,5729.5,5739.25,5728.75,5734.25,22805
1743614100,5734,5734.75,5729.5,5732.25,18113
1743614400,5732.25,5732.5,5724,5730.5,15006
1743614700,5730.5,5731,5725.25,5725.25,11869
1743615000,5725.25,5726,5716.75,5720,18184
1743615300,5720,5720,5712.75,5718,14803
1743615600,5717.75,5720,5706.25,5710.5,19395
1743615900,5710.25,5710.25,5700,5703.5,16831
1743616200,5703.5,5704,5696.75,5703,21732
1743616500,5702.75,5707.5,5701.5,5705.5,19726
1743616800,5705.5,5709.25,5698.75,5699.25,22519
1743617100,5699.25,5699.25,5690.75,5693,18771
1743617400,5693,5697.25,5689,5694.5,14364
1743617700,5694.5,5696.75,5688,5690,15514
1743618000,5690,5693.5,5683.5,5685.5,14980
1743618300,5685.25,5688.75,5675.25,5675.75,15659
1743618600,5675.5,5685.5,5673.75,5685.5,17518
1743618900,5685.5,5697.5,5683.25,5697.5,16752
1743619200,5697.5,5702.5,5695,5698.25,15888
1743619500,5698.25,5699.75,5692.75,5698,11308
1743619800,5697.75,5698,5689,5692.25,11869
1743620100,5692,5692.25,5675.25,5675.75,14146
1743620400,5675.75,5693,5675.5,5692.25,18302
1743620700,5692,5694.25,5687.5,5691,12376
1743621000,5690.75,5692.25,5685.25,5685.5,11818
1743621300,5685.5,5690.25,5681,5685,12079
1743621600,5685,5694.25,5684,5691.75,12267
1743621900,5691.75,5698.5,5686,5696.75,13939
1743622200,5696.75,5708.75,5691,5706,20993
1743622500,5705.75,5710.25,5702,5705.25,12626
1743622800,5705.25,5713.75,5703.5,5711.75,16721
1743623100,5711.75,5720,5711.5,5718,21821
1743623400,5718,5720.5,5712.75,5715.25,25436
1743623700,5715.25,5721.25,5710,5710,67468
1743624000,5710.25,5714.25,5705.75,5710,28997
1743624300,5710.25,5713.25,5700.25,5705.75,17407
1743624600,5706,5761.5,5692.5,5753,41033
1743687000,5512,5540.5,5509.5,5536,54132
1743687300,5535.75,5539.5,5523,5537.5,39416
1743687600,5537.75,5537.75,5518.25,5523.75,32301
1743687900,5523.5,5524,5509.75,5513.25,33368
1743688200,5513.25,5532,5512.5,5516,32331
1743688500,5515.75,5521.25,5501.75,5508.75,25828
1743688800,5509,5512.5,5490.75,5492.5,31218
1743689100,5492.5,5500.5,5488,5489.75,31588
1743689400,5489.75,5491.75,5479.75,5486.5,27969
1743689700,5486.75,5494.5,5481.5,5482,31071
1743690000,5481.75,5485,5475.5,5478.75,27876
1743690300,5478.75,5497.25,5478,5490.75,32034
1743690600,5490.5,5499,5485.5,5486.25,30474
1743690900,5486.25,5490.25,5481,5482.25,21081
1743691200,5482.25,5488.5,5475.5,5481.25,24965
1743691500,5481.25,5482.5,5467,5468.5,29736
1743691800,5468.5,5469.5,5460.25,5466,26613
1743692100,5466,5469.25,5460.75,5461.25,23001
1743692400,5461,5467,5458.75,5466.5,22952
1743692700,5466.25,5467.25,5455,5461,21481
1743693000,5461.25,5481.5,5460.25,5474,29876
1743693300,5474,5484.25,5473.5,5481.5,24847
1743693600,5481.5,5483.5,5471.25,5479.5,22648
1743693900,5479.75,5487.5,5476.5,5477,23072
1743694200,5477.25,5490.25,5475.5,5487.25,23769
1743694500,5487.25,5495.25,5478.75,5494.25,26868
1743694800,5494,5503.25,5494,5499,30586
1743695100,5499,5501.5,5486.25,5490.75,21723
1743695400,5490.75,5494.25,5480.25,5493.75,18667
1743695700,5493.5,5504.75,5491.75,5495.25,19279
1743696000,5495,5509,5493.75,5499.5,20662
1743696300,5499.5,5507,5496.25,5497,14264
1743696600,5497,5513,5496,5510.5,20593
1743696900,5510.5,5517.5,5508,5516,17001
1743697200,5516.25,5519.75,5511.25,5517.25,16633
1743697500,5517.25,5519.75,5506,5519.75,15232
1743697800,5519.75,5524.5,5502.25,5502.5,19218
1743698100,5502.5,5506.75,5500,5503.75,14536
1743698400,5503.5,5518.25,5503.25,5506,18103
1743698700,5506,5510.75,5501.25,5510.25,12783
1743699000,5510,5510.5,5493,5494,15223
1743699300,5494,5497.5,5490.25,5494.75,13915
1743699600,5494.75,5502,5492,5495.5,13902
1743699900,5495.5,5504.25,5493,5493.25,10049
1743700200,5493.5,5499.75,5489,5495,10854
1743700500,5494.75,5496.75,5489,5491,7366
1743700800,5491.25,5496,5479.25,5484.5,13792
1743701100,5484.5,5487.5,5480.5,5482.5,11510
1743701400,5482.25,5486.5,5479,5486.5,13452
1743701700,5486.25,5495.5,5485.5,5491.25,13600
1743702000,5491,5496,5488.25,5494.75,9882
1743702300,5494.5,5498,5487.75,5489.5,10185
1743702600,5489.5,5490.5,5483,5486.75,11157
1743702900,5486.5,5486.5,5477.5,5478.5,9677
1743703200,5478.5,5485.25,5477.25,5477.75,12162
1743703500,5477.5,5478.5,5472,5475.5,11226
1743703800,5475.5,5476.5,5466.5,5467.5,9954
1743704100,5467.25,5471.25,5463.5,5466.5,11895
1743704400,5466.75,5474,5463.25,5466.5,13696
1743704700,5466.5,5469.75,5463.75,5467.75,9889
1743705000,5467.5,5475.25,5458.75,5463.5,26399
1743705300,5463.5,5474.75,5462.25,5471.75,12748
1743705600,5471.75,5480.75,5470,5479.5,15469
1743705900,5479.5,5482.25,5472.75,5481.5,13826
1743706200,5481.5,5483.5,5475,5477,13432
1743706500,5476.75,5480.25,5471,5478,14932
1743706800,5478,5479.5,5471.75,5474.25,14243
1743707100,5474,5479.75,5473,5474,11662
1743707400,5474,5477.25,5466.75,5468.75,18498
1743707700,5468.75,5469.25,5444.25,5454.75,30553
1743708000,5454.75,5460.25,5447.5,5453.5,21358
1743708300,5453.5,5458.75,5447,5449.5,21601
1743708600,5449.75,5452,5440,5442.5,28873
1743708900,5442.25,5447.25,5439.25,5445.75,17807
1743709200,5445.75,5455.75,5443,5453.75,23781
1743709500,5454,5455.5,5436.75,5439.75,26609
1743709800,5439.75,5444.5,5434.75,5443,35902
1743710100,5443.25,5444.5,5428.5,5436,128648
1743710400,5436.25,5438.5,5431.5,5435.75,45678
1743710700,5435.5,5438,5433.5,5436.25,9254
1743711000,5436.25,5437,5431.25,5434,9505
1743773400,5292,5314.5,5278.75,5294,58383
1743773700,5294.25,5298,5263.5,5272,40581
1743774000,5271.75,5273.75,5246,5257.25,47689
1743774300,5257,5287,5250.75,5267.25,44176
1743774600,5267.5,5288.75,5265.75,5268.25,38452
1743774900,5268,5300.25,5260.75,5287,41702
1743775200,5287,5288,5268.5,5274.75,37016
1743775500,5274.75,5280.5,5251.75,5252.25,32644
1743775800,5252.25,5252.75,5233.75,5239,31623
1743776100,5238.75,5245.25,5225,5240,39532
1743776400,5240,5249.25,5226,5231.75,28301
1743776700,5231.5,5235,5216,5216.75,33588
1743777000,5216.75,5229.25,5210,5210.5,38073
1743777300,5210.5,5216.75,5200,5214.25,43931
1743777600,5214.5,5215.5,5197.75,5200,33693
1743777900,5200,5201.25,5167,5167.5,43157
1743778200,5167.5,5204.25,5153.5,5196.5,54572
1743778500,5196.25,5218,5187.5,5208.5,39047
1743778800,5208.25,5263.25,5201.5,5257.75,65537
1743779100,5258,5262.5,5226.75,5239.75,43574
1743779400,5239.25,5274.25,5235.5,5262.75,45348
1743779700,5263,5280.75,5252,5252.25,37054
1743780000,5252.25,5273.5,5250.25,5267.25,29750
1743780300,5267.25,5267.5,5215,5217.25,50209
1743780600,5217.5,5232.75,5211,5217.25,33038
1743780900,5217.5,5222.5,5192,5201.75,30074
1743781200,5201.75,5220,5196.5,5212.75,23264
1743781500,5213,5235.75,5201.5,5231.25,29653
1743781800,5231.5,5237.75,5212.75,5220,22553
1743782100,5220.25,5229.5,5200.25,5203.25,20385
1743782400,5203.25,5219.75,5202,5206.75,21272
1743782700,5207,5228.5,5205.5,5209.25,20547
1743783000,5209.5,5226,5206.75,5220.25,22327
1743783300,5220.5,5224.5,5184.75,5187.75,24829
1743783600,5187.75,5190.75,5174.5,5182.5,18076
1743783900,5182.5,5185.75,5172,5177.5,17398
1743784200,5177.75,5181,5165.75,5165.75,22509
1743784500,5165.75,5195.25,5161.75,5190.75,26409
1743784800,5190.75,5197.5,5173.75,5174.75,20535
1743785100,5174.75,5177,5166.25,5168.75,21991
1743785400,5168.75,5182.5,5164.5,5175,18750
1743785700,5175.25,5185,5171.75,5174,20178
1743786000,5174.25,5189.75,5168.25,5177.25,19316
1743786300,5177.5,5182.5,5164,5168.75,17240
1743786600,5169,5170,5147.25,5150.5,24504
1743786900,5150.75,5150.75,5136,5149,27530
1743787200,5149.5,5162.5,5146.75,5161.25,19840
1743787500,5161.5,5174,5161.5,5164.75,17232
1743787800,5164.75,5174.75,5150.25,5167,26414
1743788100,5167.5,5193,5165.25,5185,24541
1743788400,5185,5194.75,5180.25,5181.5,19155
1743788700,5181.5,5200,5176.75,5198,20629
1743789000,5198.25,5199.75,5181.75,5188,15810
1743789300,5188.5,5200,5176,5199.25,16945
1743789600,5199.75,5212.25,5196.25,5200,26033
1743789900,5200.25,5203.5,5176.5,5179.5,18344
1743790200,5179.75,5181.5,5167.25,5168.75,15142
1743790500,5168.75,5169.25,5154,5156.5,15910
1743790800,5156.75,5159,5145,5146,23409
1743791100,5146.5,5149,5138.25,5141.25,17142
1743791400,5141.5,5145.75,5131.25,5137.5,20942
1743791700,5137.5,5143,5121.5,5123.75,26684
1743792000,5124,5126,5107.5,5111,24408
1743792300,5111.25,5133.75,5108.25,5132.25,24686
1743792600,5132.25,5142.25,5123.25,5136,22197
1743792900,5136.25,5140,5123.75,5130.25,19049
1743793200,5130.5,5137.75,5117.25,5127.25,21055
1743793500,5127.5,5132.75,5116.25,5131,19313
1743793800,5131,5159.5,5126.75,5154.5,27290
1743794100,5154.5,5155.25,5128.25,5133.5,26436
1743794400,5133.5,5167,5133,5166,33226
1743794700,5166,5173.5,5151.5,5158.75,25835
1743795000,5159,5188,5152.75,5186.25,30110
1743795300,5186.25,5192.75,5165.5,5175,33522
1743795600,5175,5180.25,5164.25,5175.75,28089
1743795900,5175.5,5185.5,5146.75,5150.5,35617
1743796200,5150.75,5150.75,5114.25,5119,56607
1743796500,5119,5119.5,5103,5108.5,175067
1743796800,5108.5,5116.5,5088.5,5096,66156
1743797100,5096,5111.25,5096,5103.5,21842
1743797400,5103.5,5106.5,5088.5,5105.25,15112
1744032600,4941.75,4943.5,4913.75,4926,64987
1744032900,4926,4928.75,4887,4908.25,51619
1744033200,4908.5,4914.75,4867,4887.75,47730
1744033500,4887.75,4937.5,4874.25,4927.75,52930
1744033800,4927.5,4973.5,4922.75,4972.5,47194
1744034100,4973,5015.25,4962,5007.5,44603
1744034400,5007.75,5025,4983.75,4998,55688
1744034700,4998.25,5020.5,4988.5,4995.75,40969
1744035000,4995.5,5227.5,4993.75,5191.5,62917
1744035300,5191.25,5285.5,5186.5,5198,71129
1744035600,5198,5198.5,5040.5,5047.75,84505
1744035900,5048,5105.5,5025.25,5033,62800
1744036200,5032.75,5111.25,5018.5,5040,57993
1744036500,5040,5051.5,4987.5,4990.5,53959
1744036800,4990.25,5056.75,4987.25,5051.75,41084
1744037100,5051.5,5070.5,5025.25,5059.5,40194
1744037400,5059.5,5140.75,5054.5,5132.75,43409
1744037700,5132.5,5135.25,5098.75,5110.75,31629
1744038000,5110.75,5150,5096.5,5133,28342
1744038300,5133,5133.25,5070,5073.5,27688
1744038600,5073.25,5096.75,5000.75,5013.25,28810
1744038900,5013.75,5040.5,4975,5031.25,46623
1744039200,5030.5,5057.25,4988.5,4991.25,31678
1744039500,4991.75,5008.25,4985,4987.75,23142
1744039800,4987.25,5025.75,4987.25,5019.75,21982
1744040100,5020,5061.25,5018.75,5038,21006
1744040400,5037.5,5091.25,5032.5,5084.75,18893
1744040700,5085.5,5088.75,5055.5,5071.25,18113
1744041000,5071,5088.5,5046.5,5048.5,17804
1744041300,5048.75,5067,5045,5045.5,14645
1744041600,5045.25,5047.25,5028,5039.25,14314
1744041900,5040,5040,5011.75,5014.75,15330
1744042200,5014.5,5033.75,5002.5,5022.5,16970
1744042500,5022.25,5030.75,5004.25,5024.75,12988
1744042800,5024.5,5030.75,5000.25,5025,14582
1744043100,5025.25,5056.25,5024.25,5046.75,16474
1744043400,5046.5,5068.75,5040,5059.75,15320
1744043700,5060,5060.5,5043.25,5044.25,13759
1744044000,5044.25,5055.25,5018.75,5029.5,15005
1744044300,5029.25,5029.25,5005.75,5020.25,13631
1744044600,5020,5029.5,5010.5,5026.5,12123
1744044900,5026,5030.25,4996.75,5007.25,16350
1744045200,5007,5082,5006.25,5018.75,39234
1744045500,5019,5032.5,5006.75,5026,14254
1744045800,5026.25,5069,5013.75,5066.5,17070
1744046100,5066.25,5088.5,5057.5,5080,21644
1744046400,5079.5,5092.5,5069.5,5082.5,16139
1744046700,5082.5,5111,5077,5108.75,16766
1744047000,5108,5111.5,5073,5091.5,19549
1744047300,5091.25,5115.5,5082.5,5114.25,17983
1744047600,5114,5123,5094.75,5122,17623
1744047900,5122,5145,5096.25,5128.5,31704
1744048200,5128.5,5140.25,5115.75,5129.75,18742
1744048500,5130,5145.75,5117.25,5143,15289
1744048800,5143.25,5152.75,5126.5,5135,19773
1744049100,5135.25,5136.75,5107.75,5124.25,15374
1744049400,5124,5141.75,5104,5114,17519
1744049700,5114.25,5152.75,5111.75,5147.75,18023
1744050000,5147.5,5158,5130.25,5144.25,14814
1744050300,5144,5146.5,5098.25,5103.5,16273
1744050600,5103.5,5116.75,5100,5112.5,13659
1744050900,5112.25,5131,5107,5126,13391
1744051200,5126,5136,5114,5119,12424
1744051500,5118.75,5129.75,5103,5111.75,15289
1744051800,5111.75,5114.5,5085.5,5087.75,16565
1744052100,5087.75,5093,5075.5,5084.25,14662
1744052400,5084.25,5115.75,5080.75,5089.25,22349
1744052700,5089.5,5095.5,5067.5,5070.5,15436
1744053000,5070.25,5076.75,5061,5069.25,13993
1744053300,5069,5096,5052.75,5088.75,22037
1744053600,5089,5095.25,5067.75,5074.5,17940
1744053900,5074.25,5081,5056.5,5058.25,18205
1744054200,5058.25,5114.5,5058,5102.5,22674
1744054500,5103,5119.75,5094,5098.75,23280
1744054800,5098.5,5103,5065,5067,23335
1744055100,5067,5081.5,5062.5,5078.25,25740
1744055400,5078,5088,5060,5085.5,30888
1744055700,5085.25,5105.25,5085,5098.75,116118
1744056000,5098.75,5127.5,5091,5127.5,36452
1744056300,5127.5,5138.5,5121,5131,13338
1744056600,5131,5142.5,5126.75,5128.75,9524
1744119000,5272,5275,5253.5,5258.25,48333
1744119300,5258.5,5260.75,5231,5243.25,39137
1744119600,5243.25,5258.75,5235.75,5250.5,29725
1744119900,5250.25,5268.25,5243,5247.25,24855
1744120200,5247.5,5274,5240.25,5269.25,24686
1744120500,5269.5,5287,5264.5,5280,23885
1744120800,5280.25,5292.75,5275,5285.75,26928
1744121100,5285.75,5297.25,5275.25,5294.5,23923
1744121400,5294.75,5298.5,5279.25,5291.75,22947
1744121700,5291.75,5305.25,5289,5294.75,26754
1744122000,5294.75,5304,5283,5284.5,19857
1744122300,5284.75,5303.75,5281.5,5287.75,22866
1744122600,5288.25,5294.25,5277.5,5292,17653
1744122900,5291.75,5296.5,5280.5,5292.25,12578
1744123200,5292.25,5293.5,5268.25,5269.5,17440
1744123500,5269.5,5279.5,5259,5262.25,24072
1744123800,5262,5266,5250,5251.5,15425
1744124100,5251.75,5252.75,5231.75,5232.25,20672
1744124400,5232,5246.75,5229.5,5242.5,20715
1744124700,5242.5,5242.75,5221.25,5230.75,21931
1744125000,5231,5233,5208,5212.25,19822
1744125300,5212,5216,5195,5213.25,21464
1744125600,5213.5,5224,5196.25,5200.75,26204
1744125900,5200.5,5211.5,5193,5194.5,17290
1744126200,5194.5,5214.25,5192.75,5211.75,17547
1744126500,5211.75,5234,5207,5227.5,23294
1744126800,5227.25,5238.75,5223.25,5227.5,15831
1744127100,5227.25,5235.25,5206.75,5210,15261
1744127400,5209.75,5213.5,5195.25,5209.25,13685
1744127700,5209,5224,5205.75,5220.75,11346
1744128000,5220.75,5222,5209.75,5217.5,12842
1744128300,5217.5,5226.25,5207.25,5209.25,13472
1744128600,5209.25,5222.75,5205.75,5206.5,12472
1744128900,5206.5,5208.25,5183.5,5186.5,16596
1744129200,5186.25,5190,5170.75,5175,14991
1744129500,5174.5,5193.25,5170.25,5192.5,15079
1744129800,5192.5,5199,5163,5171.75,29672
1744130100,5171.75,5179.75,5138,5143,27264
1744130400,5143.25,5149.75,5127.5,5137.5,26190
1744130700,5137.25,5167.5,5132,5154.25,35745
1744131000,5154.25,5160.25,5141.25,5144.5,18115
1744131300,5144.5,5158.5,5121.5,5123.75,23493
1744131600,5123.25,5130.25,5111,5128.5,22093
1744131900,5128.25,5138.25,5098.5,5100.5,23498
1744132200,5100.25,5108,5086.25,5102,25381
1744132500,5102,5119.5,5099.5,5104,23084
1744132800,5103.75,5108,5088,5096.5,17065
1744133100,5096.75,5101.75,5073,5074.75,20496
1744133400,5074.5,5088.75,5071.5,5073.5,17772
1744133700,5073.5,5108.25,5071.25,5102.5,32122
1744134000,5102,5142.75,5101,5129,27312
1744134300,5129.25,5130.75,5101.5,5103.5,16494
1744134600,5103.75,5120,5095.5,5104,14665
1744134900,5104,5121.5,5102.5,5118.75,10865
1744135200,5118.75,5122.75,5105,5110.5,11615
1744135500,5110,5111.25,5089,5095,13220
1744135800,5095.25,5100,5080.25,5085,11877
1744136100,5085,5112.25,5083,5108.75,13214
1744136400,5108.75,5111,5094,5099.5,8175
1744136700,5100.25,5101.5,5071.5,5075,10563
1744137000,5075,5129.25,5074.75,5086.25,31386
1744137300,5086,5087.5,5066.5,5078,21164
1744137600,5078.25,5079.5,5064.5,5065.25,10835
1744137900,5065.5,5091.5,5065.5,5084.5,19310
1744138200,5084,5093,5076,5079.25,12665
1744138500,5079.25,5082,5067,5067.5,14077
1744138800,5067.5,5072.25,5052.25,5054.25,16177
1744139100,5054,5058,5025.75,5026.75,23048
1744139400,5026.75,5036.25,5013.25,5016,20649
1744139700,5015.75,5019.5,4993,5001.5,26953
1744140000,5001,5021.5,4997.75,5020,25152
1744140300,5020.25,5037,5018,5025.5,20410
1744140600,5025.5,5026.25,5001.75,5003,18471
1744140900,5003.25,5003.5,4959.25,4964.5,31276
1744141200,4964.75,4987.75,4954,4955.25,33370
1744141500,4955.5,4965.75,4940.5,4943,26705
1744141800,4942.25,5013.75,4942.25,5009.25,51738
1744142100,5009.25,5025.25,4989.25,5017.5,104803
1744142400,5017.75,5025.75,5005.5,5019,34901
1744142700,5019.25,5037.5,5013.75,5023,12362
1744143000,5022.75,5027,5009,5013,9714
1744205400,4982.75,5018.75,4982.75,5002.5,39266
1744205700,5002.25,5046,4989.75,5045.25,36073
1744206000,5045,5070.5,5021,5025.25,36527
1744206300,5025.25,5037,5006.25,5035.75,26001
1744206600,5036,5060,5029.25,5053.25,22781
1744206900,5053.5,5063.75,5041.25,5048.25,19300
1744207200,5048.25,5087.25,5047.25,5069.25,27543
1744207500,5069,5071.25,5026.25,5033.75,23100
1744207800,5033.5,5053.5,5016,5022.75,18711
1744208100,5022.5,5041.25,5021.75,5037.25,15987
1744208400,5037,5054,5016.25,5038.75,16969
1744208700,5038.5,5044.25,5020,5039.75,15803
1744209000,5040,5067,5034,5060.5,19834
1744209300,5060.5,5061.75,5033.25,5038.25,13651
1744209600,5038,5040,5024.25,5026.25,13908
1744209900,5026.5,5048.5,5015,5018.75,15531
1744210200,5018.25,5024,4986,4995,19652
1744210500,4995,5002.75,4980,4981.5,16706
1744210800,4981.5,5006.25,4980,5004.25,17032
1744211100,5004.25,5027.75,4999.5,5017.5,15299
1744211400,5017.75,5025.75,5008.5,5014.5,8893
1744211700,5014.25,5041.25,5014.25,5034.25,14851
1744212000,5034.25,5047.5,5032,5044,10607
1744212300,5044,5045.75,5031.25,5032.75,12800
1744212600,5032.75,5046,5018.25,5022.25,15541
1744212900,5022.25,5029,5008.75,5009.75,12901
1744213200,5010,5014.25,4997.5,5002,8954
1744213500,5001.5,5040.75,5001.25,5026,17553
1744213800,5026,5033.5,5015.5,5018,9057
1744214100,5018,5020.25,5002,5009.25,9373
1744214400,5009,5016.25,4997,5006.25,9894
1744214700,5006,5028.75,5003.5,5024.75,8874
1744215000,5025.25,5054.5,5020.75,5049,10964
1744215300,5048.75,5054.75,5043.75,5049.75,9470
1744215600,5049.75,5052.25,5040.75,5042.75,6792
1744215900,5042.5,5056,5040.5,5043,9730
1744216200,5042.75,5052,5036.5,5050.25,7713
1744216500,5050.25,5058,5043.5,5051.75,7848
1744216800,5052,5052.75,5041.25,5048,8212
1744217100,5047.75,5059,5042.25,5058.5,11339
1744217400,5059,5068.5,5049.5,5065.75,14272
1744217700,5065.75,5076.75,5060.5,5062.75,12902
1744218000,5062.75,5108.25,5062,5107.25,34283
1744218300,5107.5,5107.5,5068.25,5069.75,19739
1744218600,5069.75,5075,5060.5,5074.75,13227
1744218900,5074.75,5205.5,5025,5179.75,36809
1744219200,5180,5295.25,5125.5,5288.5,88815
1744219500,5289,5388,5283.5,5292.5,65663
1744219800,5293.25,5376,5283.25,5372.5,53337
1744220100,5372.75,5420.5,5324.25,5326.75,64212
1744220400,5327,5347.5,5297,5314.75,48425
1744220700,5315,5385.25,5312.25,5361.75,38758
1744221000,5361.75,5375,5336.75,5367,37048
1744221300,5367.5,5410.25,5343.25,5404.25,32734
1744221600,5404.5,5435.5,5395.25,5413.75,46056
1744221900,5414,5424.25,5365.75,5394.25,35458
1744222200,5394.25,5420.5,5384,5400.25,30322
1744222500,5400.75,5431,5385.5,5400.75,30361
1744222800,5400.25,5434.75,5388.5,5427.75,28360
1744223100,5427.75,5452.5,5420.25,5437.25,27717
1744223400,5437.25,5454.25,5406.25,5418,32629
1744223700,5418,5436,5412.75,5424,24703
1744224000,5424.25,5429.75,5380.5,5388.75,28222
1744224300,5388.5,5406.5,5370.25,5395.5,29577
1744224600,5395.75,5417.5,5382,5387.75,22784
1744224900,5388,5394.5,5360.5,5364.25,20471
1744225200,5364.25,5401.5,5352,5399.75,29442
1744225500,5399.5,5409,5385,5404,24168
1744225800,5404.25,5433.25,5403.5,5430.25,19852
1744226100,5430.75,5440,5413.75,5437.25,20593
1744226400,5437,5459.75,5435.5,5458,23812
1744226700,5457.75,5473.75,5449.5,5460.75,27334
1744227000,5461,5490.25,5460.5,5480.75,30375
1744227300,5481.25,5483,5451,5473.75,23383
1744227600,5473.75,5476.5,5464.25,5473.75,20543
1744227900,5473.75,5487.75,5460,5486.25,23021
1744228200,5486.25,5520,5486.25,5496.5,52868
1744228500,5496.25,5507.25,5473.75,5489.5,155964
1744228800,5489.5,5508.75,5480.5,5488,58524
1744229100,5488,5510.75,5484,5506,25290
1744229400,5506.25,5506.5,5480,5483.75,13521
1744291800,5375.5,5389,5364.25,5373.75,36672
1744292100,5373.25,5382.5,5351.25,5366.25,29481
1744292400,5366,5366.75,5338,5354.25,27726
1744292700,5354.25,5380.75,5351.75,5376.75,29108
1744293000,5376.75,5387.25,5353.5,5361.25,24326
1744293300,5361.5,5363.75,5341.75,5343.25,22226
1744293600,5343.5,5355.25,5324.25,5339,30297
1744293900,5339,5354.5,5328.25,5343.75,23516
1744294200,5343.5,5343.75,5315.75,5329.5,20469
1744294500,5330,5342.75,5327,5328.5,18758
1744294800,5328.25,5356,5323.25,5352.5,22997
1744295100,5352.25,5360.5,5332,5334.5,20617
1744295400,5334.5,5364.5,5334.25,5362.25,20846
1744295700,5362.25,5369.75,5354.5,5360,16629
1744296000,5360,5373.75,5350.5,5353.75,19571
1744296300,5354,5356.5,5331,5337.25,18108
1744296600,5337.25,5344.5,5326.25,5336.5,17713
1744296900,5336.75,5342.75,5314,5316.5,16409
1744297200,5316.5,5323,5311.75,5320.25,15001
1744297500,5320,5341,5316,5339.25,16196
1744297800,5339,5339.5,5315.5,5318.25,12941
1744298100,5318,5320.75,5306.5,5308.75,13632
1744298400,5309,5311.5,5295,5300.25,15472
1744298700,5300.5,5304.5,5290.5,5290.5,16509
1744299000,5290.75,5296,5275,5288.25,22432
1744299300,5288.5,5290.5,5272.5,5273.75,17643
1744299600,5273.5,5286.75,5266.75,5269.75,17450
1744299900,5269.75,5280.75,5262,5262.75,16510
1744300200,5262.5,5268.5,5246.25,5268,26301
1744300500,5268,5271.25,5231.5,5238.5,21827
1744300800,5238.25,5253.75,5214.75,5215,27043
1744301100,5215,5241.75,5208.75,5230.25,25203
1744301400,5230,5240.75,5211.25,5215,19558
1744301700,5214.75,5216.5,5188.5,5196.25,21532
1744302000,5196.25,5196.25,5153.75,5184.75,37197
1744302300,5185,5187.75,5146.75,5170,30152
1744302600,5169.75,5224,5166.5,5221.25,32792
1744302900,5221,5240.75,5207.5,5232.75,25514
1744303200,5233.25,5234.5,5213.75,5230,23247
1744303500,5229.75,5254.25,5206,5246.75,22943
1744303800,5246.5,5258,5223.75,5231.5,24500
1744304100,5231.75,5254.75,5228.75,5249.25,15020
1744304400,5249,5300,5240,5262.75,31407
1744304700,5263.25,5263.5,5223.5,5226.25,23447
1744305000,5226,5229.75,5186.75,5197.75,22310
1744305300,5197.5,5210.25,5187.25,5205.5,16509
1744305600,5205.25,5216.5,5180.25,5210,19080
1744305900,5209.75,5248.5,5206.25,5245.25,19437
1744306200,5245,5262,5235.25,5244,18469
1744306500,5244,5269.5,5241.5,5245.75,16752
1744306800,5246,5281.75,5242.75,5278.75,27023
1744307100,5279.5,5303.25,5273,5278.75,25970
1744307400,5279,5299,5262.5,5292.25,18604
1744307700,5292,5308.75,5290.25,5295.5,16912
1744308000,5295.5,5331,5288,5324,23285
1744308300,5323.75,5331.5,5276.25,5278.25,26645
1744308600,5278.25,5285.75,5256.75,5261.25,17918
1744308900,5261.25,5289.25,5255.75,5281.25,17445
1744309200,5281.5,5327.75,5280.25,5317,18528
1744309500,5317,5341.5,5308,5337.5,18823
1744309800,5337.75,5349.5,5322,5322.75,19548
1744310100,5323.25,5332.5,5308.5,5328.75,17899
1744310400,5328.75,5351.75,5320,5348.5,14522
1744310700,5348.25,5349.25,5307.75,5319.25,17159
1744311000,5319.5,5336.5,5298.25,5300.25,15804
1744311300,5300.5,5325,5289,5314.75,13778
1744311600,5315.25,5348.75,5302.75,5340.5,16057
1744311900,5340.5,5346.75,5296.25,5297,17957
1744312200,5297,5311.75,5291.5,5306.75,14092
1744312500,5306.5,5326.5,5294.5,5323.25,14572
1744312800,5323.5,5340.75,5302.5,5311.75,15808
1744313100,5312,5326,5276.25,5277.75,20335
1744313400,5277.75,5310.75,5275.25,5292.5,22738
1744313700,5292.75,5298,5267.5,5269.5,17608
1744314000,5269.75,5279.5,5234.5,5240.75,28356
1744314300,5240.75,5267.25,5234.75,5251.25,29714
1744314600,5251.75,5310,5248.25,5306.25,43745
1744314900,5306,5319,5273.5,5299.5,123116
1744315200,5299.25,5322.75,5288.75,5313.5,40974
1744315500,5313.5,5317.75,5303.25,5314.5,10338
1744315800,5314.5,5320.5,5309,5319.25,7866
1744378200,5281.25,5301.25,5262.25,5278.25,25514
1744378500,5278.25,5308.75,5264,5297.5,29953
1744378800,5297.25,5314,5272.25,5306.75,24027
1744379100,5307,5335.25,5303.5,5324,25974
1744379400,5324.25,5340.5,5311.25,5332.5,19985
1744379700,5332.5,5334.5,5314.25,5316.75,15668
1744380000,5314.75,5319.5,5285,5304.25,26568
1744380300,5304.5,5336.75,5299.25,5323.75,22064
1744380600,5324,5330.75,5294.5,5314.25,15986
1744380900,5314,5328.25,5284.25,5286.5,15935
1744381200,5286.25,5290.25,5252.75,5270.5,24048
1744381500,5270.5,5276.5,5254.75,5258.5,15774
1744381800,5258.75,5293.5,5251.5,5289.25,21344
1744382100,5289,5298.25,5284,5292.75,13090
1744382400,5292.5,5306.5,5281.25,5304.75,14677
1744382700,5304.75,5319.25,5303.25,5310.75,11754
1744383000,5310.5,5310.75,5287.25,5297,12422
1744383300,5296.75,5303.25,5280.5,5282.75,10371
1744383600,5282.5,5325.75,5276,5280.5,21081
1744383900,5280,5289.75,5268.25,5285,12785
1744384200,5285.5,5289.75,5267.25,5269.5,10394
1744384500,5270.25,5277,5259.5,5267.5,10097
1744384800,5267.5,5279.5,5260.25,5265.5,9854
1744385100,5265.5,5287,5264.5,5281.5,13967
1744385400,5281.75,5291.25,5274.5,5287.5,10686
1744385700,5287.75,5314,5281.5,5311.25,13008
1744386000,5311.5,5312.25,5292.25,5305.25,9942
1744386300,5305,5314.75,5298.5,5310,10864
1744386600,5310,5314.5,5301.25,5308.75,7503
1744386900,5309.25,5323,5308.75,5321.25,8499
1744387200,5321.25,5323.75,5311.75,5321.25,8377
1744387500,5321,5337.75,5320.25,5321.5,12375
1744387800,5321.25,5336.5,5321,5330.25,10279
1744388100,5330.5,5338.5,5325.75,5337,9054
1744388400,5337,5338.5,5324.75,5325.5,9626
1744388700,5325.5,5331.75,5315.5,5325.75,11084
1744389000,5325.75,5355.75,5325.75,5349.75,15762
1744389300,5349.75,5372.5,5349.25,5365,14341
1744389600,5365,5374.75,5358.25,5371.75,12834
1744389900,5371.75,5379.75,5361.5,5378.25,14813
1744390200,5378.5,5381.25,5368.5,5375,12516
1744390500,5374.75,5378.75,5368,5369.75,10864
1744390800,5370,5378.75,5357.75,5372.5,14646
1744391100,5373,5383.5,5365,5370.5,13915
1744391400,5370.5,5372.25,5359.5,5367,10418
1744391700,5367.25,5373,5348.75,5353.25,12124
1744392000,5353.5,5372.25,5348.75,5358.5,13075
1744392300,5358.5,5359.25,5347.25,5350.5,11082
1744392600,5350.5,5357.25,5340.25,5351.75,12079
1744392900,5351.75,5381.5,5343.75,5380.25,14308
1744393200,5380,5414.5,5379,5406.75,32588
1744393500,5407,5408,5384.75,5400,20795
1744393800,5399.75,5418.25,5394.25,5410.5,14714
1744394100,5410.75,5411.75,5394.25,5399.5,15297
1744394400,5399.5,5403,5389.5,5400.25,12153
1744394700,5400.25,5401.75,5381,5386,11613
1744395000,5386,5395.25,5379.75,5388,10369
1744395300,5388.25,5393.75,5372,5376.25,12544
1744395600,5376.25,5385,5368,5381.25,11784
1744395900,5381.5,5385.25,5370.5,5384,9148
1744396200,5384.25,5388.25,5378.5,5382.5,9112
1744396500,5382.5,5393.25,5376.25,5385.5,9630
1744396800,5385.5,5395.25,5383.5,5389.5,8974
1744397100,5389.25,5398.25,5387.5,5394,8113
1744397400,5394.5,5396,5372,5388.75,13724
1744397700,5388.5,5392.25,5372.75,5374.5,10550
1744398000,5374.5,5395.75,5373.25,5390,11343
1744398300,5390,5400.75,5383.25,5399.5,9862
1744398600,5399.5,5406,5394.5,5402.75,9253
1744398900,5402.75,5405,5388.5,5402.25,11430
1744399200,5402.25,5409,5397.5,5405,10270
1744399500,5405,5410,5396.5,5399.75,10049
1744399800,5399.5,5404.25,5391.75,5402.25,11480
1744400100,5402,5402.25,5387,5398.25,10762
1744400400,5398,5404,5394.75,5402,11918
1744400700,5401.75,5403.75,5392.75,5398.5,11670
1744401000,5399,5407.5,5391.75,5400.5,29696
1744401300,5400.75,5405,5388.5,5390,97533
1744401600,5390.25,5397.25,5386.75,5396,30339
1744401900,5396.25,5397.5,5392.25,5393.25,6503
1744402200,5393.25,5397.5,5391.25,5397.25,5842
1744637400,5493.25,5496.5,5471.75,5478.75,34134
1744637700,5478.5,5481.25,5461.25,5461.5,22363
1744638000,5461.75,5464,5444.75,5459.75,23395
1744638300,5459.75,5467.5,5444.25,5465.25,20592
1744638600,5465.25,5472.5,5454,5468,18820
1744638900,5468.5,5470.75,5455.25,5457.75,14453
1744639200,5458,5484.25,5452,5478,21174
1744639500,5478,5487.75,5472,5473,13528
1744639800,5473.5,5474,5461.5,5466.75,12730
1744640100,5466.75,5473,5449.25,5461.75,16514
1744640400,5462.25,5468,5453.25,5465.5,10348
1744640700,5465.25,5477,5459.25,5474.25,10841
1744641000,5474.5,5479.75,5468.75,5474,10223
1744641300,5474.25,5481.25,5470.25,5478.75,7376
1744641600,5479,5483.5,5472.5,5476.75,8101
1744641900,5476.5,5485.25,5472,5483,9856
1744642200,5483,5492.25,5482,5491.5,9681
1744642500,5491.25,5491.75,5474.5,5477.25,13057
1744642800,5477,5484.5,5468.25,5471.5,14242
1744643100,5471.5,5473.5,5460,5465,11959
1744643400,5464.75,5470.75,5457.25,5460,8258
1744643700,5460,5463.75,5454.25,5462.75,7482
1744644000,5462.75,5465.75,5455.75,5455.75,8830
1744644300,5455.75,5457,5437.25,5438.5,14915
1744644600,5438.5,5451,5434,5450.5,14758
1744644900,5450.75,5452.5,5428,5429.25,14190
1744645200,5429,5436,5421.5,5435.25,14016
1744645500,5435.25,5435.5,5409.25,5411.75,16495
1744645800,5411.75,5415.75,5404.75,5414.5,17390
1744646100,5414.25,5424.5,5409.5,5409.75,14138
1744646400,5410,5421.25,5406,5417.75,13001
1744646700,5417.75,5420.5,5407.25,5410,9528
1744647000,5410,5413.75,5391,5406.75,20703
1744647300,5406.75,5428.25,5405.75,5421.5,18352
1744647600,5421.75,5432.25,5412,5418.75,15070
1744647900,5418.75,5421,5403.75,5410.5,11409
1744648200,5410.5,5429.75,5406.25,5427.75,10404
1744648500,5427.75,5431.5,5421.5,5423.25,8955
1744648800,5423,5428.75,5418.5,5427.75,6740
1744649100,5427.75,5432.25,5422.25,5423,6284
1744649400,5423,5423.25,5408.75,5422.25,10232
1744649700,5422.25,5423.75,5405.75,5407.75,7877
1744650000,5408,5443.5,5405.5,5417,22718
1744650300,5417,5422.75,5409.75,5420,9174
1744650600,5420.25,5424.75,5414,5420.5,6012
1744650900,5421,5428,5412.25,5427.25,6323
1744651200,5427.75,5438.25,5424.5,5438,7775
1744651500,5438,5438.25,5422.5,5425.5,7209
1744651800,5425.25,5432,5417,5427,9451
1744652100,5427,5434.25,5423.75,5429.25,6926
1744652400,5429.5,5434.5,5422,5423,6107
1744652700,5422.75,5432,5418.5,5429.25,7354
1744653000,5429.5,5448,5427.25,5441,9042
1744653300,5441,5445.75,5436.5,5442.5,6130
1744653600,5442.5,5449.75,5441.25,5447.25,7167
1744653900,5446.75,5451.5,5442.5,5449,6937
1744654200,5448.75,5450.75,5440.25,5445.5,6408
1744654500,5445.5,5451,5442.25,5449.75,6042
1744654800,5449.75,5457.25,5448.5,5456.75,6872
1744655100,5456.75,5458.25,5451.75,5456.5,5098
1744655400,5456.75,5461.25,5453.5,5459,8808
1744655700,5459,5461.75,5456.75,5459.5,5806
1744656000,5459.75,5466.25,5458.75,5465,5531
1744656300,5464.75,5465.75,5456.5,5462.5,7497
1744656600,5462.5,5464.5,5457.25,5460.5,6530
1744656900,5460.75,5463.5,5457.25,5460.5,6485
1744657200,5460.5,5467.5,5459.5,5466.75,7933
1744657500,5467.25,5474.75,5465.5,5474,8943
1744657800,5474.25,5479,5470.5,5476.75,8984
1744658100,5476.75,5476.75,5466.25,5468.25,9842
1744658400,5468.5,5474,5465.25,5471.5,6860
1744658700,5471.5,5472.5,5462.75,5466,10386
1744659000,5466.25,5468.75,5459.25,5467.5,8560
1744659300,5467.75,5469.5,5461.5,5465.25,9962
1744659600,5465,5474.25,5464.25,5469.5,11243
1744659900,5469.5,5470.75,5456.5,5461.75,14932
1744660200,5461.75,5461.75,5444,5449.5,25433
1744660500,5449.5,5450.75,5436,5442.5,63455
1744660800,5442.5,5447.75,5434,5438.5,23511
1744661100,5438.25,5438.75,5431.5,5437.25,5630
1744661400,5437.25,5440,5435.75,5437.75,4539
1744723800,5449.25,5460.75,5444.25,5454.75,25635
1744724100,5454.75,5469.5,5446.75,5466.75,17631
1744724400,5466.75,5475,5464.25,5470.5,17572
1744724700,5470.5,5476.75,5462.25,5473.5,14568
1744725000,5473.75,5482,5470.25,5477,14333
1744725300,5477.25,5479,5466.25,5467.25,15787
1744725600,5467.5,5476.25,5464.75,5471.25,16010
1744725900,5471.25,5477.75,5468.5,5471.5,10581
1744726200,5471.5,5485,5467.75,5469.75,17418
1744726500,5470,5478,5442.75,5446.25,33864
1744726800,5446,5461.5,5433,5447,28241
1744727100,5446.75,5452.75,5439.25,5446,15564
1744727400,5446,5462.25,5445.25,5460.75,13844
1744727700,5460.75,5462.25,5449,5451.25,11568
1744728000,5451.5,5471.25,5447,5469.25,14160
1744728300,5469,5470.75,5442.5,5458.75,25460
1744728600,5458.75,5464.5,5449.5,5462.75,13159
1744728900,5462.75,5469,5456.75,5458,12642
1744729200,5458.25,5467.75,5456.25,5466.5,10975
1744729500,5466.75,5468.75,5456.25,5461,9360
1744729800,5460.75,5468,5456.25,5466.75,8918
1744730100,5467,5470.75,5465,5467.5,7236
1744730400,5467.25,5472.5,5465.75,5468.75,8445
1744730700,5469,5469.25,5453.25,5454,11838
1744731000,5454.25,5467.5,5452.5,5458.5,12255
1744731300,5458.75,5462.25,5449.5,5455.5,10918
1744731600,5455.5,5458,5452.25,5455.5,8365
1744731900,5455.5,5460.25,5448,5451.25,11209
1744732200,5451.25,5465,5446.5,5460.5,15339
1744732500,5460.75,5462.5,5453.75,5462.25,6974
1744732800,5462.25,5468.75,5461,5465.75,6746
1744733100,5465.75,5467.5,5457,5459.75,6898
1744733400,5460,5464,5457,5461.25,5722
1744733700,5461.25,5465,5455.5,5459.25,5953
1744734000,5459.5,5466,5456.5,5465.5,5744
1744734300,5465.5,5468.5,5461,5461.75,6500
1744734600,5462,5466.5,5459,5459.75,6339
1744734900,5460,5462.75,5454.5,5454.75,6138
1744735200,5454.75,5460,5451.5,5459,6719
1744735500,5459.25,5463.5,5457,5459,5589
1744735800,5459.25,5459.75,5445.5,5447.25,8481
1744736100,5447,5447,5436.75,5442,13161
1744736400,5442,5449,5436.25,5448.75,11228
1744736700,5448.25,5451.25,5443,5443.5,8389
1744737000,5443.75,5447.75,5440.75,5445,6026
1744737300,5445.25,5446.75,5434.75,5438.5,8038
1744737600,5438.25,5440.25,5426.5,5432.5,10231
1744737900,5432.25,5434.5,5425.5,5429.5,9941
1744738200,5429.25,5438.5,5428.75,5432.25,10475
1744738500,5432,5439.75,5427.5,5439.25,8013
1744738800,5439.25,5444.5,5438.5,5440.25,8222
1744739100,5440,5442,5436,5441.5,6965
1744739400,5441.5,5442.5,5426,5426.5,11443
1744739700,5426.25,5438.25,5425.25,5434.75,9911
1744740000,5435,5439.75,5428.25,5432.75,8468
1744740300,5432.5,5434,5426,5432.5,7732
1744740600,5432.5,5433.75,5421.75,5425.25,9479
1744740900,5425,5427.25,5419.5,5422.25,8595
1744741200,5422.25,5428.25,5419.5,5424.75,6809
1744741500,5424.75,5432.25,5423.25,5426.25,7869
1744741800,5426.25,5434.75,5425.75,5434,7243
1744742100,5434.25,5436,5428,5431,6979
1744742400,5430.75,5438.75,5429,5438.25,6143
1744742700,5438.25,5444,5434.5,5435.75,7670
1744743000,5435.75,5437.5,5431.75,5436.75,6075
1744743300,5436.75,5441.75,5436,5438,5880
1744743600,5438.25,5439.25,5431.75,5436.25,6897
1744743900,5436.25,5438,5432.75,5434.75,5154
1744744200,5435,5443.75,5432.25,5441.5,6727
1744744500,5441.5,5444.75,5439.75,5443,6137
1744744800,5442.75,5444.25,5435.25,5437,7476
1744745100,5436.75,5436.75,5429,5435,10151
1744745400,5435.25,5438.75,5432,5434.5,7846
1744745700,5434.25,5438.25,5429.5,5431,8353
1744746000,5430.75,5435.25,5429.5,5432.75,8624
1744746300,5432.5,5433.75,5422.75,5429,12427
1744746600,5429,5438.75,5426.25,5434.5,20124
1744746900,5434.25,5434.5,5424.75,5427.75,59862
1744747200,5428,5432.5,5426.5,5432,18379
1744747500,5431.75,5434.25,5431.25,5433,3540
1744747800,5433,5433.25,5428,5428.25,4022
1744810200,5367.25,5383,5365.5,5378.5,29657
1744810500,5378.75,5388.75,5373.75,5381.5,20859
1744810800,5381.5,5384,5373,5375,15601
1744811100,5375.25,5377.5,5363.25,5367.25,18014
1744811400,5367.25,5369,5351.5,5355.5,19518
1744811700,5355.5,5362.75,5348.5,5348.5,15012
1744812000,5348.5,5356,5346,5354.25,16411
1744812300,5354.25,5365.25,5353.5,5361.75,14490
1744812600,5361.5,5364.5,5350.75,5351,13815
1744812900,5351,5355.5,5349,5354.5,12298
1744813200,5354.5,5364.75,5351,5364.5,12640
1744813500,5364.5,5371.5,5362,5367,13614
1744813800,5367,5371,5362.5,5370.5,10986
1744814100,5370.25,5372.5,5362.75,5370.25,10360
1744814400,5370.25,5379.25,5369,5376.75,14834
1744814700,5376.75,5377,5369.5,5370,10878
1744815000,5370,5375.5,5369,5370,8369
1744815300,5369.75,5374,5364.75,5372,12487
1744815600,5372.25,5378.75,5369.5,5369.75,13941
1744815900,5369.75,5378.25,5366.5,5376.5,9665
1744816200,5377,5380.5,5375,5376.25,10157
1744816500,5376.5,5378.5,5368.25,5373,10161
1744816800,5373,5394.5,5370.75,5394.25,18339
1744817100,5394.25,5401,5393.5,5396.5,17799
1744817400,5396.5,5397.25,5387.75,5393,12862
1744817700,5393.25,5394.25,5386.5,5388.25,10364
1744818000,5388.25,5388.5,5380.5,5382.5,9744
1744818300,5382.25,5384.25,5375.5,5376,8598
1744818600,5376,5378.25,5369.5,5371.25,11779
1744818900,5370.75,5373.25,5363,5366.75,8955
1744819200,5366.5,5368.25,5360.75,5367.25,12193
1744819500,5367,5367,5356.5,5363.75,11537
1744819800,5363.5,5367.75,5361.25,5364.25,9008
1744820100,5364.25,5367,5360.25,5364.25,5357
1744820400,5364,5364.75,5358.5,5364,5661
1744820700,5364,5367.25,5361.5,5364.5,8018
1744821000,5364.25,5369.75,5362,5369.25,7237
1744821300,5369.25,5370.25,5356.75,5358.75,9009
1744821600,5358.5,5364.5,5354.25,5364.25,8431
1744821900,5364,5364.75,5356.25,5358.75,5739
1744822200,5359,5361,5355.5,5360.25,6243
1744822500,5360.25,5361.5,5356.5,5358.25,6223
1744822800,5358.25,5362.25,5353.5,5355.25,8425
1744823100,5355.25,5361.75,5352.5,5354.75,6604
1744823400,5354.5,5357.5,5351,5354.5,6248
1744823700,5354.75,5365,5354.25,5363,6668
1744824000,5363,5366.5,5355.25,5357.25,9073
1744824300,5357.25,5365.5,5356,5364.25,5472
1744824600,5364.5,5365.5,5332.25,5333.75,33139
1744824900,5333.5,5342.5,5328.5,5331,15139
1744825200,5331,5331.5,5315.5,5321,18888
1744825500,5320.75,5320.75,5304.75,5309,19201
1744825800,5309,5316,5301,5305.25,24042
1744826100,5305,5309,5287.25,5289,24131
1744826400,5289,5306.75,5288.5,5301.75,27594
1744826700,5301.75,5309,5295.25,5306.75,19646
1744827000,5306.75,5312,5301.25,5309.5,13351
1744827300,5309.75,5311.75,5295,5299.25,12927
1744827600,5299.25,5314.25,5295.5,5311.25,12857
1744827900,5311,5317,5306.75,5308.75,12973
1744828200,5308.5,5310.5,5301.5,5303.25,9387
1744828500,5303.25,5303.75,5287.75,5290,14322
1744828800,5289.75,5293.75,5284.5,5287.75,13378
1744829100,5288,5291.75,5284.75,5287,9768
1744829400,5286.75,5287.5,5279.25,5280,11030
1744829700,5280,5286,5275,5276.25,12596
1744830000,5276.25,5281,5268,5270.5,15916
1744830300,5270.5,5275,5263.75,5265.25,14656
1744830600,5265.5,5273.75,5256.5,5268.25,20158
1744830900,5268,5272,5260,5260.25,14328
1744831200,5260,5262.75,5253.75,5255,15436
1744831500,5255,5257.5,5251,5254.75,15777
1744831800,5254.75,5271.25,5254.75,5266.5,20244
1744832100,5266.25,5271.5,5260.5,5269.5,13264
1744832400,5269.75,5278.75,5267.5,5273,17097
1744832700,5272.75,5279.5,5269.25,5277.5,15875
1744833000,5277.75,5307.25,5277.75,5303.5,39804
1744833300,5303.5,5310.75,5290,5305.25,82977
1744833600,5305.25,5314.5,5301,5313.25,30578
1744833900,5313.25,5314.75,5300.5,5303.25,9425
1744834200,5303,5316.25,5303,5315.5,7407
1744896600,5322.75,5331.5,5311.25,5317.5,32039
1744896900,5317.25,5324.25,5309.75,5315.5,16637
1744897200,5315.5,5330.75,5310,5321.75,17695
1744897500,5322,5325,5311.75,5324.25,12738
1744897800,5324.25,5340.25,5323.25,5335,18443
1744898100,5335,5338,5325.5,5334,14367
1744898400,5334,5339,5324.5,5332.75,14871
1744898700,5333,5335.75,5317,5321.5,19406
1744899000,5321.75,5332.75,5318.5,5320.75,14156
1744899300,5320.75,5323.75,5310.25,5314.25,11547
1744899600,5314.25,5317,5305.25,5307.25,12580
1744899900,5307,5311,5297.75,5299.75,15038
1744900200,5299.5,5304.25,5289.25,5297.25,19865
1744900500,5297.25,5297.5,5285.5,5290.5,14520
1744900800,5290.25,5305.75,5289,5304.25,15925
1744901100,5304.25,5308.5,5301.5,5304.25,9800
1744901400,5304.5,5309.5,5298,5304.5,12797
1744901700,5304.5,5305.5,5296.75,5297.25,11680
1744902000,5297.5,5305,5296.75,5302.5,12134
1744902300,5302.5,5327.75,5301.25,5320.5,26884
1744902600,5320.25,5330.5,5318.25,5330,11795
1744902900,5329.75,5335.75,5322.25,5332.5,13067
1744903200,5332.5,5333.5,5320.5,5325.25,9701
1744903500,5325.25,5325.5,5311.75,5314,9738
1744903800,5313.75,5327.25,5313,5323,10000
1744904100,5323,5333.5,5316.5,5327,13351
1744904400,5327.25,5328.75,5316.75,5318,7349
1744904700,5318,5326,5314.25,5317,9775
1744905000,5316.75,5327.75,5311.5,5314.25,12666
1744905300,5314.5,5323.75,5313.25,5314.5,7152
1744905600,5314.5,5329.25,5311.25,5312.25,12587
1744905900,5312.25,5335.75,5309,5329.25,29010
1744906200,5329.25,5331,5309.75,5326.25,25056
1744906500,5326.25,5344,5319.75,5339,16979
1744906800,5338.75,5343.5,5331.75,5338,11199
1744907100,5338.25,5346.25,5335.5,5342,9470
1744907400,5342,5348.5,5336.25,5345.25,12220
1744907700,5345.25,5350,5335,5337.25,11527
1744908000,5337,5341.25,5325.25,5328.25,15024
1744908300,5328,5337.75,5324.5,5335.5,9981
1744908600,5335.75,5347,5335.5,5345.75,9988
1744908900,5345.5,5351.5,5342.75,5346.75,9974
1744909200,5346.75,5351,5339.25,5343.25,9789
1744909500,5343.25,5346.25,5338.75,5343.75,6101
1744909800,5344,5344.5,5333.5,5335,5397
1744910100,5334.75,5337.5,5327.25,5331.75,6934
1744910400,5331.5,5331.5,5323.5,5327.75,6928
1744910700,5327.75,5332.5,5323.25,5323.75,6989
1744911000,5324,5335.75,5323.75,5334.5,5750
1744911300,5334.25,5337,5331.25,5336.75,6457
1744911600,5336.5,5338.25,5324,5331.75,6216
1744911900,5331.5,5348,5330.25,5338,10937
1744912200,5338,5348.75,5337,5345.5,8783
1744912500,5345.25,5351,5342.5,5343,5874
1744912800,5343,5352.75,5340.25,5351.75,7801
1744913100,5351.75,5355.5,5349.25,5353.5,7314
1744913400,5353.5,5357,5346.75,5347,7280
1744913700,5347.5,5354.5,5345,5354,6691
1744914000,5353.75,5358.75,5351,5356.25,11377
1744914300,5356.25,5359.5,5347,5347.25,8305
1744914600,5347.5,5357,5347.5,5350,7394
1744914900,5350,5355.5,5348.5,5355.25,5067
1744915200,5355.5,5355.5,5348.5,5350.25,4756
1744915500,5350.5,5355.5,5340.75,5341.75,18355
1744915800,5341.75,5349,5333.75,5340.75,13096
1744916100,5340.75,5341.5,5332.25,5332.5,9851
1744916400,5332.75,5335.5,5328.25,5332.5,10953
1744916700,5332.5,5334,5328.5,5331.5,7027
1744917000,5331.25,5333.25,5316.75,5320.25,11809
1744917300,5320.25,5323.5,5315.5,5321.5,10400
1744917600,5321.5,5328.25,5313.5,5325.5,12947
1744917900,5325.25,5328.5,5319,5320.5,8831
1744918200,5320.5,5330.25,5318,5328,8975
1744918500,5328,5329.75,5322,5326.75,8057
1744918800,5326.5,5332.75,5319.5,5325.25,9773
1744919100,5325.5,5327.25,5312.25,5313.75,14597
1744919400,5313.25,5319,5304.25,5317.25,23442
1744919700,5317.25,5320,5307.25,5310.75,54628
1744920000,5310.75,5329.25,5308.5,5328.5,27409
1744920300,5328.75,5328.75,5314.75,5317.25,6410
1744920600,5317.5,5326.75,5314.5,5326,4068
1745242200,5257.25,5262.5,5246.25,5251.25,18737
1745242500,5251.25,5252.5,5235,5245.5,16634
1745242800,5245.75,5246.25,5238.5,5240.25,14046
1745243100,5240.5,5245.75,5233,5241.5,19328
1745243400,5241.5,5245.25,5231,5233,12533
1745243700,5232.75,5233.25,5220.25,5220.5,16305
1745244000,5220.25,5220.25,5208.25,5213.5,18946
1745244300,5213.25,5214,5207.5,5208.75,12925
1745244600,5208.5,5214.25,5208.5,5212.25,10338
1745244900,5212,5214.25,5196.5,5200.5,19504
1745245200,5200.5,5204.5,5197.25,5198,11096
1745245500,5197.75,5203.5,5197.25,5201.25,12285
1745245800,5201.25,5203.5,5195.5,5197.75,10755
1745246100,5197.5,5209.5,5197.25,5208.75,12053
1745246400,5208.5,5213.75,5197.75,5198.25,11949
1745246700,5198.5,5205,5192.5,5193,12791
1745247000,5193,5196.25,5190,5192,10615
1745247300,5192,5194.25,5188.25,5190.25,10698
1745247600,5190,5195,5185,5186.25,10470
1745247900,5186.5,5190.5,5184,5188,8873
1745248200,5188,5192.75,5181.25,5182,13630
1745248500,5182,5187.25,5180.5,5186.5,9960
1745248800,5186.25,5187.75,5176.75,5179.75,11560
1745249100,5179.75,5181,5172,5174.75,9249
1745249400,5175,5177.25,5164.75,5165.5,15993
1745249700,5165.5,5168.75,5164,5167.25,9254
1745250000,5167,5169,5161.25,5162.25,9549
1745250300,5162.25,5163.25,5153.25,5158.25,14130
1745250600,5158,5158.5,5152.5,5155.25,9837
1745250900,5155,5156.25,5151.75,5154.25,7873
1745251200,5154.25,5160.5,5153.75,5159,9986
1745251500,5159,5164,5157.75,5162.5,7701
1745251800,5162.25,5166.25,5159.5,5165.25,7809
1745252100,5165.25,5165.5,5158.25,5160,9789
1745252400,5160.25,5164.25,5158.25,5163.25,8969
1745252700,5163.25,5164.25,5157.25,5160.25,6229
1745253000,5160.5,5169.75,5159.5,5167.25,11197
1745253300,5167.25,5172.75,5166,5171.75,8065
1745253600,5172,5176.5,5171.75,5172.75,6617
1745253900,5172.5,5175,5165.75,5166.75,8556
1745254200,5166.75,5167.25,5159,5159.5,9055
1745254500,5159.75,5159.75,5155,5156.25,8086
1745254800,5156.25,5161.25,5143.5,5145,17878
1745255100,5145,5147,5141.75,5143.5,10929
1745255400,5143.5,5144.75,5139.25,5141,9586
1745255700,5141.25,5147.5,5138.5,5144.25,9825
1745256000,5144.25,5151,5143.25,5143.5,9866
1745256300,5143.75,5147.75,5140.5,5142.75,7628
1745256600,5143,5148.5,5142,5143.75,7259
1745256900,5144,5148,5141.75,5142.75,5862
1745257200,5142.75,5145.75,5136.5,5140.25,8977
1745257500,5140,5141.75,5134.25,5134.5,7729
1745257800,5134.75,5139.75,5133.5,5135.5,7293
1745258100,5135.25,5137.25,5130.25,5132.5,7918
1745258400,5132.5,5133.5,5127.25,5129.75,9210
1745258700,5129.75,5135.5,5127.75,5131.25,9136
1745259000,5131.25,5134.5,5127.5,5132.75,7583
1745259300,5132.75,5141,5131.5,5137.5,9730
1745259600,5137.5,5139.25,5134.75,5137,6718
1745259900,5137.25,5143,5135.75,5142.25,5661
1745260200,5142.25,5149.75,5142,5145.5,10727
1745260500,5145.75,5147.75,5141.5,5144.5,6361
1745260800,5144.5,5145.75,5136.25,5137.25,8461
1745261100,5137.5,5139.5,5132.75,5137.25,10215
1745261400,5137.25,5137.75,5130.5,5130.75,7883
1745261700,5130.75,5133.5,5130,5131.25,6073
1745262000,5131.25,5142.75,5130.5,5140.5,11172
1745262300,5140.75,5145.5,5139.25,5141,9591
1745262600,5141,5148,5141,5143.75,7773
1745262900,5143.75,5149.25,5142.25,5148.5,9191
1745263200,5148.5,5155.5,5147.75,5151.75,14777
1745263500,5151.75,5152.25,5143.75,5147.5,11168
1745263800,5147.25,5153,5147,5152.5,11385
1745264100,5152.5,5167.75,5150.5,5161.25,18647
1745264400,5161.25,5168.75,5161,5165.75,16194
1745264700,5165.5,5171.25,5160.5,5171.25,17957
1745265000,5171.25,5182.25,5163.75,5179.5,32719
1745265300,5179.5,5193,5179.5,5183.5,85499
1745265600,5183.5,5186,5175.5,5177,27381
1745265900,5177.25,5185,5174.5,5182,7994
1745266200,5182,5183.25,5178.5,5180.25,4880
1745328600,5245.5,5247.5,5236,5238.5,27835
1745328900,5238.5,5249.75,5236.25,5249.25,18986
1745329200,5249,5259,5248,5258.75,22504
1745329500,5258.75,5267.5,5258.75,5263.5,23419
1745329800,5263.25,5263.75,5252,5257.5,16853
1745330100,5257.5,5264.75,5253.5,5264,13577
1745330400,5264,5268.5,5262.25,5267.5,15408
1745330700,5267.75,5276,5262.5,5274.75,19778
1745331000,5274.75,5280,5270.75,5272.75,15995
1745331300,5272.5,5274,5265.5,5271.75,15158
1745331600,5272,5279.25,5271.25,5278,12872
1745331900,5278,5278.25,5270.25,5275.75,13710
1745332200,5275.75,5276,5267.5,5275.75,14298
1745332500,5275.75,5283,5272.5,5282.5,13543
1745332800,5282.5,5284.75,5279.75,5284.25,13261
1745333100,5284,5289.5,5282.25,5284.5,15933
1745333400,5284.75,5286.75,5278.25,5286.25,15146
1745333700,5286.25,5294.5,5284,5292,16065
1745334000,5292,5298,5291,5295.5,12936
1745334300,5295.75,5298.75,5295,5298.25,8733
1745334600,5298,5301.5,5297.75,5301.25,14557
1745334900,5301.25,5302.5,5299,5299.75,10808
1745335200,5300,5303.75,5296,5302.25,15405
1745335500,5302.25,5302.5,5294,5294.75,14830
1745335800,5294.75,5297.75,5291.25,5297.25,15857
1745336100,5297.5,5298.25,5290.5,5291.5,12508
1745336400,5291.75,5293.75,5283.25,5284.25,13012
1745336700,5284.25,5287.25,5283,5285.25,11143
1745337000,5285.25,5294.75,5284,5292.25,14010
1745337300,5292.25,5311.25,5289.5,5307.5,30487
1745337600,5307.5,5328,5307.5,5319.5,41461
1745337900,5319.5,5325.25,5314.5,5321.25,20672
1745338200,5321,5328,5318,5326.75,13662
1745338500,5326.75,5329.25,5321.75,5326.25,15355
1745338800,5326,5336.75,5325.75,5335.5,16541
1745339100,5335.5,5339.25,5331.5,5333.75,14580
1745339400,5334,5337.25,5329,5331,13591
1745339700,5331,5332.25,5326,5326.25,10399
1745340000,5326.5,5328.75,5319.25,5328.25,13244
1745340300,5328.5,5329.25,5320.25,5324.75,11703
1745340600,5324.75,5325.25,5315,5323,12597
1745340900,5323,5325.75,5321,5321,8440
1745341200,5321.25,5326.25,5319.75,5323.5,8898
1745341500,5323.5,5332.5,5319,5324.75,21927
1745341800,5324.75,5325,5298.5,5302.5,29380
1745342100,5302.5,5303.5,5281.25,5295.5,26743
1745342400,5295.5,5297.25,5276.75,5280,20746
1745342700,5280,5299.75,5268.5,5271,31504
1745343000,5271,5278.5,5265,5274.25,24569
1745343300,5274,5284.25,5273,5279,15427
1745343600,5279,5281.75,5271.25,5277.5,12439
1745343900,5277.25,5278.75,5264,5265.5,11566
1745344200,5265.25,5272,5262.25,5271.25,12448
1745344500,5271.25,5273.25,5263,5263,9903
1745344800,5263,5279.75,5262.25,5279.5,14028
1745345100,5279.75,5288.75,5278.25,5284,15422
1745345400,5284,5289.75,5281.75,5289.5,9377
1745345700,5289.75,5292,5284.75,5289.5,13236
1745346000,5289.5,5302.25,5289,5298.25,11828
1745346300,5298,5301.25,5296.5,5299,8191
1745346600,5299.25,5304.5,5298.75,5302.75,8505
1745346900,5303,5307.75,5300.75,5301.25,9766
1745347200,5301.25,5309.5,5300.5,5306,8842
1745347500,5306.25,5312.5,5306.25,5309.5,8408
1745347800,5309.5,5319.75,5309.5,5314.75,10110
1745348100,5314.75,5318,5313,5313,7609
1745348400,5313,5317,5309.5,5315,10202
1745348700,5315,5316.75,5307.25,5308.25,11973
1745349000,5308.5,5309.25,5301.25,5303.25,12779
1745349300,5303.5,5305.25,5292,5296.5,13357
1745349600,5296.5,5297.5,5287.75,5294.5,13184
1745349900,5294.75,5298.75,5289.75,5292.25,11373
1745350200,5292.25,5296.25,5288.5,5293.25,12995
1745350500,5293.25,5297.25,5287.75,5288.75,10406
1745350800,5288.75,5311.5,5287.5,5307.5,16961
1745351100,5307.25,5319.25,5306,5317.75,17457
1745351400,5317.5,5319.5,5302.75,5313.5,25655
1745351700,5313.25,5321,5309,5314.25,68772
1745352000,5314.5,5332.25,5314,5319.5,27645
1745352300,5319.5,5320.25,5314.5,5317.5,7560
1745352600,5317.25,5318,5311.5,5314.25,5898
1745415000,5450,5461.25,5445.5,5456.75,32597
1745415300,5457.25,5495.5,5440.75,5460.5,47301
1745415600,5460.5,5483,5454.25,5472.75,34998
1745415900,5472.5,5490,5469.5,5488.75,27200
1745416200,5488.5,5496.75,5469.75,5471.75,41932
1745416500,5471.75,5482.25,5464,5482,24895
1745416800,5482.25,5499.75,5462,5481,31155
1745417100,5481,5486.25,5472.25,5482.5,23791
1745417400,5482.5,5490.5,5473,5478,19901
1745417700,5478.5,5479,5453.5,5465.5,29774
1745418000,5465.5,5477.5,5454.75,5476,25181
1745418300,5476,5489,5473.75,5485.75,24955
1745418600,5485.5,5496,5483.5,5494,18409
1745418900,5493.75,5499,5487.25,5491.75,18671
1745419200,5491.75,5495.5,5481,5490,19050
1745419500,5490,5495,5483,5483.5,14457
1745419800,5483.5,5484,5474.25,5476.5,16161
1745420100,5476.5,5478.5,5469.25,5472.75,13551
1745420400,5472.5,5483,5454.5,5475.75,32725
1745420700,5475.75,5479.75,5470.25,5471.25,11368
1745421000,5471.25,5471.25,5465.25,5469.75,11116
1745421300,5469.75,5470,5455.75,5456.75,13253
1745421600,5456.75,5460.75,5432.5,5445.75,36984
1745421900,5445.75,5448.5,5422.75,5432.5,30591
1745422200,5432.25,5437.25,5415.75,5431.5,27449
1745422500,5431.5,5436.5,5422,5436.25,17407
1745422800,5436,5441.5,5424.25,5425.25,14816
1745423100,5425.25,5429.5,5407.25,5407.25,20910
1745423400,5407.5,5415.75,5401.5,5413.25,18714
1745423700,5413.25,5424.5,5413,5420.5,14587
1745424000,5420.5,5422,5410.25,5418,15354
1745424300,5418,5421,5404,5405.75,12750
1745424600,5405.75,5415,5401.75,5406.75,11968
1745424900,5407,5408.5,5391.75,5392.25,13592
1745425200,5392.5,5394.25,5387.5,5391.75,12505
1745425500,5392,5409.75,5385,5408.75,15346
1745425800,5408.75,5414.25,5406.5,5411,14518
1745426100,5410.75,5423,5410.5,5419.75,13631
1745426400,5419.75,5421.75,5413.75,5418,10363
1745426700,5418,5420.75,5403.75,5405,10582
1745427000,5404.75,5416.5,5403.25,5415.5,8654
1745427300,5415.5,5432.25,5413.5,5428,20702
1745427600,5427.75,5432,5407.5,5430.75,17176
1745427900,5430.75,5439.5,5428,5435.75,10799
1745428200,5436,5438.25,5431.5,5436.5,8975
1745428500,5436.25,5440.5,5433.5,5437.5,6953
1745428800,5437.25,5440.75,5433,5437,8565
1745429100,5437.25,5441.75,5427.5,5428.25,9693
1745429400,5428.5,5435,5419.5,5421.25,11900
1745429700,5421.25,5424.75,5409.5,5414.5,11248
1745430000,5414.5,5422.25,5409,5421,10623
1745430300,5421,5422,5413.25,5416.5,9068
1745430600,5416.5,5430.75,5413,5428.75,9011
1745430900,5429,5436.25,5427.5,5429.75,9379
1745431200,5429.75,5434,5416,5424.75,11379
1745431500,5424.75,5429,5420.25,5425.25,6950
1745431800,5425.25,5434,5419,5426,10360
1745432100,5426.25,5435,5423.75,5426.5,7888
1745432400,5426.5,5435,5418.25,5422,9823
1745432700,5421.75,5421.75,5408.75,5411.75,10023
1745433000,5411.75,5423.5,5411,5415.75,10431
1745433300,5415.5,5418.25,5412,5416.25,6118
1745433600,5416.5,5416.5,5405,5405.75,9330
1745433900,5405.5,5414.5,5403.5,5412.5,7872
1745434200,5412.5,5413.75,5404.5,5407,8484
1745434500,5406.75,5419.25,5404.5,5409.25,9804
1745434800,5409.25,5416,5395.75,5398.25,14960
1745435100,5398.25,5408.25,5398.25,5402,10953
1745435400,5402.5,5409,5398.75,5401.5,9191
1745435700,5401.75,5403.5,5394.75,5397,12366
1745436000,5397,5399,5388.25,5389,13230
1745436300,5388.75,5399.5,5386.25,5391.75,15190
1745436600,5392,5403.5,5390.5,5394.75,15723
1745436900,5394.75,5396,5383.75,5388.5,16591
1745437200,5388.5,5397.5,5386.25,5392.5,13466
1745437500,5392.5,5400.25,5385.5,5399,13552
1745437800,5399,5417.25,5399,5414,28486
1745438100,5414,5416,5396.5,5398.25,76411
1745438400,5398.5,5402.75,5396.5,5399.75,27629
1745438700,5399.75,5405.75,5397,5405.25,6982
1745439000,5405.25,5408.5,5400.25,5400.75,5948
1745501400,5411.75,5414,5402,5407.25,24965
1745501700,5407.25,5412.5,5398.5,5411.75,16822
1745502000,5412,5423.75,5411,5422.25,18141
1745502300,5422.25,5430.75,5421.75,5427.25,18420
1745502600,5427.5,5434,5425,5432,12338
1745502900,5432,5441.5,5428,5439.5,15799
1745503200,5439.75,5444.75,5434.75,5442,18998
1745503500,5442,5449,5441.5,5447.25,15641
1745503800,5447.25,5447.5,5438.75,5445,15802
1745504100,5445,5452.25,5440.25,5451.5,16471
1745504400,5451.25,5461.25,5451,5460,18828
1745504700,5460,5469,5456.5,5467.75,18256
1745505000,5467.5,5473,5465.25,5472.75,15228
1745505300,5472.75,5478.75,5470.25,5474,21789
1745505600,5474,5476.75,5462.25,5466,28171
1745505900,5466,5468,5456,5464.75,22118
1745506200,5465,5469,5459.25,5468.25,14528
1745506500,5468.5,5472.5,5467,5470.25,14635
1745506800,5470.25,5473.75,5465,5473.5,13058
1745507100,5473.5,5475.75,5471,5473.5,11097
1745507400,5474,5484.5,5473,5480.5,17414
1745507700,5480.75,5484,5475.75,5476.25,11110
1745508000,5476.5,5480.25,5471.75,5474.25,13622
1745508300,5474.5,5477,5466.25,5470.5,14668
1745508600,5470.5,5475.5,5463.75,5475.5,13522
1745508900,5475.25,5476.25,5471.25,5473.25,8912
1745509200,5473,5477.75,5469.25,5470,9261
1745509500,5469.75,5477.5,5467.75,5474.25,15684
1745509800,5474,5484.25,5470.5,5482.75,12396
1745510100,5482.75,5484.75,5470,5473.25,16516
1745510400,5473.25,5477.5,5469.5,5474.5,10816
1745510700,5474.75,5475.25,5468,5469.25,12879
1745511000,5469.25,5481,5469,5480.25,8640
1745511300,5480.25,5488.75,5478.5,5486.5,11903
1745511600,5486.5,5489.75,5483.75,5483.75,8676
1745511900,5484,5495,5482,5490.5,21545
1745512200,5490.25,5498.25,5488.5,5496,14267
1745512500,5496,5499,5494.25,5496.5,11384
1745512800,5496.25,5498.5,5492,5494.75,9532
1745513100,5494.75,5495.5,5488.25,5493.75,9734
1745513400,5494,5496.25,5491.75,5495.5,7371
1745513700,5495.5,5504.5,5495.25,5500,15822
1745514000,5500.25,5500.5,5493.5,5497.5,10543
1745514300,5497.5,5499.75,5492.75,5493.25,5230
1745514600,5493.5,5498.25,5492.75,5497,5753
1745514900,5497,5497.5,5485.75,5488,11148
1745515200,5488,5494.5,5486.25,5493.75,9294
1745515500,5493.75,5499,5493.75,5495.75,7913
1745515800,5495.75,5502,5492.75,5493.5,9636
1745516100,5493.5,5497.75,5491.25,5496,7249
1745516400,5495.75,5498,5489.5,5493,7874
1745516700,5493,5497,5489.5,5496.25,7236
1745517000,5496,5501.75,5493.75,5501.25,6946
1745517300,5501.25,5501.25,5497,5498.75,6370
1745517600,5499,5505.75,5498,5502.25,10685
1745517900,5502.5,5510.25,5500.75,5503,11758
1745518200,5502.75,5503.5,5499.25,5502,6845
1745518500,5502,5505,5496.25,5500.75,9896
1745518800,5500.5,5501,5496.25,5500,6715
1745519100,5500,5502.25,5499.5,5501,5114
1745519400,5501.25,5507.75,5500.25,5507,8291
1745519700,5506.75,5510.75,5506.5,5510,8463
1745520000,5510,5511.75,5507,5508.25,8343
1745520300,5508.5,5511.75,5507,5510.75,6597
1745520600,5510.75,5514.75,5510,5511.75,10924
1745520900,5512,5512.25,5506.75,5506.75,7377
1745521200,5506.5,5507,5496.75,5498,14212
1745521500,5498,5501,5495.75,5497.25,10530
1745521800,5497.5,5498.5,5488.75,5494,15001
1745522100,5494,5503.25,5493,5501.25,17636
1745522400,5501.25,5506.25,5498.5,5499.75,11629
1745522700,5499.5,5503.5,5494.5,5494.75,15127
1745523000,5494.5,5500.75,5494,5497.75,11618
1745523300,5497.75,5507.75,5493.25,5506.25,15566
1745523600,5506,5511.25,5505.5,5509.75,10519
1745523900,5509.75,5517.5,5508.5,5516.75,13657
1745524200,5516.5,5520,5507,5516.5,26181
1745524500,5516.25,5517.5,5509,5510.5,65708
1745524800,5510.5,5541.5,5510,5522.25,33479
1745525100,5522.5,5526.25,5517.5,5523,7155
1745525400,5523.25,5523.75,5519.25,5521.75,5301
1745587800,5510.5,5518.75,5499.25,5512.5,28609
1745588100,5512.5,5523.25,5512.5,5519,19175
1745588400,5519.25,5524.75,5506.5,5507.75,18556
1745588700,5507.75,5512.75,5497.75,5499,19573
1745589000,5499,5504.5,5490.75,5494.5,20761
1745589300,5494.25,5499.25,5491,5492.5,10579
1745589600,5492.25,5510.75,5490.25,5499,22195
1745589900,5499,5519.75,5498.5,5518,14194
1745590200,5518,5523.25,5514,5519.25,14950
1745590500,5519.25,5522,5510.25,5511.25,15925
1745590800,5511,5513,5482.25,5496.5,33079
1745591100,5496.5,5497.25,5482.25,5489,21107
1745591400,5489.25,5497.75,5480.25,5495,18714
1745591700,5495,5502.75,5492.5,5501.5,12486
1745592000,5501.25,5512,5499.25,5511,14235
1745592300,5510.75,5512.25,5506,5511.75,11156
1745592600,5511.5,5513.75,5505,5509,10608
1745592900,5509,5511,5498.25,5508.25,12532
1745593200,5508,5512,5501.75,5510.25,7973
1745593500,5510,5513.25,5507.5,5510.75,7894
1745593800,5511,5517,5509.5,5515.25,8771
1745594100,5515,5517.5,5505.25,5512,10521
1745594400,5512,5518.5,5511.5,5516.5,8508
1745594700,5516.75,5517,5506.75,5507.5,9093
1745595000,5507.75,5512.25,5505.5,5509.25,9052
1745595300,5509,5509.75,5500,5505,11778
1745595600,5505.25,5512.25,5501.25,5502.25,9407
1745595900,5502.75,5507.5,5500.25,5507,6524
1745596200,5506.75,5514.75,5506.75,5514.25,7784
1745596500,5514.25,5517,5511.5,5514,5820
1745596800,5514.25,5518.5,5513.25,5516.5,8135
1745597100,5516.5,5519.5,5512.75,5517.25,7742
1745597400,5517.25,5520.25,5515.75,5519.25,5145
1745597700,5519.25,5521.25,5517.25,5520.5,7779
1745598000,5520.5,5528.25,5519,5527.75,8499
1745598300,5527.5,5529,5525.75,5527,7062
1745598600,5527,5529.25,5525,5529.25,9159
1745598900,5529.25,5532.75,5528.5,5530.25,8238
1745599200,5530.25,5535,5529.75,5534.5,7782
1745599500,5534.5,5534.75,5523.25,5529,11642
1745599800,5529,5533.75,5525.25,5533.5,8502
1745600100,5533.75,5535.5,5531.75,5534.75,6747
1745600400,5534.75,5537,5531.5,5534.25,7591
1745600700,5534.5,5541,5534.5,5540,9382
1745601000,5539.75,5544,5539.5,5543.75,8005
1745601300,5543.75,5547,5540.25,5546.5,12517
1745601600,5546.75,5551.75,5545.75,5549.25,11434
1745601900,5549,5554.5,5548.25,5553.75,8729
1745602200,5553.75,5554,5545.75,5550,14861
1745602500,5550,5552.5,5530.75,5533.5,25839
1745602800,5533.75,5543,5528,5535.25,19638
1745603100,5535.25,5535.5,5521.5,5529.5,13893
1745603400,5529.5,5531,5517,5519,14760
1745603700,5519,5523.25,5511.25,5523.25,17268
1745604000,5523,5532,5519,5529.25,16048
1745604300,5529.25,5536.75,5527.25,5535.25,9599
1745604600,5535.25,5538.25,5531,5532.5,9851
1745604900,5532.75,5538.25,5531.25,5537.25,8664
1745605200,5537,5545.5,5535.25,5544.5,10699
1745605500,5544.5,5545.75,5538,5541.75,10466
1745605800,5541.75,5544.5,5539.75,5543.25,6484
1745606100,5543.25,5549.75,5542.5,5547.75,8124
1745606400,5547.75,5551.75,5547.75,5549.75,6266
1745606700,5549.75,5551,5547.5,5549.25,6587
1745607000,5549.25,5549.25,5537.25,5548.25,14262
1745607300,5548,5548.75,5540.5,5542.5,9168
1745607600,5542.25,5549.75,5540.75,5548.5,8247
1745607900,5548.75,5550.75,5546,5547.25,7450
1745608200,5547.25,5548.5,5540.5,5543.75,8431
1745608500,5543.5,5547.25,5539.25,5542.75,8486
1745608800,5543,5549.75,5542.25,5548.5,6598
1745609100,5548.5,5548.75,5539.5,5540.5,10601
1745609400,5540.5,5542,5534.25,5538.5,12901
1745609700,5538.5,5542.5,5534,5536.25,12562
1745610000,5535.75,5540.75,5531.5,5539.5,11024
1745610300,5539.25,5540.5,5534.25,5538.25,10177
1745610600,5538.25,5552.75,5537.5,5549.75,28222
1745610900,5549.5,5552.75,5544.75,5548.25,54645
1745611200,5548.25,5554,5547.5,5547.75,23421
1745611500,5548,5549.75,5545.5,5548.25,6707
1745611800,5548.5,5554.25,5548.25,5553.75,4736
1745847000,5557,5569.5,5554.75,5556,30027
1745847300,5556,5563,5553.25,5556,20449
1745847600,5556.25,5576.25,5555.5,5574,21070
1745847900,5574.25,5578.75,5562.25,5569.75,26306
1745848200,5569.75,5571,5559.5,5560,15996
1745848500,5560,5560.25,5544.25,5545.5,19866
1745848800,5545.5,5554.25,5539.25,5554.25,23689
1745849100,5554,5556,5547.75,5553.75,15224
1745849400,5553.5,5555.5,5548,5550.75,11115
1745849700,5550.75,5558,5550.25,5555.25,11466
1745850000,5555.25,5564.25,5552,5563.25,14038
1745850300,5563.25,5563.5,5550.25,5552.25,13545
1745850600,5552.5,5554.25,5539.75,5548.75,26544
1745850900,5548.75,5559.25,5548,5556,9889
1745851200,5556,5559.25,5545,5558,12511
1745851500,5558,5561.75,5556.75,5560.5,7465
1745851800,5560.75,5560.75,5549,5552.5,10404
1745852100,5552.5,5554,5546.5,5548,8982
1745852400,5548.25,5555,5547.75,5549.25,9929
1745852700,5549.5,5551,5536,5537.5,12563
1745853000,5537.5,5546.25,5533.5,5541.75,11701
1745853300,5542,5542,5533.25,5534,9461
1745853600,5534.25,5535.5,5521,5522.5,17997
1745853900,5522.75,5523.25,5513,5515.25,17810
1745854200,5515.25,5521.75,5514.5,5517.5,14340
1745854500,5517.5,5524.5,5513.75,5523.5,12570
1745854800,5523.75,5528.5,5518.75,5519.25,10363
1745855100,5519.25,5522,5516.75,5517.5,8375
1745855400,5517.75,5526.25,5516,5519.75,9478
1745855700,5519.75,5523.25,5513.75,5517.75,8339
1745856000,5517.75,5519.5,5508.25,5509.5,13098
1745856300,5509.75,5510.5,5503.75,5505.75,11809
1745856600,5505.75,5506.5,5501.75,5505.5,8673
1745856900,5505.5,5513.25,5505.25,5510,10608
1745857200,5510,5511.5,5503.75,5507.75,9542
1745857500,5508,5508.25,5499.75,5503,9912
1745857800,5503.25,5510.5,5502.75,5506,8826
1745858100,5506.25,5513.25,5504.5,5510,12203
1745858400,5510,5514,5507.75,5512,7107
1745858700,5512,5517.75,5510.25,5517.25,8458
1745859000,5517.25,5517.5,5507.75,5509,8355
1745859300,5509,5509.5,5501.75,5507.5,14372
1745859600,5507.5,5511.5,5505.25,5507,7675
1745859900,5507.25,5510.5,5501.75,5502,6526
1745860200,5502,5502.75,5496.5,5496.75,11616
1745860500,5496.75,5504.25,5494.25,5503,9152
1745860800,5503,5503.75,5498,5500,5372
1745861100,5500.25,5505.75,5495.25,5496,7551
1745861400,5496.25,5499,5492,5498.25,11011
1745861700,5498.5,5504,5495.25,5503.75,6429
1745862000,5503.75,5508.5,5500.5,5507,9051
1745862300,5507.25,5512.5,5505.75,5510.5,9444
1745862600,5510.5,5516,5509.75,5513.75,6871
1745862900,5514,5521.5,5513,5519.75,8072
1745863200,5520,5522.5,5517.75,5520.5,9182
1745863500,5520.5,5523.75,5520,5520.75,5968
1745863800,5521,5521.25,5516.5,5520,7942
1745864100,5520,5522.75,5516.75,5519,5347
1745864400,5519,5526.25,5517,5526.25,7971
1745864700,5526.25,5531.25,5524.75,5528.5,10245
1745865000,5528.75,5530.25,5523.25,5524,7884
1745865300,5524,5529.75,5522.75,5529,7229
1745865600,5528.75,5531.5,5527.5,5528.25,6192
1745865900,5528.5,5532.5,5526,5529,6959
1745866200,5529.25,5533.25,5529,5532,6573
1745866500,5532,5532.75,5529,5530,6089
1745866800,5530.25,5538.5,5529,5536.75,11575
1745867100,5537,5542.25,5535,5541.5,10164
1745867400,5541.75,5542.75,5536.75,5541,10232
1745867700,5541,5544.5,5540.25,5544,7904
1745868000,5544,5551.75,5543,5551,12509
1745868300,5551,5551,5547.25,5549,7336
1745868600,5549.25,5552,5546.5,5550.25,10815
1745868900,5550.25,5552.25,5543.25,5548.25,14112
1745869200,5548.25,5551.75,5545.75,5551,10078
1745869500,5551,5555.25,5550.5,5554.5,12251
1745869800,5554.5,5565.75,5554.25,5562.5,25068
1745870100,5562.75,5563.5,5551.25,5551.5,56092
1745870400,5551.75,5553.25,5545,5546.25,22440
1745870700,5546.25,5548.5,5545.5,5547,4590
1745871000,5547,5547.25,5544.5,5544.75,3338
1745933400,5531,5540.25,5527.75,5539,25913
1745933700,5539,5539.5,5531.25,5536.5,17643
1745934000,5536.75,5546.25,5534.5,5544.75,17905
1745934300,5545,5554,5544.5,5551.75,15903
1745934600,5551.75,5559.25,5548.25,5550,21362
1745934900,5550,5555.75,5546,5549,10702
1745935200,5549.25,5555.75,5537.5,5555.75,19121
1745935500,5555.75,5570.5,5554.25,5564.25,22191
1745935800,5564.5,5565,5555.75,5560.5,14695
1745936100,5560.75,5562,5552,5554.25,21526
1745936400,5554.5,5555.25,5541.25,5542.75,16841
1745936700,5542.75,5543.25,5536.25,5541,14488
1745937000,5541.25,5551.25,5540,5550.25,15000
1745937300,5550.5,5563,5548.75,5560.5,15856
1745937600,5560.5,5562.75,5554.5,5557.75,14110
1745937900,5558,5564.75,5556.25,5562,10247
1745938200,5562,5567,5557.5,5566,10399
1745938500,5566,5573,5566,5572.5,12426
1745938800,5572.5,5575.5,5563.75,5566.25,15038
1745939100,5566.5,5571.5,5563.75,5569.5,9383
1745939400,5569.5,5569.75,5561.5,5565,8612
1745939700,5565.25,5567.5,5556.25,5556.75,10249
1745940000,5557,5562,5552.75,5556.75,11222
1745940300,5557,5568,5555.5,5565,12285
1745940600,5565,5566.5,5553,5555.5,13893
1745940900,5555.25,5563,5551,5561,12340
1745941200,5561.25,5569.75,5559.75,5569.5,8149
1745941500,5569.5,5570.5,5563.5,5566.5,8649
1745941800,5566.75,5570,5562,5566,6788
1745942100,5566,5566.25,5557.75,5560,8808
1745942400,5560,5570.75,5559.25,5569.75,8468
1745942700,5569.75,5577.25,5569,5576,9420
1745943000,5576,5576.5,5573.5,5574,7772
1745943300,5574.25,5575.5,5567.75,5569,9066
1745943600,5568.75,5571.5,5566.75,5570,6514
1745943900,5570.25,5572.5,5567,5571.75,5915
1745944200,5571.75,5574.5,5567.25,5573.25,7355
1745944500,5573.25,5574.75,5564.75,5566.5,7535
1745944800,5566.5,5573,5566.25,5571.25,6156
1745945100,5571.25,5571.25,5551.75,5556,13784
1745945400,5556,5560,5553.75,5558,10530
1745945700,5558.25,5558.75,5547.25,5553,13601
1745946000,5553,5557.5,5549.75,5557,7197
1745946300,5557,5558.5,5553.25,5554.75,5147
1745946600,5555,5558.5,5550.75,5558.25,5963
1745946900,5558.25,5569.75,5557,5568.75,11405
1745947200,5568.75,5571.75,5566.75,5569.75,11908
1745947500,5570,5572.25,5564.5,5569,9546
1745947800,5568.75,5571.25,5567.75,5570.5,5545
1745948100,5570.5,5576.5,5569,5576.5,6779
1745948400,5576.25,5581.75,5575.75,5581.25,10526
1745948700,5581.25,5594.25,5578,5591.75,21014
1745949000,5591.75,5593.25,5586.25,5589.5,15638
1745949300,5589.75,5594,5589,5590.25,10400
1745949600,5590.5,5596,5589.25,5596,9559
1745949900,5596,5597.25,5588,5591,18689
1745950200,5591.25,5591.5,5587,5589.75,11791
1745950500,5590,5595,5589.25,5589.25,8731
1745950800,5589.75,5591.5,5583.5,5587.5,10997
1745951100,5587.75,5594,5585.75,5591.5,8878
1745951400,5591.75,5593.75,5586.5,5591,7667
1745951700,5591.25,5595.25,5590,5594.25,6371
1745952000,5594.5,5595.25,5590,5593.25,5853
1745952300,5593.25,5593.5,5587.75,5589.25,7347
1745952600,5589.25,5590.75,5583.75,5589.25,10572
1745952900,5589.25,5591,5584.25,5586.25,6941
1745953200,5586.25,5591,5585,5586,9730
1745953500,5586.25,5596,5584.75,5589.75,14022
1745953800,5590,5592.75,5588,5591,10945
1745954100,5591,5592,5585.75,5588.25,9056
1745954400,5588.25,5591.5,5586,5591.25,7156
1745954700,5591.25,5593.25,5585.25,5588.75,10948
1745955000,5588.75,5590.5,5587.25,5588.75,7285
1745955300,5588.5,5590,5583.5,5586.25,9774
1745955600,5586.25,5587.75,5580.5,5583.75,11023
1745955900,5583.75,5592.5,5581.75,5591.5,12042
1745956200,5591.5,5596.5,5589.5,5589.5,20523
1745956500,5589.5,5591,5580.75,5583.5,58537
1745956800,5583.5,5590.5,5582.75,5587.25,17799
1745957100,5587.5,5587.5,5584,5585.75,4923
1745957400,5586,5586.25,5580.5,5586,4377
1746019800,5516.25,5516.75,5495.25,5505,43308
1746020100,5505,5508.25,5482.5,5483,25156
1746020400,5483.25,5486.5,5466.25,5476.25,29055
1746020700,5476.25,5484.5,5471,5482.75,26693
1746021000,5482.75,5483.5,5467,5470.25,20245
1746021300,5470.5,5473.75,5455.5,5459.5,23347
1746021600,5459.5,5478.25,5457,5470.75,29499
1746021900,5470.75,5482,5466.25,5479.5,21976
1746022200,5479.5,5491,5475.25,5490,22064
1746022500,5490.25,5494.25,5484.75,5493,18699
1746022800,5493,5500.5,5489.25,5499.75,17563
1746023100,5499.5,5505.5,5496,5503.75,18608
1746023400,5503.75,5512,5500.75,5506,21144
1746023700,5506,5506.25,5496,5502.25,19440
1746024000,5502.25,5511.5,5493.5,5509.25,20674
1746024300,5509,5510.25,5501.25,5506.5,17186
1746024600,5506.5,5515.75,5497.25,5507.25,24309
1746024900,5507.5,5515.25,5502,5510.5,16952
1746025200,5510.5,5523,5509.25,5518.75,24796
1746025500,5518.75,5528.75,5516.5,5526,16254
1746025800,5526,5531,5523.75,5526.75,16518
1746026100,5527,5531.75,5525,5529,14533
1746026400,5528.75,5538.5,5527.5,5529.5,18970
1746026700,5529.25,5534.5,5523.25,5531,20433
1746027000,5531,5535.75,5528.75,5535,15887
1746027300,5534.75,5536.5,5528,5532.5,17836
1746027600,5532.75,5539.5,5528.75,5538.5,20245
1746027900,5538.5,5538.5,5533.25,5535.5,11705
1746028200,5535.75,5537.25,5527.25,5533,13033
1746028500,5533,5539,5527.25,5536,13301
1746028800,5535.75,5539.5,5532.5,5536.75,9047
1746029100,5537,5544.25,5536.75,5538.25,13857
1746029400,5538.25,5538.5,5531.5,5532.25,10291
1746029700,5532.25,5535.5,5528,5530.75,9827
1746030000,5530.75,5532.25,5521.25,5522.75,11413
1746030300,5522.5,5525.75,5519,5522.25,8981
1746030600,5522,5522.5,5516.5,5517.5,10159
1746030900,5517.25,5533,5515,5532.75,13715
1746031200,5532.75,5536.5,5530.5,5531.75,10596
1746031500,5531.75,5534.5,5528.25,5530.75,8774
1746031800,5531,5537.5,5529.75,5537,6595
1746032100,5536.75,5539.25,5532.5,5536.75,7207
1746032400,5537,5540,5533.5,5535,6483
1746032700,5534.75,5535,5524.5,5526,8723
1746033000,5525.75,5525.75,5512.25,5519.75,14133
1746033300,5519.75,5530.5,5519.75,5528,12119
1746033600,5528,5530.5,5527.5,5528.75,5359
1746033900,5528.75,5542.75,5528.75,5541.75,9832
1746034200,5541.5,5549,5538.75,5549,16307
1746034500,5549,5552.5,5546.25,5546.5,13792
1746034800,5546.5,5551,5544.75,5550.25,9900
1746035100,5550.5,5550.75,5544.25,5546.5,9650
1746035400,5546.75,5551.5,5546.5,5550.75,8295
1746035700,5551,5552.25,5545,5546.25,7270
1746036000,5546.25,5547.75,5540.5,5545.25,12238
1746036300,5545,5572.5,5540.75,5552,37533
1746036600,5552,5565.75,5549.5,5554.25,21680
1746036900,5554.25,5562,5552.5,5559,11487
1746037200,5559,5561,5551.75,5555,9610
1746037500,5554.75,5558.5,5538.75,5546.25,15581
1746037800,5546,5552.5,5544.25,5545.75,14889
1746038100,5545.75,5545.75,5534.75,5535.75,12915
1746038400,5535.5,5539.25,5532.25,5535.5,10534
1746038700,5535.25,5550.5,5534.5,5547.5,11422
1746039000,5547.5,5550.5,5542,5542.75,10057
1746039300,5542.5,5546.25,5536,5537.25,10076
1746039600,5537.25,5545.75,5537,5544,10436
1746039900,5543.75,5546.75,5541.75,5543.25,7439
1746040200,5543.25,5550.25,5541.25,5550,9429
1746040500,5550,5551.25,5544.75,5545.25,7404
1746040800,5545,5551.75,5543.75,5545.5,8791
1746041100,5545.5,5545.75,5537.25,5539.25,11957
1746041400,5539.25,5542.5,5535.5,5538.75,13682
1746041700,5538.5,5545.5,5534.75,5541,12687
1746042000,5541,5554.5,5538.75,5554,14441
1746042300,5554.25,5571.75,5553.25,5569.5,28566
1746042600,5569.5,5599,5567.75,5592,59258
1746042900,5592,5606.75,5580.25,5584,158485
1746043200,5584,5609,5571.25,5597.5,60921
1746043500,5597.75,5616.5,5597,5602.5,21771
1746043800,5602.25,5610,5602.25,5605.75,8881
1746106200,5645,5651,5632.5,5633.75,33272
1746106500,5633.75,5647.5,5631.5,5637.25,21640
1746106800,5637.25,5643.5,5633.5,5641,16647
1746107100,5641,5650.5,5640,5648.25,17106
1746107400,5648.25,5654.75,5645.25,5647.75,20902
1746107700,5647.75,5648.25,5627.25,5628.75,16291
1746108000,5630.75,5649.25,5629,5643,26847
1746108300,5643,5652.25,5637.75,5640.25,19063
1746108600,5640,5646.75,5635,5644.75,16533
1746108900,5644.75,5652.75,5644.5,5647.75,15635
1746109200,5647.75,5660.5,5647.75,5658.75,16190
1746109500,5658.75,5663.5,5656.25,5661.5,13841
1746109800,5661.5,5662.25,5652.5,5657.75,17428
1746110100,5657.75,5667.75,5656,5667,16858
1746110400,5667,5669.75,5662.75,5663.25,15171
1746110700,5663,5670,5662.25,5668.75,13514
1746111000,5668.75,5669.5,5665.25,5669.5,11278
1746111300,5669.25,5675.5,5669,5675,13563
1746111600,5675,5675.5,5668,5672.5,16403
1746111900,5672.5,5675.25,5670.75,5674,10531
1746112200,5674,5677,5673.25,5676.25,10606
1746112500,5676.25,5682.5,5674.5,5679.75,25509
1746112800,5679.75,5680.25,5675,5675.5,10964
1746113100,5675.75,5678.75,5672.75,5674,14077
1746113400,5674,5675.75,5664.75,5668.25,16128
1746113700,5668.25,5673,5666.75,5668.5,10040
1746114000,5668.5,5669.5,5661.75,5662,9409
1746114300,5662,5663.75,5658.5,5659.25,9027
1746114600,5659.25,5660,5654.25,5654.75,10786
1746114900,5654.75,5655,5637.75,5645,22119
1746115200,5644.75,5649.5,5640.25,5644.25,14003
1746115500,5644.5,5653.75,5644,5653.25,12509
1746115800,5653.25,5653.25,5644,5644.25,10179
1746116100,5644.25,5644.75,5631.5,5639.25,18534
1746116400,5639.25,5642,5634.75,5635.25,10998
1746116700,5635,5647.25,5634.25,5644,10679
1746117000,5644,5648,5642,5647.25,8932
1746117300,5647.25,5650.75,5645,5648.25,9750
1746117600,5648.25,5648.25,5638.5,5644.5,10091
1746117900,5644.25,5644.25,5634.5,5636.5,8806
1746118200,5636.5,5642.25,5632.5,5636.75,10352
1746118500,5636.5,5643.25,5635.5,5637.5,8159
1746118800,5637.5,5651.25,5637,5651.25,10771
1746119100,5651.25,5656,5647.5,5655,10733
1746119400,5655,5656.25,5653,5654.75,5982
1746119700,5654.75,5660.5,5654.75,5658.5,8135
1746120000,5658.75,5660.75,5656.25,5657,5572
1746120300,5657.25,5659,5650.25,5654.5,8629
1746120600,5654.5,5658,5652,5657.75,5739
1746120900,5657.75,5658.5,5652,5653.25,5617
1746121200,5653.25,5653.25,5641,5642.5,10572
1746121500,5642.5,5648.25,5639.75,5647.75,7975
1746121800,5647.5,5650.75,5642.5,5647.75,7101
1746122100,5647.5,5649.75,5643.75,5646.75,5008
1746122400,5646.75,5652.5,5645.5,5652,8059
1746122700,5651.75,5660.75,5650.25,5659,7550
1746123000,5659,5661.75,5657.5,5660.25,6111
1746123300,5660.25,5664.75,5659.75,5663,8028
1746123600,5663,5663.25,5655.25,5656,11935
1746123900,5656,5660.5,5651.25,5660.5,11912
1746124200,5660.25,5663.75,5658.75,5662,8260
1746124500,5662,5662.5,5658.75,5662,4623
1746124800,5662,5664.5,5659.25,5663.25,5233
1746125100,5663,5668.25,5660.75,5664,13693
1746125400,5664,5665,5658,5659.25,6864
1746125700,5659,5662.5,5657.5,5658.5,6043
1746126000,5658.5,5661.5,5654,5661,9084
1746126300,5661,5661.5,5654.25,5655,8834
1746126600,5654.75,5658,5649.5,5657.5,10286
1746126900,5657.25,5659.5,5654.25,5657.75,9857
1746127200,5657.75,5661,5656.5,5658.25,9204
1746127500,5658,5662.5,5656.75,5661.75,6890
1746127800,5661.75,5663.5,5659.25,5660,8365
1746128100,5660.25,5661,5654.75,5655,9217
1746128400,5655,5656.5,5652.25,5655.25,10211
1746128700,5655.5,5664,5654.5,5663,16388
1746129000,5663,5665.75,5642.5,5644.25,30743
1746129300,5644.25,5646.5,5618.75,5625,83925
1746129600,5625,5639.25,5606,5606.25,39867
1746129900,5606,5611,5602.25,5606.25,10517
1746130200,5606.25,5610.75,5601.75,5609.25,7179
1746192600,5686.5,5694.75,5682,5688,32149
1746192900,5688,5690.5,5677.75,5688.75,20902
1746193200,5689,5691.5,5682.5,5686.75,14965
1746193500,5687,5689.25,5673.5,5675.5,19478
1746193800,5675.5,5679.5,5663,5674.25,22987
1746194100,5674.5,5679.75,5669.5,5675.5,12037
1746194400,5676,5688,5672,5680.25,20349
1746194700,5680.25,5689.75,5680.25,5688,12674
1746195000,5688.25,5692.5,5684.25,5692.25,14486
1746195300,5692.25,5698.25,5690.75,5693,16551
1746195600,5693,5694.75,5686,5694,15694
1746195900,5694.25,5703.75,5692.75,5703.25,17180
1746196200,5703.25,5703.5,5692.75,5698.75,17423
1746196500,5698.75,5699.5,5691.25,5698.5,14366
1746196800,5698.5,5700,5689.5,5691.75,15386
1746197100,5691.5,5697.75,5688.75,5693.5,10890
1746197400,5693.5,5696.5,5687.5,5694,9530
1746197700,5694,5699,5691.75,5698.5,9943
1746198000,5698.5,5702.25,5693.25,5696.25,13046
1746198300,5696.5,5699.25,5694,5694,6780
1746198600,5694,5697.25,5693.25,5696.5,8593
1746198900,5696.75,5701.5,5695,5697.25,9190
1746199200,5697,5698,5690.25,5692.75,12105
1746199500,5692.5,5692.5,5685.25,5687,15037
1746199800,5687,5695,5684.75,5694.75,13127
1746200100,5694.75,5699,5692,5698.75,10116
1746200400,5699,5699.75,5696.75,5699,7254
1746200700,5699,5702.5,5698.25,5701.5,7827
1746201000,5701.5,5703,5696.25,5698.75,13023
1746201300,5698.75,5704.75,5698.75,5703,8010
1746201600,5702.75,5719.25,5702,5716.75,45285
1746201900,5716.75,5720,5710.25,5713,17480
1746202200,5712.75,5720.25,5709.75,5719.75,12320
1746202500,5719.75,5720,5715,5719,9108
1746202800,5719,5719.5,5714,5714.5,7941
1746203100,5714.5,5718,5711.75,5712.75,7664
1746203400,5713,5717.25,5712.25,5715.5,8879
1746203700,5715.25,5721.5,5713,5719.75,10306
1746204000,5719.75,5721.25,5715,5719.5,7499
1746204300,5719.75,5719.75,5717,5717.75,5657
1746204600,5717.75,5718.75,5713.25,5717.5,8283
1746204900,5717.75,5718.5,5715,5715.75,5792
1746205200,5715.75,5718.75,5712.75,5715.25,8491
1746205500,5715.25,5716.75,5709.25,5709.5,8875
1746205800,5709.75,5711.25,5706.25,5709.5,8486
1746206100,5709.5,5710.75,5704.5,5707.5,7654
1746206400,5707.5,5713.5,5705.75,5706,10063
1746206700,5706,5710.75,5704,5708.5,8288
1746207000,5708.5,5710,5706,5706.5,4765
1746207300,5706.5,5711.5,5705.5,5711,6634
1746207600,5710.75,5713.25,5707.25,5712.25,8473
1746207900,5712,5716.75,5711,5711.5,9459
1746208200,5711.25,5715,5708.25,5714,7028
1746208500,5714,5714.25,5711.75,5713,3106
1746208800,5713,5717.25,5712,5717,6178
1746209100,5716.75,5719,5716.5,5717.75,5176
1746209400,5717.5,5720.5,5716.5,5719.25,6348
1746209700,5719.25,5720,5717.5,5717.75,5872
1746210000,5717.75,5719,5715.25,5718.25,6709
1746210300,5718.5,5719.25,5717,5717.5,4567
1746210600,5717.25,5720.5,5717.25,5720,6023
1746210900,5720.25,5724.75,5719.25,5721.75,9549
1746211200,5722,5723.25,5719.25,5720.75,7873
1746211500,5721,5721.75,5707.25,5708.25,12253
1746211800,5708.25,5714.5,5705,5713.75,14263
1746212100,5713.5,5715.75,5709.75,5711.75,9047
1746212400,5711.5,5712,5705.25,5705.5,11681
1746212700,5705.75,5710.5,5702,5709.75,10458
1746213000,5710,5710.5,5703.75,5706.75,8123
1746213300,5706.75,5716,5706.5,5714.25,12143
1746213600,5714.25,5719.5,5713.5,5717,12700
1746213900,5717,5719.5,5716.25,5716.25,8040
1746214200,5716.25,5717.5,5711.25,5714.75,10567
1746214500,5714.75,5717.75,5710.75,5716.5,11969
1746214800,5716.5,5718.25,5713.25,5714,11170
1746215100,5714.25,5714.5,5700.25,5701.75,19236
1746215400,5701.75,5716.25,5701,5710.5,30507
1746215700,5710.75,5713.25,5703.75,5706,104910
1746216000,5706,5711.75,5705,5711.75,28246
1746216300,5712,5714.5,5711.5,5713,5591
1746216600,5713.25,5713.5,5708.25,5711.5,5746
1746451800,5664.25,5669,5659.25,5668,22428
1746452100,5668.25,5671,5663.5,5664.25,11843
1746452400,5664.25,5668,5657,5664.25,14257
1746452700,5664.25,5668,5660.5,5665.25,10066
1746453000,5665.25,5666.5,5655.25,5662.5,14461
1746453300,5662.5,5672.5,5661,5669.25,12005
1746453600,5669.25,5681.75,5669.25,5669.5,22181
1746453900,5669.5,5676.5,5662.75,5673.75,20166
1746454200,5673.75,5678,5669.5,5670.75,19552
1746454500,5670.5,5680.5,5669.25,5677.75,14866
1746454800,5677.5,5679.5,5671,5671.75,11754
1746455100,5671.75,5678,5671.25,5675.75,13643
1746455400,5675.75,5676.5,5668.5,5668.75,9705
1746455700,5668.75,5684,5667.75,5680.75,14943
1746456000,5680.75,5686.25,5679.25,5683.5,13479
1746456300,5683.5,5686.75,5682.25,5684.5,9214
1746456600,5684.25,5688.5,5682,5688,10637
1746456900,5688,5691,5687,5689,10139
1746457200,5688.75,5691.5,5687.5,5690,9527
1746457500,5690.25,5690.25,5684.25,5685.75,14006
1746457800,5686,5688.5,5683.75,5685.5,8377
1746458100,5685.75,5688.5,5683.25,5688.25,6262
1746458400,5688,5692.25,5686.75,5690,9106
1746458700,5690,5690,5684,5687,8024
1746459000,5686.75,5689.5,5682,5682.25,9093
1746459300,5682,5683.5,5677.25,5678.5,10281
1746459600,5678.5,5685.25,5678.25,5684,11370
1746459900,5684,5688,5682,5682.75,7919
1746460200,5682.5,5690.5,5682.25,5689.5,6502
1746460500,5689.5,5689.5,5686.25,5689,5635
1746460800,5689,5694.75,5687,5693.25,10074
1746461100,5693,5696.75,5691.25,5692.25,8412
1746461400,5692.25,5695.75,5691,5692,6224
1746461700,5692,5695.75,5691.75,5695,6002
1746462000,5695,5697,5693.25,5694.75,6557
1746462300,5694.5,5698.25,5692.75,5696.25,6454
1746462600,5696,5696.5,5690.75,5692.75,6413
1746462900,5692.5,5695.75,5692.5,5695.5,3775
1746463200,5695.5,5698.25,5695,5696.25,4756
1746463500,5696.25,5697.75,5695,5697.25,4395
1746463800,5697.25,5698.75,5694.5,5697.25,5114
1746464100,5697.5,5697.75,5694.25,5695.5,4169
1746464400,5695.25,5695.5,5691,5692.75,5539
1746464700,5692.75,5694.25,5691.5,5694,4229
1746465000,5693.75,5695.75,5691,5691,5392
1746465300,5691,5692.75,5687.25,5690.75,9290
1746465600,5690.5,5691,5687.75,5689.25,4448
1746465900,5689.25,5692.25,5688,5690.75,5443
1746466200,5690.75,5696.75,5689.75,5695,9391
1746466500,5695,5697,5694,5695.75,3953
1746466800,5695.5,5695.75,5693,5694,3402
1746467100,5694,5698.75,5693.75,5697.75,5903
1746467400,5697.75,5700,5696.5,5697.5,6265
1746467700,5697.5,5698.25,5695.5,5695.75,4271
1746468000,5695.75,5698.75,5694.5,5698.25,5303
1746468300,5698,5701.5,5697.75,5700.25,7648
1746468600,5700.25,5702.75,5699,5702,5436
1746468900,5701.75,5702.5,5699.5,5700,4902
1746469200,5700,5702.25,5699.5,5701.25,3563
1746469500,5701.5,5703,5700,5700.5,4676
1746469800,5700.5,5704.25,5699.75,5703.75,6480
1746470100,5703.75,5704.75,5702,5703.5,4277
1746470400,5703.75,5706.25,5703.25,5704.75,7206
1746470700,5705,5705.25,5702,5703.5,4228
1746471000,5703.5,5704.5,5700,5700.75,5796
1746471300,5700.75,5700.75,5696.25,5697,9944
1746471600,5697.25,5697.25,5690,5695.5,14731
1746471900,5695.5,5698,5692,5693,8102
1746472200,5692.75,5693.75,5690,5691.75,8754
1746472500,5691.75,5695.5,5691,5691.5,9008
1746472800,5691.5,5691.75,5684.5,5685.75,13119
1746473100,5685.75,5689,5684.25,5686.25,10374
1746473400,5686.25,5688.5,5685,5687.25,7768
1746473700,5687,5692.5,5686.25,5688.75,9422
1746474000,5688.5,5691,5682,5685,10131
1746474300,5684.75,5685,5676.75,5680.5,15786
1746474600,5680.25,5684.5,5670.25,5672.75,27628
1746474900,5672.75,5675,5669.25,5674.5,57853
1746475200,5674.5,5675.25,5667.5,5667.75,21592
1746475500,5667.75,5671.75,5666,5667.75,7835
1746475800,5667.75,5668.75,5667.25,5668.5,3657
1746538200,5616.5,5629.5,5612.5,5629.5,31242
1746538500,5629.5,5634,5625.25,5633,18548
1746538800,5633.25,5633.25,5628.75,5629.5,14062
1746539100,5629.75,5632.5,5616.25,5616.75,22788
1746539400,5616.75,5617,5607,5608.5,20166
1746539700,5608.5,5616.5,5607.25,5611.25,16543
1746540000,5611.5,5620.25,5608.5,5618.25,18245
1746540300,5618.25,5624.5,5616,5624,16783
1746540600,5624,5630.75,5622.5,5625.25,14951
1746540900,5625.5,5637,5625.5,5636.75,18372
1746541200,5637,5647,5637,5641.75,23709
1746541500,5641.75,5645,5639.75,5644.25,17104
1746541800,5644,5651,5641.75,5647.5,15324
1746542100,5647.5,5648.25,5641.5,5645.75,11171
1746542400,5646,5646.75,5641.5,5644.75,8530
1746542700,5645,5652.75,5644.75,5647.5,12301
1746543000,5647.5,5647.5,5641.25,5643.25,13382
1746543300,5643.5,5648.75,5641.5,5645.25,8934
1746543600,5645.5,5651.5,5645,5649,9720
1746543900,5649.25,5651.5,5642.5,5643.75,9309
1746544200,5643.75,5649.25,5642.75,5647.25,6440
1746544500,5647.5,5650,5644.5,5649.25,7790
1746544800,5649.25,5656.5,5648.75,5654.75,13142
1746545100,5654.5,5655.5,5651,5654.5,9545
1746545400,5654.25,5657.5,5649,5656.75,12173
1746545700,5656.5,5657.25,5653.5,5655.5,8113
1746546000,5655.25,5656.25,5644,5645.5,13214
1746546300,5645.5,5648.75,5643.5,5647.5,9534
1746546600,5647.25,5648.25,5639.5,5641.25,10334
1746546900,5641.25,5645,5640.25,5641.5,6111
1746547200,5641.25,5646.5,5640.75,5645.5,5818
1746547500,5645.25,5645.75,5639,5640.25,7334
1746547800,5640,5671.75,5639.75,5667.75,34813
1746548100,5667.5,5668.25,5656.75,5659.75,20756
1746548400,5659.75,5662.25,5640,5642.75,25652
1746548700,5642.75,5647.5,5641.25,5643.5,11158
1746549000,5643.5,5650,5642.25,5648.25,8758
1746549300,5648,5652.5,5645.5,5647.75,8558
1746549600,5647.5,5649.5,5637,5639.25,10569
1746549900,5639.5,5640.5,5635,5637.5,10228
1746550200,5637.5,5637.5,5631,5634.25,11267
1746550500,5634,5637.25,5628.75,5629.75,9450
1746550800,5630,5640,5629.5,5633.75,11675
1746551100,5633.75,5643,5633.5,5640.5,7912
1746551400,5640.25,5641.5,5636,5639.75,6358
1746551700,5639.75,5643.75,5639.25,5641.5,5027
1746552000,5641.25,5641.75,5630.75,5632.5,9710
1746552300,5632.5,5637.25,5630,5634.25,6806
1746552600,5634.5,5638.5,5633.5,5637,6160
1746552900,5637,5639,5628.25,5628.5,5758
1746553200,5628.5,5629.5,5622,5624,12093
1746553500,5623.75,5624.75,5620.75,5622.5,9736
1746553800,5622.25,5626.75,5621,5624.25,8705
1746554100,5624,5625,5620.25,5622,5828
1746554400,5622,5634.75,5621.75,5630.75,19972
1746554700,5630.75,5631.25,5625,5629.75,6630
1746555000,5629.5,5629.75,5623.5,5627.75,6742
1746555300,5627.75,5635.25,5627.5,5634.75,8234
1746555600,5634.5,5638.75,5633.5,5638,7760
1746555900,5638.25,5643,5638,5642.25,10407
1746556200,5642.25,5644,5641.25,5642,9003
1746556500,5642.25,5643,5638,5641.75,9317
1746556800,5641.75,5646.25,5639.25,5640,11130
1746557100,5640.25,5643.75,5639.25,5642,8887
1746557400,5642,5644.25,5636.75,5643.5,10303
1746557700,5643.5,5648.5,5642.5,5648.5,9887
1746558000,5648.25,5649,5643.75,5645,9444
1746558300,5645,5645.5,5637.75,5639.5,11042
1746558600,5639.75,5644.5,5636,5643.75,6889
1746558900,5643.75,5645.75,5639.5,5640,9158
1746559200,5639.75,5642.25,5638.5,5642,7231
1746559500,5642,5646.75,5640.75,5645.75,7664
1746559800,5645.5,5650.5,5644,5648.75,12538
1746560100,5648.5,5650,5643,5644.5,7804
1746560400,5644.5,5649.25,5643.75,5649,8275
1746560700,5648.75,5651.5,5646.5,5648.25,10228
1746561000,5648.25,5649.25,5635.5,5637.5,26095
1746561300,5637.5,5637.75,5624,5625.5,100235
1746561600,5625.75,5627,5622.25,5626.75,28774
1746561900,5626.75,5627.75,5624.25,5625.25,4988
1746562200,5625.5,5626.5,5624,5624.5,3837
1746624600,5638.5,5645,5631.75,5638,26369
1746624900,5637.75,5639.75,5631.25,5636.75,16469
1746625200,5637,5648.5,5637,5646.5,14501
1746625500,5646.5,5649.5,5633,5636.25,19283
1746625800,5636.5,5645.25,5635.5,5642.5,14438
1746626100,5642.5,5652.5,5642,5651,13679
1746626400,5651,5652,5646.25,5650.25,11577
1746626700,5650.25,5654.5,5646,5653,12614
1746627000,5653,5655.5,5648.75,5651.75,9434
1746627300,5651.5,5653.75,5647,5651.75,7636
1746627600,5651.75,5654.25,5646.75,5653.25,9788
1746627900,5653.5,5656.5,5649.5,5655,7237
1746628200,5654.75,5656.25,5650.5,5652.5,7801
1746628500,5652.25,5654.75,5651,5653.75,6302
1746628800,5653.75,5654.5,5650.75,5653.5,6977
1746629100,5653.5,5655,5645,5646.25,8855
1746629400,5646,5647.25,5628,5630.25,19054
1746629700,5630,5633.75,5626.25,5631,19669
1746630000,5630.75,5632,5622.75,5627.75,17131
1746630300,5627.75,5632,5623,5629.75,15065
1746630600,5629.75,5632.25,5620,5622,14376
1746630900,5622,5628.5,5621.75,5626,11009
1746631200,5626,5632,5622.75,5629.25,11445
1746631500,5629.25,5630,5624.25,5628.25,9043
1746631800,5628.25,5630.5,5625,5626,9062
1746632100,5626,5632,5623.75,5630.25,10237
1746632400,5630,5638,5629.75,5636.5,9774
1746632700,5636.25,5638,5624,5625.25,12087
1746633000,5625,5635,5622.25,5633,11364
1746633300,5632.75,5637.25,5631.25,5636,8374
1746633600,5636,5637.5,5633.25,5635.75,7469
1746633900,5636,5639,5630.75,5635.75,7613
1746634200,5636,5638.5,5634.75,5636.75,4527
1746634500,5636.75,5640.25,5633.5,5640.25,6263
1746634800,5640.25,5641,5629.5,5630.75,7131
1746635100,5630.75,5634.5,5627.75,5628.5,7554
1746635400,5628.5,5633,5627.25,5632,6552
1746635700,5632.25,5635.75,5630.5,5635.75,4944
1746636000,5635.75,5642,5635,5641.75,8344
1746636300,5641.75,5643.75,5639,5641.75,8125
1746636600,5642,5647.5,5639.75,5646.25,6740
1746636900,5646.5,5651,5645.75,5649.25,9194
1746637200,5649.25,5652.75,5647.25,5650.5,10682
1746637500,5650.75,5651.75,5649.25,5650.5,6309
1746637800,5650.75,5655.75,5650,5654.25,6888
1746638100,5654.5,5654.75,5650.25,5650.25,6431
1746638400,5650.25,5653.5,5645,5652.75,7841
1746638700,5652.75,5653.75,5648.75,5649.5,4085
1746639000,5649.5,5650.75,5645.25,5645.75,5677
1746639300,5645.75,5646,5638.25,5641,7996
1746639600,5641,5643.25,5638.25,5638.75,7696
1746639900,5638.5,5643.75,5637.75,5643.25,5407
1746640200,5643.25,5644.5,5624.5,5630.5,25006
1746640500,5630.5,5633.5,5624.5,5627.75,9591
1746640800,5627.75,5641.75,5622.5,5631.75,13156
1746641100,5631.75,5632.25,5596,5602.5,28294
1746641400,5602.25,5612,5599,5603,17542
1746641700,5602.75,5609.5,5597.25,5608.25,14643
1746642000,5608.25,5617.75,5607,5610.5,13000
1746642300,5610.5,5620,5610.25,5616,8857
1746642600,5615.75,5632.25,5611.25,5629.75,18112
1746642900,5629.75,5639,5623.25,5636,22323
1746643200,5635.75,5640,5630,5632.25,17295
1746643500,5632.5,5636,5609.25,5617.25,21385
1746643800,5617.25,5623,5609.75,5620.5,14407
1746644100,5620.25,5649,5620.25,5645,26130
1746644400,5645.25,5645.5,5634.5,5641,15563
1746644700,5640.75,5646.5,5634.25,5643.75,12700
1746645000,5643.5,5644.25,5629.5,5637.75,12164
1746645300,5638,5642,5628.75,5641.75,14733
1746645600,5642,5642.25,5630.25,5631.5,10143
1746645900,5631.75,5631.75,5613.5,5615,20876
1746646200,5615.25,5622,5611.5,5612.75,16703
1746646500,5612.75,5629,5611.25,5624.75,15814
1746646800,5624.75,5675,5622.5,5656,60831
1746647100,5656,5666,5640.5,5642.5,35821
1746647400,5642.75,5649.25,5626.75,5641.5,33993
1746647700,5641.25,5656.75,5638.25,5648.75,66163
1746648000,5649,5661,5647.75,5651.75,24294
1746648300,5651.75,5653.75,5644.25,5645.75,8185
1746648600,5645.5,5652,5645.5,5651.25,4669
1746711000,5688.75,5693.25,5682.25,5683.75,22712
1746711300,5683.5,5687.75,5677.5,5678.5,14816
1746711600,5678.25,5686.5,5678.25,5684.25,12810
1746711900,5684.25,5684.5,5671.5,5674.75,13772
1746712200,5674.75,5678.25,5672,5675.5,12657
1746712500,5675.5,5682.75,5674.25,5677.75,13364
1746712800,5677.75,5684.25,5675.25,5680,11933
1746713100,5680,5680.25,5667.75,5670.75,15576
1746713400,5670.75,5671.5,5659,5664.75,18088
1746713700,5664.75,5672.25,5662.75,5671.75,13106
1746714000,5671.75,5682.25,5669.75,5674.75,17084
1746714300,5674.75,5682.5,5673.5,5680.75,12260
1746714600,5680.75,5688,5678.5,5683.25,15602
1746714900,5683.5,5685.5,5672,5673.25,14569
1746715200,5673.25,5677.5,5668.75,5675.75,11160
1746715500,5675.75,5677,5667.5,5669.75,9941
1746715800,5669.75,5679.25,5657,5663.75,19001
1746716100,5663.25,5666.75,5653,5662,19981
1746716400,5662,5667.5,5656.5,5658.5,14474
1746716700,5658.5,5674.25,5657.5,5673,11828
1746717000,5673.25,5681.5,5672.5,5680,10481
1746717300,5679.75,5683.75,5678,5682.25,9272
1746717600,5682.5,5697.75,5682.5,5696.5,27193
1746717900,5696.5,5708,5695.75,5699.25,32192
1746718200,5699.5,5704,5691.25,5703,26293
1746718500,5703.25,5709.75,5701.25,5709.5,18494
1746718800,5709.75,5731.75,5709.75,5728,41316
1746719100,5728.25,5733.5,5726.25,5731,22642
1746719400,5731,5732.25,5720,5725.75,26261
1746719700,5726,5726.5,5718.5,5721.25,14119
1746720000,5721.25,5726.75,5720.75,5726,9986
1746720300,5726,5730,5724.75,5730,9786
1746720600,5730,5730.75,5723,5729.75,12656
1746720900,5729.75,5735.5,5729.75,5732,14089
1746721200,5732,5734.5,5727.5,5729.75,10883
1746721500,5729.75,5730.5,5724.5,5725.5,9485
1746721800,5725.5,5729.5,5724.5,5727.5,7648
1746722100,5727.25,5732,5726.25,5731.25,7405
1746722400,5731.5,5735.75,5729,5734.75,10273
1746722700,5734.75,5738.25,5732,5737.25,10439
1746723000,5737.25,5741,5735.75,5739.25,12634
1746723300,5739.25,5740.25,5737.5,5739,8344
1746723600,5738.75,5739.75,5732.5,5733.75,10602
1746723900,5734,5736,5730.75,5731,7537
1746724200,5731,5732.25,5728,5730.5,7333
1746724500,5730.5,5731.75,5728.5,5729.75,5044
1746724800,5729.75,5733.5,5726.25,5733.25,7189
1746725100,5733.25,5733.25,5727.5,5729.5,5108
1746725400,5729.5,5731.5,5722.5,5723.75,9533
1746725700,5724,5726.75,5720.25,5725.25,9194
1746726000,5725.25,5725.75,5721.75,5724.75,4979
1746726300,5724.75,5725.5,5719,5723,7886
1746726600,5723,5726.25,5720.25,5724.5,8208
1746726900,5724.25,5724.75,5713,5714.25,11396
1746727200,5714,5717.25,5711.25,5713.75,11650
1746727500,5713.75,5720,5713.25,5719,7127
1746727800,5718.75,5721.5,5716,5719.75,6301
1746728100,5720,5724.25,5719,5722.25,7687
1746728400,5722.25,5724,5716.75,5718,8368
1746728700,5718.25,5721.5,5716.25,5717.5,6257
1746729000,5717.75,5726.5,5717.5,5725.75,9329
1746729300,5725.75,5727.75,5724.25,5725.25,6926
1746729600,5725.25,5728.75,5724.75,5727.75,6706
1746729900,5727.75,5728,5725,5725,5537
1746730200,5724.75,5726.25,5720.25,5723.5,8878
1746730500,5723.5,5724.75,5720.25,5720.75,7116
1746730800,5720.75,5721.5,5714.75,5720.25,13429
1746731100,5720.25,5721,5714.5,5715.5,9758
1746731400,5715.75,5717.75,5713.5,5716.5,7979
1746731700,5716.25,5720.25,5714.25,5720,9453
1746732000,5719.75,5732,5719,5726.5,28356
1746732300,5726.75,5731.25,5723,5727.5,12947
1746732600,5727.75,5728.75,5722.25,5724.25,10390
1746732900,5724.5,5724.5,5716,5716.25,14791
1746733200,5716.5,5717,5711.75,5713,14963
1746733500,5713.25,5713.25,5704,5707.25,19118
1746733800,5707,5709.5,5691,5691.25,33280
1746734100,5691.5,5693,5682.5,5686.5,69580
1746734400,5686.75,5693.25,5684.75,5691.75,28006
1746734700,5691.75,5693,5690.75,5692.75,5152
1746735000,5692.75,5693,5685.25,5685.25,4528
1746797400,5699.75,5708,5699.75,5707.75,16894
1746797700,5707.75,5710,5704.75,5705,10867
1746798000,5705,5705.75,5695.5,5697,13116
1746798300,5697,5702.25,5695.5,5699.25,11174
1746798600,5699.5,5701.25,5693,5699.75,11933
1746798900,5699.75,5706.25,5699,5705,11514
1746799200,5704.75,5707.75,5702.75,5705.75,11508
1746799500,5705.75,5708.75,5700.25,5707,11224
1746799800,5707,5708,5699.25,5702.25,9960
1746800100,5702,5702.25,5691.75,5692.25,11774
1746800400,5692.5,5693.5,5686,5686.75,15949
1746800700,5686.75,5689.25,5672.75,5679.25,24074
1746801000,5679.25,5682.5,5674.75,5675.75,20541
1746801300,5675.75,5676.75,5662.5,5668,22785
1746801600,5668,5676.5,5664.5,5676.25,19874
1746801900,5676.25,5678.5,5670.75,5678,13008
1746802200,5677.75,5681.5,5670.75,5675.5,14868
1746802500,5675.25,5682.75,5673.75,5680.5,10469
1746802800,5680.5,5686.25,5677,5685.5,12963
1746803100,5685.5,5687.5,5684.5,5686.75,6565
1746803400,5686.5,5686.75,5676.75,5682,12525
1746803700,5682.25,5686.25,5678,5682.75,7795
1746804000,5683,5683.25,5675.5,5677.25,9727
1746804300,5677.5,5681.75,5674.75,5680.25,11669
1746804600,5680.5,5683,5673.5,5682.75,10747
1746804900,5682.75,5685.75,5679,5680.75,8751
1746805200,5680.75,5683.25,5677,5681.5,7107
1746805500,5681.75,5686,5679.5,5684,8477
1746805800,5684.25,5690.25,5682.25,5686.5,13646
1746806100,5686.5,5691,5685.75,5690.75,7404
1746806400,5690.75,5691.5,5676,5676,11571
1746806700,5675.75,5681.5,5674.5,5675,9001
1746807000,5675.25,5678.25,5669,5677.75,12169
1746807300,5678,5680.5,5673.25,5677.25,9651
1746807600,5677,5680.25,5676.25,5678,5694
1746807900,5678,5678,5672.75,5673.25,5341
1746808200,5673.5,5676.75,5670.25,5673,8456
1746808500,5672.75,5680,5672.75,5673.5,8484
1746808800,5673.5,5677,5672,5672,4948
1746809100,5672,5672.75,5665.5,5668.5,7429
1746809400,5668.25,5673.5,5666.5,5673.25,5978
1746809700,5673.25,5674.75,5667.5,5668.5,5897
1746810000,5668.75,5671.25,5667.5,5669,4968
1746810300,5669,5672.25,5664.75,5672.25,5684
1746810600,5672.25,5676,5668.25,5668.75,8340
1746810900,5668.75,5676.75,5668.5,5674.75,5865
1746811200,5674.75,5679.25,5663,5675,18190
1746811500,5675,5678.5,5673.5,5674.25,4478
1746811800,5674.25,5676.25,5669.75,5673,5357
1746812100,5673,5678.75,5672.75,5677.75,4996
1746812400,5678,5684,5676,5682.5,6448
1746812700,5682.5,5685.5,5682,5684.75,5059
1746813000,5685,5685.25,5679.5,5683.25,7676
1746813300,5683.5,5688.5,5682.5,5687,5624
1746813600,5687,5687.75,5682.5,5683,6084
1746813900,5683.25,5686,5681,5681.25,5689
1746814200,5681.5,5683.5,5680.5,5682.5,4239
1746814500,5682.5,5685.25,5675.5,5679.5,7580
1746814800,5679.5,5682,5677.5,5680.75,5320
1746815100,5680.5,5681.5,5676.5,5678,4104
1746815400,5678,5682.75,5677.25,5682.25,4908
1746815700,5682.25,5682.5,5677.5,5680.5,4287
1746816000,5680.75,5682.25,5679.25,5680.5,4178
1746816300,5680.5,5684.75,5679.75,5683.25,4286
1746816600,5683.25,5686,5680.5,5683.25,5560
1746816900,5683.25,5684.5,5682.5,5683.5,3107
1746817200,5683.25,5688.25,5683,5687.25,7480
1746817500,5687.25,5693.75,5685.75,5692,9268
1746817800,5692,5694,5685.75,5689.75,10176
1746818100,5689.75,5690.5,5686.25,5690,6057
1746818400,5689.75,5690.75,5683.5,5687,8313
1746818700,5687,5688,5684,5684.75,5851
1746819000,5684.75,5686.75,5677,5685.25,15537
1746819300,5685,5687,5681,5682.25,6799
1746819600,5682.5,5684,5680.75,5683,7096
1746819900,5682.75,5683.25,5676.25,5679.25,13678
1746820200,5679.5,5685.75,5679.25,5684.5,14539
1746820500,5684.5,5684.75,5676,5677.75,57118
1746820800,5678,5680.75,5674.25,5680.5,22049
1746821100,5680.5,5681.75,5678,5679.75,4130
1746821400,5679.75,5680,5677,5679,3331
1747056600,5850.25,5852.75,5827.5,5827.5,46908
1747056900,5827.75,5831.75,5824.25,5828,26081
1747057200,5828,5830.75,5820,5824,24798
1747057500,5823.75,5829,5819,5827,26542
1747057800,5827.25,5839.25,5825,5833,25396
1747058100,5833,5834,5821.75,5823.25,22959
1747058400,5823.5,5830.75,5820.75,5828.5,25230
1747058700,5828.75,5832.25,5824.5,5826,16569
1747059000,5826,5837.75,5825,5837.25,17333
1747059300,5837.25,5840.75,5833.75,5834.5,20159
1747059600,5834.5,5836.25,5828,5831.25,21108
1747059900,5831.5,5831.75,5814.5,5818.25,25735
1747060200,5818.5,5818.5,5805.75,5813.75,29441
1747060500,5813.5,5819.25,5810,5818.5,20889
1747060800,5818.5,5829.25,5817.25,5829,19128
1747061100,5829.25,5833,5827.25,5831.75,18483
1747061400,5831.75,5837.75,5829.75,5836.25,16616
1747061700,5836.5,5837.75,5825.5,5826.25,16112
1747062000,5826.5,5833.5,5825,5832.25,17067
1747062300,5832.5,5833.25,5825.25,5826.5,12691
1747062600,5826.75,5832.25,5824.75,5829.5,11866
1747062900,5829.5,5830.75,5825.5,5828.25,9880
1747063200,5828.5,5828.75,5817.5,5822.25,13409
1747063500,5822.5,5827.5,5819.25,5824.5,13110
1747063800,5824.5,5829.25,5823.75,5826.5,11312
1747064100,5826.75,5829.25,5820.25,5823.25,9425
1747064400,5823.5,5824.25,5818,5821,10636
1747064700,5820.75,5824.25,5819.5,5821.75,9792
1747065000,5822,5822.75,5816.25,5819.5,9622
1747065300,5819.75,5823.5,5816.5,5817.5,9756
1747065600,5817.75,5822.25,5815.75,5821.5,9415
1747065900,5821.5,5827,5821.25,5826.75,9027
1747066200,5827,5827.75,5823.75,5827.25,7486
1747066500,5827.25,5829.75,5824.25,5826.75,12097
1747066800,5826.75,5834,5824.75,5833.75,7617
1747067100,5834,5834.5,5828.5,5828.75,9546
1747067400,5829,5833.5,5828.25,5832.5,6030
1747067700,5832.5,5835.5,5832.25,5833.5,9059
1747068000,5833.5,5839.25,5833,5838.75,9360
1747068300,5838.5,5844.75,5837.5,5843.25,12263
1747068600,5843.5,5849.5,5842,5846.75,13811
1747068900,5846.75,5848.25,5844,5847,9623
1747069200,5847,5851,5846,5850.25,12484
1747069500,5850.5,5861,5848.75,5858.75,22259
1747069800,5858.75,5859.5,5853,5855.25,14462
1747070100,5855.5,5855.5,5852.25,5853.25,9919
1747070400,5853.25,5853.25,5846.5,5849.25,12375
1747070700,5849.25,5852.5,5847.5,5849.25,8279
1747071000,5849.25,5854.5,5849.25,5851,10427
1747071300,5850.75,5852.5,5848,5852.25,10057
1747071600,5852.25,5853,5849.75,5851.75,8488
1747071900,5851.75,5855.25,5851.25,5852.5,9101
1747072200,5852.5,5856.25,5852.5,5855.75,8483
1747072500,5856,5856.5,5851,5851.25,7153
1747072800,5851.25,5857.25,5850.75,5857,9777
1747073100,5857,5857.25,5853.5,5854.5,7139
1747073400,5854.5,5855,5849.25,5852.5,10526
1747073700,5852.75,5857.5,5852,5857.25,10828
1747074000,5857.25,5858.25,5854.5,5856.25,8021
1747074300,5856.25,5858,5853.25,5856,9792
1747074600,5856,5859,5856,5857.75,8503
1747074900,5857.75,5860.75,5856.25,5859.5,7673
1747075200,5859.5,5862.25,5857.25,5857.75,10805
1747075500,5858,5860,5855.25,5856.25,9135
1747075800,5856.25,5857,5851.25,5852.25,11472
1747076100,5852.25,5855.25,5851,5851.5,9056
1747076400,5851.75,5856.75,5847.5,5856.5,14319
1747076700,5856.5,5858.25,5854.25,5857.25,10082
1747077000,5857.25,5857.25,5852.25,5853.25,10954
1747077300,5853.25,5857.5,5850.5,5855.75,9803
1747077600,5856,5856.25,5852.25,5853,7461
1747077900,5853,5853.5,5849,5851,11199
1747078200,5851,5854.25,5849.5,5852.25,13761
1747078500,5852.25,5852.75,5847.75,5848.75,14592
1747078800,5848.75,5850,5845,5847,17426
1747079100,5847.25,5850,5844,5849,15369
1747079400,5849,5858.25,5847.25,5856.25,30567
1747079700,5856.25,5866.25,5851.25,5864.25,106616
1747080000,5864.25,5876.25,5864,5868.5,51156
1747080300,5868.75,5871,5866,5866.25,8684
1747080600,5866.25,5866.75,5863.75,5864.25,6263
1747143000,5869.75,5871.5,5863.5,5869.75,34411
1747143300,5869.75,5878,5868.5,5877.25,24282
1747143600,5877.25,5882,5873.75,5879.25,19820
1747143900,5879.25,5880.5,5875.5,5876.75,14507
1747144200,5876.75,5884.75,5876.5,5883,17569
1747144500,5883,5890.25,5882,5888.5,20007
1747144800,5888.5,5893.25,5887.75,5892.75,18963
1747145100,5892.75,5899,5890.75,5897.25,17758
1747145400,5897.5,5909,5894,5908.25,26151
1747145700,5908.25,5915,5904.75,5907.75,26063
1747146000,5907.75,5909,5903.5,5908,20086
1747146300,5908,5912.25,5903.25,5903.75,18605
1747146600,5903.75,5908.5,5901,5905.5,16709
1747146900,5905.5,5907.5,5903.5,5905.25,10521
1747147200,5905,5906.5,5897,5897.25,17473
1747147500,5897.5,5904.5,5896.75,5900.25,17106
1747147800,5900.25,5909,5900.25,5905.75,16128
1747148100,5906,5909.5,5904.75,5906.75,14140
1747148400,5906.75,5908.25,5904,5906.5,10586
1747148700,5906.75,5907.25,5903,5906.5,13445
1747149000,5906.5,5909.5,5905.25,5905.5,10616
1747149300,5905.5,5911,5905.25,5910.75,10708
1747149600,5910.5,5911.5,5907.5,5910,10152
1747149900,5910,5917,5910,5912.75,16212
1747150200,5912.75,5916.5,5912,5915.5,11868
1747150500,5915.25,5917.75,5912.5,5916.5,14808
1747150800,5916.5,5917.5,5914.25,5916.25,8936
1747151100,5916.25,5920.25,5912.5,5913.5,14696
1747151400,5913.75,5913.75,5909.5,5911,11092
1747151700,5911,5914.75,5910.5,5912.25,9639
1747152000,5912.5,5913,5905.75,5906.75,12822
1747152300,5907,5909.25,5905.5,5907.75,9143
1747152600,5907.75,5912.25,5905.25,5911.5,10030
1747152900,5911.75,5912.25,5906,5906.25,8404
1747153200,5906.25,5909.25,5905.25,5908.5,7533
1747153500,5908.75,5914,5908.75,5912.75,12518
1747153800,5912.5,5913.5,5908.75,5911.25,9356
1747154100,5911.25,5916.25,5911.25,5916,9380
1747154400,5916,5916.25,5914.25,5916,6058
1747154700,5916,5919.5,5916,5917.75,7281
1747155000,5917.75,5917.75,5915,5917,6104
1747155300,5917.25,5918.25,5915,5915.75,6758
1747155600,5915.75,5917.5,5913.5,5915.5,7238
1747155900,5915.75,5916.25,5912.75,5914.5,6004
1747156200,5914.75,5915.75,5912.25,5913.5,7409
1747156500,5913.75,5919.25,5912.75,5918,8016
1747156800,5918,5919.75,5916,5919,7095
1747157100,5919.25,5920,5917.5,5919.25,5887
1747157400,5919.25,5927,5919,5924.75,17231
1747157700,5925,5926.25,5921,5922,12207
1747158000,5922.25,5924,5919.75,5920.25,11542
1747158300,5920.25,5923.5,5919.75,5922.75,6332
1747158600,5922.75,5924.5,5917,5917.25,9592
1747158900,5917.5,5919.25,5914.5,5915,9847
1747159200,5915.25,5916.75,5910.5,5916.25,13518
1747159500,5916.25,5918.5,5914.5,5915,9921
1747159800,5915,5918.25,5914.75,5917.5,6802
1747160100,5917.75,5919,5914.25,5917.5,8292
1747160400,5917.5,5919.25,5916,5917.5,6246
1747160700,5917.25,5918,5914.25,5914.75,6466
1747161000,5915,5916.75,5913.5,5914.5,7436
1747161300,5914.25,5916.75,5913.5,5915,6377
1747161600,5915,5915.5,5910.5,5912.5,7768
1747161900,5912.25,5913.75,5910.5,5913.5,6740
1747162200,5913.25,5916.5,5911.75,5915.75,9148
1747162500,5915.75,5923.25,5914.5,5922,14721
1747162800,5921.75,5922,5918.25,5920.25,10089
1747163100,5920.25,5922,5918,5918.75,10021
1747163400,5918.75,5923.5,5918.25,5923,8366
1747163700,5922.75,5925.25,5922,5922,8696
1747164000,5922,5923.25,5918.5,5919.25,8732
1747164300,5919.5,5922.25,5918.75,5920,6590
1747164600,5920,5924.25,5919.75,5923,10344
1747164900,5923,5926.75,5920.75,5924.5,12310
1747165200,5924.75,5925.25,5921.25,5922.5,11368
1747165500,5922.5,5923,5916.5,5917.25,13913
1747165800,5917.25,5921.5,5908.25,5908.5,31887
1747166100,5908.5,5911.5,5902.25,5903.5,78724
1747166400,5903.75,5905.5,5899.5,5903.5,25451
1747166700,5903.5,5904.25,5900,5900,5177
1747167000,5900.25,5903,5899.75,5903,4033
1747229400,5913.25,5923,5913,5922.75,29090
1747229700,5923,5925,5917.75,5918,19803
1747230000,5918,5919.5,5911.5,5912.5,15571
1747230300,5912.75,5913.25,5899.5,5904.5,26219
1747230600,5904.75,5909.75,5900,5905,19854
1747230900,5904.75,5910.75,5899.5,5910.25,17139
1747231200,5910.5,5911.5,5904.75,5908.75,17211
1747231500,5908.5,5913.25,5902,5906.25,19054
1747231800,5906.25,5909.75,5898.75,5907,15628
1747232100,5907,5908.25,5902,5905.25,12321
1747232400,5905.25,5910.75,5902.25,5908,11599
1747232700,5907.75,5910.5,5907,5910,7782
1747233000,5909.75,5914.5,5906,5909.25,15267
1747233300,5909,5911,5906.25,5908,10297
1747233600,5908,5910.5,5904.75,5905.25,10109
1747233900,5905.25,5909.25,5903.5,5909,8312
1747234200,5909,5913.75,5908,5911.75,12620
1747234500,5912,5913,5909.25,5910.5,8434
1747234800,5910.5,5911.25,5894.25,5896,18249
1747235100,5896.25,5901.75,5892.5,5901,23220
1747235400,5901,5907,5899.5,5906,12335
1747235700,5906.25,5906.25,5902.75,5904.75,8637
1747236000,5904.75,5912,5904,5910.5,11808
1747236300,5910.75,5916.25,5909.5,5913.75,10853
1747236600,5913.75,5917.25,5912.5,5916,10680
1747236900,5916,5919,5914.75,5917.5,9117
1747237200,5917.5,5917.75,5915,5916.75,8090
1747237500,5917,5917.5,5913.25,5913.75,11805
1747237800,5914,5917,5911.75,5914.25,8818
1747238100,5914.25,5917.5,5912,5915.25,6578
1747238400,5915.25,5918.5,5913.75,5917.25,6861
1747238700,5917.25,5920.75,5916,5918.25,10320
1747239000,5918.5,5919.5,5914.75,5915.75,5650
1747239300,5916,5917,5913.5,5913.75,5908
1747239600,5914,5916,5912,5914.25,6321
1747239900,5914.25,5916.25,5913.5,5914.5,4685
1747240200,5914.25,5921,5914.25,5919.25,9355
1747240500,5919.25,5920.25,5911.25,5912.25,8776
1747240800,5912.25,5912.5,5906,5908.75,12301
1747241100,5908.75,5913,5907.75,5909,7627
1747241400,5908.75,5912.5,5908.25,5911,5088
1747241700,5911,5911.75,5909,5909.5,3650
1747242000,5909.75,5910,5906,5907.75,6412
1747242300,5907.5,5909.75,5905.25,5908.75,5859
1747242600,5908.5,5908.75,5902,5905.5,8901
1747242900,5905.5,5906,5897.25,5902,11741
1747243200,5902,5902,5890,5893.25,15733
1747243500,5893.25,5899.75,5891,5898,14192
1747243800,5898,5901.5,5897,5898.25,8424
1747244100,5898,5904,5897.75,5903,6415
1747244400,5903,5906.5,5901.75,5902.5,8366
1747244700,5902.5,5903.75,5900.5,5903,6543
1747245000,5903,5909.75,5903,5907,9711
1747245300,5907.25,5909,5905.5,5908.5,4727
1747245600,5908.25,5909.25,5905.75,5908.25,4812
1747245900,5908.25,5912.25,5907.5,5908.75,8652
1747246200,5908.75,5909,5904,5906.5,8832
1747246500,5906.5,5911,5905.25,5910.25,10458
1747246800,5910.25,5910.5,5906,5906.5,6545
1747247100,5906.75,5909.25,5900.5,5903.75,9121
1747247400,5903.75,5917.5,5903.5,5915.25,15563
1747247700,5915.25,5916.5,5907.25,5910.5,12467
1747248000,5910.75,5914.5,5910,5913.25,6226
1747248300,5913.5,5914,5909.25,5911.25,5552
1747248600,5911.25,5914,5909.5,5912.75,5407
1747248900,5912.5,5912.5,5909,5911.5,5720
1747249200,5911.5,5911.75,5906.25,5906.25,10126
1747249500,5906.25,5910.5,5905.25,5907.75,8608
1747249800,5908,5912.25,5907.75,5910.75,5609
1747250100,5910.5,5913.25,5909,5910,7516
1747250400,5909.75,5910.75,5900,5902,19094
1747250700,5901.75,5906.5,5899.5,5904.75,12251
1747251000,5905,5908.25,5903.25,5905,8611
1747251300,5904.75,5906.75,5901.25,5902.75,7935
1747251600,5902.75,5906,5900,5902.5,10409
1747251900,5902.25,5905.25,5898.75,5904.25,11828
1747252200,5904.5,5916.5,5904.5,5911.75,29177
1747252500,5912,5914,5906.5,5909.5,83231
1747252800,5909.75,5910.25,5905.5,5906,24718
1747253100,5905.75,5910.75,5905.75,5910.25,6017
1747253400,5910.5,5911.25,5908.5,5910.25,3082
1747315800,5889,5898.5,5888.5,5897,27143
1747316100,5897.25,5898.25,5890.5,5891.5,17956
1747316400,5891.75,5897.25,5888.5,5896.25,15909
1747316700,5896.25,5896.75,5884.5,5887.75,18666
1747317000,5887.5,5895.25,5885.25,5893,14982
1747317300,5893,5896.5,5890.75,5895,10170
1747317600,5895.25,5905.5,5895,5902.25,20318
1747317900,5902,5902.25,5896.25,5896.25,11833
1747318200,5896.25,5897,5889.25,5896.5,16166
1747318500,5896.5,5899.5,5890.75,5898.75,15835
1747318800,5899,5901,5896.25,5899.25,10563
1747319100,5899.25,5900.75,5891.75,5892.5,11136
1747319400,5892.5,5894,5888.5,5890,14141
1747319700,5890,5893,5887,5891.25,14865
1747320000,5891.25,5896.5,5891,5893.75,11120
1747320300,5893.75,5897.5,5892.5,5892.5,9835
1747320600,5892.5,5897.5,5890.25,5897.25,10907
1747320900,5897,5900.75,5897,5900.75,11977
1747321200,5900.5,5907.5,5899.25,5906.75,14235
1747321500,5906.5,5909,5905.25,5905.5,14265
1747321800,5905.75,5911,5905.75,5910.75,12111
1747322100,5910.5,5918,5910.25,5915.75,16907
1747322400,5916,5923.75,5915.5,5917.5,16839
1747322700,5917.75,5920,5914.25,5918.25,14465
1747323000,5918.25,5918.5,5915,5917.75,10262
1747323300,5917.75,5920.5,5916,5920.5,9483
1747323600,5920.5,5929,5920.5,5927.5,17495
1747323900,5927.75,5928.5,5924.25,5924.75,12375
1747324200,5924.75,5925.25,5920.75,5922.25,10734
1747324500,5922.5,5925.5,5921.5,5925.25,8726
1747324800,5925.5,5928,5923,5927,12883
1747325100,5927,5936.5,5926.75,5933.5,17286
1747325400,5933.5,5933.5,5927.25,5928.5,14377
1747325700,5928.75,5930.5,5925.5,5927.5,9051
1747326000,5927.5,5927.75,5924,5926.25,7760
1747326300,5926.5,5927,5922.25,5926.5,8899
1747326600,5926.25,5927.25,5923,5924.5,7714
1747326900,5924.75,5931,5923.25,5929.5,7953
1747327200,5929.75,5931,5927.75,5930.25,6778
1747327500,5930.25,5934.75,5930.25,5934.5,8533
1747327800,5934.75,5934.75,5932,5933.75,9173
1747328100,5933.75,5936.75,5931.75,5936.5,7992
1747328400,5936.5,5941,5935,5940.25,12693
1747328700,5940.25,5941.25,5936.5,5936.5,7744
1747329000,5936.5,5938.25,5934.75,5937.5,8146
1747329300,5937.25,5941,5936.5,5940.75,7750
1747329600,5940.75,5944.5,5940.25,5942.75,10720
1747329900,5942.5,5943.25,5938.75,5941.25,9204
1747330200,5941.5,5941.75,5934.75,5935,11261
1747330500,5935,5938,5932.5,5936.5,10043
1747330800,5936.5,5940,5934.5,5939.25,6609
1747331100,5939.25,5939.75,5935,5935.75,7484
1747331400,5935.75,5938.25,5934.25,5935.75,5716
1747331700,5936,5936,5931.5,5933.25,9101
1747332000,5933.5,5933.75,5928.5,5930.5,10867
1747332300,5930.25,5933.25,5927.75,5930.25,8845
1747332600,5930,5931.25,5926.25,5927.5,8542
1747332900,5927.5,5929.5,5922.25,5922.5,15763
1747333200,5922.75,5926.5,5921.25,5925.5,11673
1747333500,5925.25,5929.75,5924.5,5929.5,10107
1747333800,5929.25,5937,5928.5,5935.5,16837
1747334100,5935.25,5937.75,5932,5935.25,9946
1747334400,5935,5937.75,5934.25,5934.75,8013
1747334700,5934.75,5935.75,5930.75,5933.75,9887
1747335000,5933.5,5934.25,5930.25,5932.25,7988
1747335300,5932,5934.5,5930,5931.75,8365
1747335600,5931.75,5935.5,5930.25,5934.75,8737
1747335900,5934.75,5937.75,5928.5,5929.25,11964
1747336200,5929,5932.75,5927.5,5931.5,9382
1747336500,5931.5,5936.25,5929.5,5933,11696
1747336800,5933.25,5933.5,5926.25,5927.25,12374
1747337100,5927.5,5927.75,5917.5,5922,21149
1747337400,5922,5930,5922,5928.5,14037
1747337700,5928.5,5930.25,5923.5,5925,10804
1747338000,5925,5930.75,5924.5,5927.5,11693
1747338300,5927.5,5931.5,5924.75,5928.25,12979
1747338600,5928.25,5937,5926,5928,26929
1747338900,5927.75,5939,5925.75,5938.25,69319
1747339200,5938.5,5941.5,5933.25,5940,30102
1747339500,5940,5940.25,5936.5,5936.5,6102
1747339800,5936.75,5938.75,5936,5937.25,3828
1747402200,5944.5,5945.75,5934.75,5936.5,38909
1747402500,5936.5,5941.25,5935.5,5939.75,17921
1747402800,5939.75,5940.75,5931.75,5935.25,20625
1747403100,5935.25,5940.75,5934.75,5940.25,14547
1747403400,5940.5,5942.5,5938,5940,12260
1747403700,5940,5945.75,5939,5945,11414
1747404000,5945,5945,5933.25,5943,19093
1747404300,5942.75,5945.5,5936.25,5941,16614
1747404600,5941.25,5942,5935.25,5939.25,13402
1747404900,5939.25,5946.75,5937.75,5946,12182
1747405200,5946,5946.25,5942,5944.75,10326
1747405500,5945,5948.25,5939.75,5940.75,13536
1747405800,5940.75,5941.25,5935,5937,16596
1747406100,5937,5937.5,5933.75,5935.25,13150
1747406400,5935.25,5935.75,5924.75,5926.25,17747
1747406700,5926.25,5934.5,5925,5934.25,15779
1747407000,5934,5937.75,5933.75,5937.75,13001
1747407300,5937.75,5940.25,5934.5,5936.5,12023
1747407600,5936.75,5940.5,5936.75,5937.25,9296
1747407900,5937.25,5941.25,5935.75,5937,9517
1747408200,5937.25,5943,5936.75,5940.75,8916
1747408500,5940.75,5942.75,5938,5940.25,6261
1747408800,5940.5,5941.25,5935.75,5938,7177
1747409100,5937.75,5941.5,5937.5,5941,6059
1747409400,5941,5947.25,5940.5,5945.25,11624
1747409700,5945.25,5946.75,5942.75,5944.25,7938
1747410000,5944.5,5948.5,5944.25,5947,9032
1747410300,5947,5947.75,5943.25,5944.25,8240
1747410600,5944.5,5946.75,5941.25,5945.5,8806
1747410900,5945.5,5945.75,5941.75,5942.25,7318
1747411200,5942.5,5948.25,5941,5947,9689
1747411500,5947,5949,5946.5,5947.75,6922
1747411800,5947.75,5951.75,5946.75,5950.75,9390
1747412100,5951,5955,5950.5,5951,11050
1747412400,5951,5954.25,5951,5953.5,7060
1747412700,5953.5,5954.25,5951.5,5952.75,5802
1747413000,5952.75,5956.25,5951,5951.5,9361
1747413300,5951.5,5954.25,5951.25,5954.25,6194
1747413600,5954.25,5956,5950.75,5952.5,7988
1747413900,5952.75,5954,5949.75,5949.75,5611
1747414200,5950,5956.25,5949.75,5955.75,7620
1747414500,5955.75,5957.25,5954.25,5954.5,5924
1747414800,5954.75,5959.75,5953.25,5958.5,7846
1747415100,5958.75,5959.5,5957.5,5958.5,6359
1747415400,5958.75,5960.25,5956,5960,8053
1747415700,5960,5965.25,5959.5,5963.75,12857
1747416000,5963.75,5964.75,5961,5963.25,7360
1747416300,5963.25,5963.75,5962.25,5963.5,4986
1747416600,5963.5,5966.25,5963.25,5966,7476
1747416900,5966,5967.25,5963,5963.25,7254
1747417200,5963.25,5964.5,5961.5,5962.75,6965
1747417500,5962.75,5963.75,5961.75,5962.25,5207
1747417800,5962.5,5963.25,5958.75,5959.5,8819
1747418100,5959.75,5961.25,5957.75,5960.5,5610
1747418400,5960.5,5963.25,5958.75,5961.75,7030
1747418700,5961.75,5962,5958.75,5960,5165
1747419000,5960,5963.5,5958.75,5962.5,5316
1747419300,5962.5,5964,5961.25,5963.25,5616
1747419600,5963,5965.5,5962.5,5964.75,6423
1747419900,5964.5,5966.75,5963.5,5965,6227
1747420200,5965,5967.75,5963.75,5966.5,7471
1747420500,5966.5,5968,5964,5967.5,6169
1747420800,5967.5,5970.75,5966,5969.25,13624
1747421100,5969.25,5971.25,5968.75,5970,7393
1747421400,5970,5972.75,5968.5,5970.75,7428
1747421700,5970.75,5972.5,5967.5,5968,8403
1747422000,5968,5971.75,5967.75,5971,8455
1747422300,5971,5976,5970.75,5973,13599
1747422600,5973.25,5974.5,5972,5973.5,6876
1747422900,5973.5,5974.25,5970.5,5973,7351
1747423200,5973,5973,5970,5971.5,7757
1747423500,5971.75,5972.25,5969,5970.75,6957
1747423800,5970.75,5971,5967.75,5968.25,11041
1747424100,5968.5,5969.75,5966.25,5967,10473
1747424400,5967,5969.5,5965,5966.25,12810
1747424700,5966.25,5973.5,5964.25,5971.75,19480
1747425000,5971.5,5975,5969.25,5971,24305
1747425300,5970.75,5977.5,5970.75,5975.25,79012
1747425600,5975.25,5975.5,5971.25,5973.25,22049
1747425900,5973.25,5973.25,5971.25,5971.5,6067
1747426200,5971.75,5973,5971,5972.5,3980
1747661400,5912.25,5927,5912.25,5923.75,33544
1747661700,5923.75,5931,5920.25,5930.5,21577
1747662000,5930.5,5936.5,5929.25,5936.25,20611
1747662300,5936,5944.25,5933,5941.5,22829
1747662600,5941.5,5943.75,5938,5942.25,15810
1747662900,5942.25,5945.5,5940.75,5943.75,14441
1747663200,5943.5,5954.5,5941.75,5951.25,25684
1747663500,5951.5,5962.25,5949.5,5959.25,26581
1747663800,5959.25,5959.75,5953.5,5955.5,14913
1747664100,5955.25,5964.75,5955.25,5961.5,18107
1747664400,5961.5,5963.25,5956.75,5958.25,11641
1747664700,5958.25,5958.25,5946.5,5953.75,18737
1747665000,5954,5957,5949.25,5956.25,13168
1747665300,5956,5959.5,5954.75,5956.75,10289
1747665600,5957,5960.75,5954.5,5956.75,10522
1747665900,5957,5959.5,5948.75,5950.25,11379
1747666200,5950.25,5957,5947.5,5953.25,12470
1747666500,5953.25,5954,5950,5951.75,6256
1747666800,5951.75,5958.25,5951,5957.5,8803
1747667100,5957.75,5958.5,5951.5,5957,8091
1747667400,5956.75,5959.25,5955,5956.5,8902
1747667700,5956.5,5960.5,5956,5958.5,5465
1747668000,5958.5,5959.75,5955.75,5957,7229
1747668300,5956.75,5957.25,5953.5,5955,7225
1747668600,5955,5960,5954,5957.25,8300
1747668900,5957.25,5964.5,5956.75,5963.5,8859
1747669200,5963.5,5969.5,5963.25,5964.75,14532
1747669500,5964.75,5967.5,5959,5960.25,9885
1747669800,5960.25,5962.5,5957.5,5961,8337
1747670100,5961,5963.5,5959,5962.5,7626
1747670400,5962.5,5965.25,5960.75,5965,6377
1747670700,5964.75,5965,5961.75,5963,4966
1747671000,5963.25,5967,5962.75,5965.5,6005
1747671300,5965.75,5967.75,5962.75,5963.25,5744
1747671600,5963.25,5967.75,5962.75,5967.5,5614
1747671900,5967.25,5973.25,5966.75,5971.5,10388
1747672200,5971.25,5972.25,5968,5969,7777
1747672500,5969,5971.5,5968,5970.25,6352
1747672800,5970.25,5970.75,5967.25,5969.25,6961
1747673100,5969.25,5971.75,5968,5970,5600
1747673400,5970.25,5976.25,5970.25,5975,11214
1747673700,5975,5979.5,5973.75,5977.25,11514
1747674000,5977.25,5982.25,5976.25,5981.75,11781
1747674300,5982,5986.75,5980.5,5986.25,14012
1747674600,5986.25,5987.5,5983.5,5985,11579
1747674900,5985,5986,5981.75,5982.25,10610
1747675200,5982,5984.5,5981.5,5984.5,7585
1747675500,5984.5,5986.75,5982.75,5983.25,7502
1747675800,5983.25,5986.75,5979.5,5986.75,15665
1747676100,5986.75,5986.75,5982.5,5983,6828
1747676400,5983,5983.25,5980,5981.5,7239
1747676700,5981.5,5981.75,5977,5978.5,9563
1747677000,5978.75,5980.5,5975.75,5976.25,9919
1747677300,5976.5,5977.5,5975,5975.5,6784
1747677600,5975.5,5977.5,5973.5,5975.5,7602
1747677900,5975.75,5976.75,5973.5,5975.75,5876
1747678200,5975.75,5975.75,5971.25,5972.5,7786
1747678500,5972.75,5972.75,5965,5967.5,12338
1747678800,5967.5,5970,5965.5,5967.75,10014
1747679100,5967.75,5973.25,5967.75,5969.25,11346
1747679400,5969.5,5973.25,5967.5,5972.25,8785
1747679700,5972,5977,5971.75,5975.75,8887
1747680000,5975.75,5976.75,5972.25,5973.75,7469
1747680300,5973.5,5974.75,5970.25,5972.25,7264
1747680600,5972,5974.75,5972,5974.25,5418
1747680900,5974,5976.5,5973,5975.75,6634
1747681200,5976,5978.5,5972.25,5973.75,11914
1747681500,5973.5,5976.25,5971.75,5972.75,6452
1747681800,5973,5973.25,5969.5,5970.25,7970
1747682100,5970.25,5971,5967,5967.5,8573
1747682400,5967.75,5971.5,5967,5968.25,9112
1747682700,5968.25,5968.25,5962.75,5967,12509
1747683000,5967.25,5971.25,5966.75,5968.25,10596
1747683300,5968.25,5972,5967.25,5970.5,9008
1747683600,5970.75,5971.25,5967.5,5969,8282
1747683900,5969,5976,5968.25,5974.75,13925
1747684200,5974.75,5979.25,5974.75,5976.75,28730
1747684500,5976.75,5984.5,5975,5981.25,77335
1747684800,5981.25,5982.5,5974.5,5975.5,20956
1747685100,5975.5,5976.75,5972.25,5972.5,4523
1747685400,5972.5,5973,5970.25,5973,4695
1747747800,5962,5966.75,5959.75,5963.75,24621
1747748100,5963.75,5965.25,5958.5,5964.75,17258
1747748400,5965,5966.75,5958,5960.5,14949
1747748700,5960.5,5962.5,5951,5954.25,21019
1747749000,5954.5,5966,5950.75,5962.75,20357
1747749300,5962.5,5964.5,5956,5958.75,13595
1747749600,5959,5962.5,5956,5961.75,10813
1747749900,5961.5,5964.25,5955.25,5955.25,12197
1747750200,5955.25,5959.25,5953.75,5958.75,13428
1747750500,5958.5,5962.25,5956.25,5960,12088
1747750800,5960,5965,5958.75,5959.25,13227
1747751100,5959.25,5963.75,5955.5,5959.5,10080
1747751400,5959.25,5962,5956.75,5960.5,8951
1747751700,5960.5,5968.25,5959.5,5967.75,12505
1747752000,5967.75,5970,5966.75,5969.75,12279
1747752300,5969.75,5971,5967.75,5969.5,10162
1747752600,5969.5,5969.5,5966,5967.25,7859
1747752900,5967.5,5968.5,5959,5960,13532
1747753200,5960,5962.5,5955,5960.25,14525
1747753500,5960.25,5961.75,5957.75,5961,7708
1747753800,5961,5964.5,5959.75,5963.25,9086
1747754100,5963.5,5966.75,5962.75,5965.5,6817
1747754400,5965.5,5966.75,5961.5,5961.75,6939
1747754700,5961.5,5965.25,5960.5,5965,7215
1747755000,5964.75,5966,5960.75,5963,8138
1747755300,5962.75,5963.25,5960.25,5961.75,8148
1747755600,5961.75,5962,5956,5957.25,9031
1747755900,5957.25,5961.5,5955,5960.25,8813
1747756200,5960.25,5961.25,5958,5959,5354
1747756500,5958.75,5964.75,5958.75,5962.75,10506
1747756800,5962.5,5964.25,5959.75,5961,8397
1747757100,5960.75,5961.25,5956,5957.75,8613
1747757400,5957.5,5958.25,5952.75,5956.25,10550
1747757700,5956,5957.5,5954.25,5956,6368
1747758000,5956,5959,5954.5,5954.75,6132
1747758300,5954.75,5959.5,5952.75,5957.25,7432
1747758600,5957.5,5960,5956.75,5958.25,4909
1747758900,5958,5963.25,5958,5962.75,6404
1747759200,5962.75,5965,5961.5,5964.5,7195
1747759500,5964.5,5965.75,5962.75,5963.75,5681
1747759800,5964,5965.5,5962.5,5964.5,6030
1747760100,5964.5,5966.5,5964.25,5964.5,6049
1747760400,5964.75,5968.25,5963.5,5967.5,7260
1747760700,5967.5,5968.5,5966.75,5968,5351
1747761000,5968.25,5969,5966,5968.5,6046
1747761300,5968.5,5968.5,5965.25,5966.5,5721
1747761600,5966.5,5966.5,5962.75,5964,7105
1747761900,5963.75,5967.75,5963.75,5965.5,6760
1747762200,5965.5,5966.25,5959.25,5960.75,10033
1747762500,5960.75,5962.25,5959,5960.75,9000
1747762800,5960.75,5963.5,5959.25,5961.25,7453
1747763100,5961.25,5961.75,5957.5,5957.5,5879
1747763400,5957.75,5961.25,5955.25,5960.75,9166
1747763700,5960.75,5961.75,5958.5,5961,4855
1747764000,5960.75,5962.5,5958.5,5961.25,4981
1747764300,5961.25,5962.75,5959.75,5960.25,4311
1747764600,5960.25,5962.25,5959.75,5960.5,4209
1747764900,5960.5,5961.75,5954.5,5956.75,10019
1747765200,5956.75,5956.75,5942.75,5949,23505
1747765500,5948.75,5952,5936.75,5938.75,19294
1747765800,5939,5941.5,5936.25,5940.75,15109
1747766100,5940.75,5946.75,5940.25,5945.5,14799
1747766400,5945.25,5946,5937.25,5940.75,13091
1747766700,5940.5,5942.5,5938,5940,9537
1747767000,5940,5943,5938,5940,11326
1747767300,5939.75,5942,5939,5939.75,8362
1747767600,5939.5,5939.5,5927.25,5928.75,25694
1747767900,5928.5,5937.75,5926.75,5937.25,18054
1747768200,5937,5940.75,5935,5940,13398
1747768500,5940,5943.75,5937.5,5942.25,12292
1747768800,5942.25,5945.25,5942,5943.75,10459
1747769100,5944,5947.25,5942.75,5944,9921
1747769400,5944.25,5952.75,5944.25,5950.75,13044
1747769700,5951,5954,5949,5952.25,11054
1747770000,5952.5,5953.75,5946.75,5947.5,12143
1747770300,5947.75,5952,5945.75,5947.75,14108
1747770600,5947.75,5957.25,5944.5,5954.75,22096
1747770900,5954.75,5961,5952.25,5959.25,54060
1747771200,5959.5,5960.25,5953.25,5953.75,23612
1747771500,5954,5956,5951.75,5952.5,6775
1747771800,5952.75,5954,5951.5,5952.25,4267
1747834200,5914.5,5927,5913.5,5922.75,32927
1747834500,5922.75,5925.75,5919.5,5925.5,15844
1747834800,5925.75,5929.75,5921.5,5927.5,16018
1747835100,5927.5,5931.5,5926.5,5931.25,12006
1747835400,5931.25,5935.25,5929.5,5931.75,17351
1747835700,5931.75,5934.75,5927.25,5928.25,13295
1747836000,5928.5,5944.5,5927.75,5935.25,28352
1747836300,5935.25,5939.75,5932.75,5935.75,13116
1747836600,5935.75,5936,5928,5929.75,11531
1747836900,5929.75,5933,5929,5930.5,8006
1747837200,5930.5,5935.75,5930.5,5931.75,10470
1747837500,5931.5,5932.75,5925.5,5926,13344
1747837800,5926.25,5930.5,5921.5,5922.5,14345
1747838100,5922.5,5928.75,5921.5,5928.5,15132
1747838400,5928.5,5931.5,5922.5,5923,12229
1747838700,5923,5925.25,5918.5,5925,13572
1747839000,5925.25,5929.5,5924.5,5926.25,11304
1747839300,5926.25,5937,5926,5936.5,12611
1747839600,5936.5,5940,5933.75,5938,14360
1747839900,5937.75,5948.75,5935.5,5947,19369
1747840200,5947.25,5950.75,5944,5950.25,13913
1747840500,5950,5951.75,5946.25,5947.75,11280
1747840800,5947.75,5952.75,5945,5952.5,11286
1747841100,5952.5,5952.5,5947.5,5948.25,10016
1747841400,5948,5949,5945.5,5947.5,9288
1747841700,5947.5,5948,5942.5,5946.75,10311
1747842000,5947,5949.25,5944,5948.25,9128
1747842300,5948.25,5949.25,5944.5,5946.5,5552
1747842600,5946.75,5952.25,5944.75,5951.25,6859
1747842900,5951.5,5952,5946.75,5947.5,8691
1747843200,5947.5,5950,5945.75,5948,6879
1747843500,5948,5953.75,5946.75,5951.75,8175
1747843800,5951.75,5952.25,5947.25,5950,7270
1747844100,5949.75,5950.5,5947.25,5948.25,5440
1747844400,5948,5948.5,5944.5,5946.5,7801
1747844700,5946.5,5948.5,5945.5,5948,5551
1747845000,5948,5952,5946.75,5950.75,7570
1747845300,5950.5,5952.75,5948.75,5949.5,5080
1747845600,5949.5,5951.75,5948.25,5950.75,4024
1747845900,5950.75,5956.25,5949.5,5955.5,9041
1747846200,5955.25,5956.25,5952.5,5953.5,7339
1747846500,5953.5,5953.75,5945.75,5946.25,10927
1747846800,5946.5,5948,5939.75,5944,17489
1747847100,5944,5947,5935,5936.5,13394
1747847400,5936.25,5936.5,5928.75,5931.25,18563
1747847700,5931.25,5932,5904.75,5912.25,42745
1747848000,5912.25,5912.75,5887.25,5890,45178
1747848300,5889.75,5891.75,5875,5876.5,32058
1747848600,5876.5,5895.5,5867,5889.25,45568
1747848900,5889.25,5907.5,5884,5907,29092
1747849200,5906.75,5907,5892.5,5893.5,23243
1747849500,5893.25,5901.75,5889.5,5895.5,19539
1747849800,5895.5,5900,5885.75,5891,16402
1747850100,5891,5892,5884.75,5891.25,14109
1747850400,5891,5893.5,5879,5880,17189
1747850700,5880,5892.5,5878.5,5891.5,17245
1747851000,5891.25,5893.25,5877.25,5882.75,12457
1747851300,5882.5,5887.75,5879.75,5880.25,10139
1747851600,5880.5,5881,5871,5876.25,16257
1747851900,5876.25,5886,5876,5882.25,12812
1747852200,5882.5,5889.5,5880.5,5889,11616
1747852500,5889,5892.75,5882.5,5884.75,13771
1747852800,5885,5890,5884,5888,7891
1747853100,5888.25,5890,5875,5876.75,12161
1747853400,5876.75,5879.5,5872,5872.5,11889
1747853700,5872.5,5876.5,5867.25,5869.75,17889
1747854000,5869.75,5875.75,5866.5,5871.5,15223
1747854300,5871.25,5875.25,5856.5,5857,21235
1747854600,5856.75,5866.25,5852.75,5864.5,24936
1747854900,5864.75,5866.5,5857.25,5858.75,15711
1747855200,5858.75,5862,5851.75,5853.25,16699
1747855500,5853.25,5856,5847.75,5852,21937
1747855800,5852.25,5866.25,5852.25,5864,21384
1747856100,5864,5872.75,5860.75,5872,14841
1747856400,5872,5876,5868.25,5874,15950
1747856700,5874.25,5875.5,5866.25,5870.75,17237
1747857000,5870.5,5875.75,5863.75,5864,23812
1747857300,5864,5868.5,5858.75,5859.25,63996
1747857600,5859.25,5861.5,5855.75,5856.5,31314
1747857900,5856.5,5859.5,5856.25,5857.5,7982
1747858200,5857.75,5857.75,5851.25,5853,7047
1747920600,5855.5,5864,5845.25,5846.25,37832
1747920900,5846.25,5855,5842.75,5851.75,23915
1747921200,5851.75,5861.25,5849.5,5853.5,17010
1747921500,5854.75,5860,5849.25,5853.75,15342
1747921800,5853.75,5869.25,5849.75,5863.75,19184
1747922100,5864,5872.25,5861.5,5870.5,19867
1747922400,5870.5,5877.5,5870,5875,20962
1747922700,5875.25,5880.5,5871.75,5877.5,18545
1747923000,5877.5,5877.75,5865.5,5867.25,21660
1747923300,5867.25,5870.5,5864.5,5867.5,12094
1747923600,5867.5,5867.5,5856.5,5856.75,17673
1747923900,5856.75,5862,5853.75,5857,18533
1747924200,5857,5862.5,5854.5,5857.5,15176
1747924500,5857.5,5860,5849.25,5852,16093
1747924800,5852.25,5860.75,5850,5851.25,15673
1747925100,5851.25,5860,5850.75,5854.25,13267
1747925400,5854.25,5857.75,5849.75,5850.5,10761
1747925700,5850.25,5859.75,5843.5,5857.5,24898
1747926000,5857.75,5863.5,5856.5,5861.25,16825
1747926300,5861,5865.75,5856.5,5863,14510
1747926600,5863,5864.5,5857.5,5857.75,8917
1747926900,5857.75,5858.75,5851.75,5858.5,14132
1747927200,5858.5,5866,5856.5,5864.5,13524
1747927500,5864.75,5867,5853.75,5853.75,16427
1747927800,5853.75,5862,5852.75,5861.25,17894
1747928100,5861,5869.5,5859.75,5865.5,14604
1747928400,5865.25,5870.5,5864,5868,10528
1747928700,5868,5872.5,5864.75,5866,11353
1747929000,5865.75,5869.75,5864.5,5869.5,7592
1747929300,5869.5,5871.5,5866.75,5871.25,6667
1747929600,5871,5874.5,5869.25,5872.5,11075
1747929900,5872.25,5875,5866.5,5873.25,13085
1747930200,5873,5879.5,5872.5,5878.75,10770
1747930500,5878.5,5885,5875.75,5876.25,16967
1747930800,5876,5877.25,5872.5,5873,11032
1747931100,5873,5875,5871.25,5872.25,7939
1747931400,5872,5873.25,5866.5,5869,9804
1747931700,5869,5873,5867.25,5870.75,7190
1747932000,5870.75,5873,5868.25,5869,7218
1747932300,5868.75,5870,5863,5863.5,8694
1747932600,5863.75,5867.25,5862.5,5866.25,8149
1747932900,5866.25,5866.75,5858.75,5859.75,9801
1747933200,5859.75,5862.5,5856.25,5857.25,10584
1747933500,5857,5860.5,5855.25,5855.75,10559
1747933800,5855.75,5859.5,5854.75,5857,9146
1747934100,5856.75,5868.75,5856.5,5865,15124
1747934400,5864.75,5874.5,5864.75,5873.75,10871
1747934700,5873.75,5877.75,5871.75,5875.5,13555
1747935000,5875.75,5879,5872,5878.75,9933
1747935300,5878.75,5880,5873.25,5876,8341
1747935600,5876.25,5882,5876,5882,7916
1747935900,5882,5882.75,5876.75,5879.75,10457
1747936200,5879.75,5881,5878,5879.5,5807
1747936500,5879.5,5887.25,5879.25,5883,13933
1747936800,5883,5886.25,5881,5883.75,9901
1747937100,5883.75,5885.25,5879.75,5882.5,7990
1747937400,5882.75,5884.75,5879.25,5884.25,9948
1747937700,5884.25,5888.25,5882.75,5887,10462
1747938000,5886.75,5889.25,5882,5887.5,11000
1747938300,5887.25,5889,5883.75,5884.75,5778
1747938600,5885,5886.5,5881.75,5885,6903
1747938900,5885,5886.5,5879.25,5880,6129
1747939200,5880,5882.5,5877.75,5881,9002
1747939500,5881,5884.5,5879.75,5880.25,6429
1747939800,5880.5,5887,5880.25,5884,6597
1747940100,5884,5890,5883.75,5887.25,8167
1747940400,5887.25,5891.5,5886.25,5889.5,10788
1747940700,5889.5,5893,5887,5887.25,10628
1747941000,5887.25,5891,5886.5,5890.5,6846
1747941300,5890.75,5891,5886.75,5887.75,6869
1747941600,5888,5890,5885.5,5888,7957
1747941900,5887.75,5895,5887.75,5894,11101
1747942200,5894,5894.5,5886,5889,12823
1747942500,5888.75,5889.25,5883.25,5884.75,11578
1747942800,5884.75,5886,5879.25,5879.5,11730
1747943100,5879.5,5881,5872.75,5879,20235
1747943400,5879.25,5885.75,5868.75,5869.25,32670
1747943700,5869,5872,5853.75,5858.5,94796
1747944000,5858.5,5862.5,5858,5862.25,26842
1747944300,5862.25,5862.5,5859.25,5861,5771
1747944600,5861,5861,5858,5859,5546
1748007000,5784,5800.5,5780.5,5797.5,56570
1748007300,5797.25,5806.5,5795.25,5796.5,35801
1748007600,5796.25,5800.75,5788.5,5796.25,27885
1748007900,5796.5,5797.5,5785.25,5789.75,23706
1748008200,5789.75,5799.25,5786.75,5791.25,27113
1748008500,5791.25,5795.75,5788.5,5793,12645
1748008800,5793,5805.75,5791.5,5803,23552
1748009100,5803.25,5807.75,5799.5,5800.25,23028
1748009400,5800.25,5813.5,5797,5807.75,22340
1748009700,5807.5,5810.5,5798.25,5798.5,13743
1748010000,5798.5,5808,5794,5807.5,17831
1748010300,5807.5,5810.75,5799,5802,15514
1748010600,5802,5811.25,5800.25,5810.5,13163
1748010900,5810.5,5811.75,5805,5808,12061
1748011200,5808,5812.25,5804.25,5809.25,10974
1748011500,5809.5,5814.5,5806.75,5809,11685
1748011800,5808.75,5810,5797.5,5798,16664
1748012100,5798,5800.5,5795,5796,14185
1748012400,5796,5805.5,5795,5801,15562
1748012700,5801,5801.75,5792.75,5800.5,13604
1748013000,5800.5,5803,5794.25,5799,11111
1748013300,5799,5804.75,5793.25,5801.5,12409
1748013600,5801.5,5809.5,5800.75,5808.5,10348
1748013900,5808.75,5810.25,5806,5810,8586
1748014200,5810,5817,5808.5,5816.75,12720
1748014500,5816.5,5822.25,5812.25,5814.75,20291
1748014800,5814.75,5818,5813.25,5816.25,10012
1748015100,5816.25,5817.5,5811.5,5815.25,8078
1748015400,5815.5,5816.25,5805.75,5809,13124
1748015700,5809,5810,5804.75,5805.25,9868
1748016000,5805.25,5813.5,5802.5,5803.25,15576
1748016300,5803,5809.5,5800,5805.25,14653
1748016600,5805.25,5808.5,5802.75,5806,7359
1748016900,5805.75,5808.75,5803.5,5805.5,5558
1748017200,5805.5,5814.25,5804.75,5814,9202
1748017500,5813.75,5816,5811.25,5811.5,7529
1748017800,5811.5,5811.75,5804.25,5807.25,8644
1748018100,5807.25,5816.25,5807,5815.25,7872
1748018400,5815.25,5816.75,5812,5814.75,6076
1748018700,5814.75,5818.75,5813.75,5818.25,8511
1748019000,5818.25,5820.75,5816.25,5820.25,7312
1748019300,5820,5821.25,5813,5815,7934
1748019600,5815,5819.5,5812,5819,7083
1748019900,5818.75,5824,5818,5823.25,7970
1748020200,5823,5827.5,5820.75,5825.25,13579
1748020500,5825,5834.25,5824.5,5832.75,11816
1748020800,5832.75,5835,5830.5,5833,9633
1748021100,5833,5836.75,5831.5,5835.75,8407
1748021400,5835.75,5836,5829.25,5830.75,9870
1748021700,5830.75,5834.25,5829.25,5831.5,5521
1748022000,5831.5,5831.5,5825.5,5829.25,8427
1748022300,5829.25,5833.25,5827.25,5832.75,6395
1748022600,5832.75,5840,5832.5,5836.25,11169
1748022900,5836.5,5837.25,5829.75,5833.75,7165
1748023200,5833.75,5839.75,5832.75,5838.75,9740
1748023500,5838.75,5843.25,5838.25,5840.75,9929
1748023800,5840.75,5840.75,5836.5,5840.25,6622
1748024100,5840.5,5843.75,5832,5834,14527
1748024400,5834,5835,5825.25,5834.25,22212
1748024700,5834.25,5837.5,5829.5,5833,10996
1748025000,5832.75,5837.25,5832,5836,7513
1748025300,5836.25,5840.75,5834.25,5834.75,8271
1748025600,5834.5,5837.25,5833.25,5834.75,6247
1748025900,5834.75,5836,5829.25,5835.25,8539
1748026200,5835,5838,5833.25,5835.5,5246
1748026500,5835.5,5836.75,5831,5832.75,6205
1748026800,5832.75,5833,5826.5,5827.5,10734
1748027100,5827.75,5835.5,5826.75,5834.5,7541
1748027400,5834.5,5840,5833.75,5837,8590
1748027700,5837.25,5837.25,5828.5,5829.5,12335
1748028000,5829.5,5829.75,5821.25,5826.25,12342
1748028300,5826,5826.5,5819,5824.25,12130
1748028600,5824,5829.25,5822.5,5829.25,11115
1748028900,5829,5833.75,5826,5833,10048
1748029200,5833,5835.75,5829.5,5832.75,10004
1748029500,5832.5,5833.25,5823.5,5825.75,10417
1748029800,5826,5828.5,5811.75,5815.25,31377
1748030100,5815,5824,5810.25,5817,82888
1748030400,5817.25,5817.5,5810,5810,24557
1748030700,5810,5812.25,5808.25,5809,7048
1748031000,5809,5812.25,5808,5811.75,4570
1748352600,5886.25,5889,5872.75,5876,34000
1748352900,5875.75,5878,5868.25,5877.75,26640
1748353200,5877.75,5881.75,5876.25,5880.75,16912
1748353500,5881,5886.25,5880,5883.5,17129
1748353800,5883.5,5886.5,5879.25,5885.25,14195
1748354100,5885.25,5888.25,5885,5886.25,8836
1748354400,5886.25,5894.5,5885.5,5892.75,21183
1748354700,5892.75,5896,5892.25,5895.25,14422
1748355000,5895.5,5898.25,5893.5,5895,13504
1748355300,5895.25,5902,5894.5,5901.5,15563
1748355600,5901.75,5905,5900.75,5903.75,16100
1748355900,5903.75,5907.75,5902.5,5903.75,15457
1748356200,5903.75,5907,5903.25,5905.75,12653
1748356500,5905.75,5906.25,5901.5,5905.75,14765
1748356800,5905.5,5907.25,5904,5906,11572
1748357100,5906,5911.25,5905.5,5907.5,13449
1748357400,5907.75,5910.75,5907.5,5908.5,11171
1748357700,5908.5,5909.75,5904.25,5905.75,11425
1748358000,5905.5,5908.75,5904.75,5907.5,10122
1748358300,5907.75,5907.75,5904.75,5905.75,10440
1748358600,5906,5908.5,5905.25,5908.5,7881
1748358900,5908.5,5910.5,5908,5910,8874
1748359200,5910,5910.5,5906,5910.5,9371
1748359500,5910.5,5915.5,5909.75,5913.5,14124
1748359800,5913.25,5914,5910.75,5912.75,10286
1748360100,5912.5,5914.25,5911.25,5913,7052
1748360400,5913,5915,5910,5914,8083
1748360700,5914,5915,5912.75,5913.5,6977
1748361000,5913.5,5916.25,5912.25,5915.5,8303
1748361300,5915.75,5916.5,5913,5915,7079
1748361600,5915,5920.75,5914.25,5920.25,13379
1748361900,5920.25,5921.75,5917.75,5919.75,10203
1748362200,5920,5921.25,5919.25,5920,6002
1748362500,5920,5921,5918,5918.25,6349
1748362800,5918.5,5921.5,5918,5921.5,6552
1748363100,5921.5,5921.75,5918.25,5919.25,5914
1748363400,5919,5921.75,5918.75,5920.75,5123
1748363700,5920.75,5930.5,5920.25,5929.75,16536
1748364000,5929.75,5932.25,5927.5,5928.25,16174
1748364300,5928.25,5929.75,5923.25,5925,11977
1748364600,5925.25,5927.75,5924.5,5926.25,8253
1748364900,5926.25,5927.5,5923.5,5924.75,8581
1748365200,5924.75,5928.5,5924.5,5927.75,7984
1748365500,5927.75,5928,5926,5926.25,4992
1748365800,5926.5,5927.5,5924.25,5926,5824
1748366100,5926,5928.5,5925,5928.25,6450
1748366400,5928.25,5930.25,5927.5,5929,7251
1748366700,5929,5929.25,5926,5927.25,5303
1748367000,5927.25,5928,5925.25,5927.25,6021
1748367300,5927.25,5928.25,5925.5,5927,4400
1748367600,5927,5929.25,5925.75,5928.5,5336
1748367900,5928.5,5931.5,5927.5,5931.25,6103
1748368200,5931.25,5933,5930.75,5932,6805
1748368500,5932,5936.25,5932,5935.75,8997
1748368800,5935.75,5938.75,5933.5,5933.5,10996
1748369100,5933.75,5935.75,5932.5,5934.25,5917
1748369400,5934.5,5937.25,5933.75,5937,5582
1748369700,5937,5937.75,5933.25,5933.75,7629
1748370000,5933.5,5933.75,5930.5,5933.75,6802
1748370300,5933.75,5935.25,5932,5932.25,5880
1748370600,5932.25,5934.5,5932,5934,5652
1748370900,5934,5935,5932.5,5933.75,5119
1748371200,5934,5934,5930.25,5931.5,6753
1748371500,5931.25,5933.5,5931.25,5932,5781
1748371800,5932,5933,5930.5,5931.75,4766
1748372100,5931.75,5932.5,5929,5929.25,6865
1748372400,5929.25,5931.25,5927.25,5930.25,12240
1748372700,5930.25,5933.5,5929.75,5931.75,8761
1748373000,5931.5,5932,5928.25,5929.75,7134
1748373300,5929.5,5930.5,5928,5930.5,8179
1748373600,5930.25,5932.25,5928.75,5930.75,8703
1748373900,5930.75,5930.75,5928.25,5928.25,6635
1748374200,5928.25,5929,5924.5,5929,13378
1748374500,5929,5929.5,5925.75,5928.75,13072
1748374800,5929,5931.25,5927.5,5929.25,13889
1748375100,5929.25,5929.5,5925,5925.25,12339
1748375400,5925.5,5930.25,5923.75,5928.25,26867
1748375700,5928.5,5936.25,5928,5936,71891
1748376000,5936,5937.25,5932.5,5932.75,29759
1748376300,5932.75,5940.25,5932.25,5938.75,8653
1748376600,5938.75,5941.75,5937.5,5940,8024
1748439000,5940.25,5945,5937.5,5944.5,24926
1748439300,5944.75,5951,5942.25,5950.75,19740
1748439600,5951,5952.5,5947.75,5949,18915
1748439900,5949,5950,5936.5,5937.25,25110
1748440200,5937.25,5939,5933.5,5935.5,21554
1748440500,5935.75,5936.75,5929.75,5932.5,16668
1748440800,5932.5,5936,5930,5932.75,17414
1748441100,5933,5934.25,5929.25,5930.25,14460
1748441400,5930,5932.5,5927.5,5929,13097
1748441700,5928.75,5930.5,5925,5928.5,13717
1748442000,5928.5,5931.25,5923.75,5930,15238
1748442300,5930.25,5931,5925,5926.75,13366
1748442600,5926.75,5927.5,5922.75,5926.5,14026
1748442900,5926.5,5927,5919.25,5921.25,16166
1748443200,5921.25,5927,5920.75,5923,13984
1748443500,5922.75,5923.75,5920.5,5922.75,9076
1748443800,5922.75,5923.25,5917.5,5917.75,13153
1748444100,5917.75,5920,5916.25,5917.75,9250
1748444400,5917.75,5925.75,5917.25,5925.25,14265
1748444700,5925.5,5925.75,5918.75,5921,12318
1748445000,5921,5921.25,5915.25,5916,10999
1748445300,5916,5921.5,5916,5921.25,9858
1748445600,5921.25,5923.75,5919.75,5920.5,9852
1748445900,5920.5,5920.75,5917.5,5918,8635
1748446200,5918,5920.25,5916,5916.5,9358
1748446500,5916.75,5918.75,5914,5918.25,12315
1748446800,5918,5919.5,5915.25,5916.25,9488
1748447100,5916.25,5918,5915.5,5917.5,6035
1748447400,5917.25,5921,5917.25,5919.75,7712
1748447700,5919.75,5920.5,5913.75,5914.75,9470
1748448000,5915,5920.5,5914.5,5919.5,11278
1748448300,5919.25,5924,5918.75,5922.75,8715
1748448600,5922.75,5922.75,5919.75,5921.75,6753
1748448900,5922,5924.25,5921.5,5922.5,6270
1748449200,5922.75,5923,5919.5,5920.75,6321
1748449500,5921,5924,5920.5,5922.75,4740
1748449800,5923,5924,5921.25,5922,4755
1748450100,5922.25,5926.75,5922.25,5925.5,7618
1748450400,5925.75,5925.75,5923.5,5925.25,4978
1748450700,5925.5,5926.5,5923.75,5925.75,4249
1748451000,5925.75,5926.25,5920.5,5921.75,7330
1748451300,5922,5925,5921,5923.75,4895
1748451600,5923.75,5927.75,5922.25,5927.25,8498
1748451900,5927.25,5928.75,5926.5,5927,6638
1748452200,5927,5929.25,5926.5,5927.25,6576
1748452500,5927.25,5930.5,5927,5930,6247
1748452800,5930,5930.5,5927,5927.75,7178
1748453100,5927.75,5928,5924.25,5927.5,8095
1748453400,5927.25,5927.75,5923,5923.5,8160
1748453700,5923.75,5923.75,5921,5922.25,8531
1748454000,5922.25,5923,5918.5,5921,8490
1748454300,5920.75,5923,5920,5921.75,5627
1748454600,5922,5922.5,5920.25,5922.25,5287
1748454900,5922.25,5924.5,5920.75,5921.5,4339
1748455200,5921.25,5927.5,5920.75,5926.75,6475
1748455500,5926.5,5926.75,5923.25,5924.75,4987
1748455800,5925,5929,5925,5927,6595
1748456100,5927.25,5927.5,5922.5,5922.75,6956
1748456400,5923,5925.5,5922,5925.25,6172
1748456700,5925.25,5926.25,5923.75,5925.5,5286
1748457000,5925.25,5927.25,5925,5925,5561
1748457300,5925,5927.5,5924.75,5926,5850
1748457600,5926.25,5927.75,5925,5925.75,4556
1748457900,5926,5926.5,5923.5,5924,4503
1748458200,5924,5924.75,5903.25,5912.5,40222
1748458500,5912.75,5924,5911,5922.25,16248
1748458800,5922,5925.25,5919.75,5925.25,11481
1748459100,5925.25,5932.75,5924.25,5930,18219
1748459400,5930,5932,5919.25,5924.75,23146
1748459700,5924.75,5926.5,5920,5923,17755
1748460000,5923,5924.75,5920,5920.75,6553
1748460300,5921,5922,5917.75,5919.75,7692
1748460600,5919.75,5921,5915.75,5917.75,9471
1748460900,5918,5918,5911.5,5912,11596
1748461200,5912.25,5915.25,5908.25,5912.25,14635
1748461500,5912.5,5916.25,5909,5911.75,13135
1748461800,5911.75,5912,5894.75,5899.25,36801
1748462100,5899.5,5905,5894.5,5901.5,66815
1748462400,5901.75,5902.5,5893.25,5901.5,22313
1748462700,5901.5,5906.75,5901.5,5905.5,5457
1748463000,5905.75,5905.75,5901,5902.75,3973
1748525400,5955,5956.25,5937.25,5944.25,38297
1748525700,5944.5,5946.5,5938.75,5940.25,20677
1748526000,5940,5944,5933.75,5934.25,22555
1748526300,5934.25,5936.25,5927.25,5928.25,20726
1748526600,5928.25,5942.5,5926.25,5942.25,21946
1748526900,5942.5,5944.25,5931,5936.25,16946
1748527200,5936,5940,5931.5,5931.75,15702
1748527500,5931.5,5931.75,5912.5,5914.75,28665
1748527800,5914.75,5921.25,5912,5920.75,19232
1748528100,5920.75,5923.75,5909.25,5912.5,22865
1748528400,5912.75,5917,5908.5,5915.5,15530
1748528700,5915.25,5926.25,5915,5924.75,17515
1748529000,5924.5,5928.75,5916.75,5917.25,17811
1748529300,5917,5926.5,5916.75,5923.5,13971
1748529600,5923.25,5923.5,5916.5,5921,10104
1748529900,5921,5926.75,5919.5,5925,9656
1748530200,5925,5930.75,5922.25,5928,10924
1748530500,5928,5934.75,5927,5932.75,11325
1748530800,5932.75,5933.75,5922.5,5925.75,13640
1748531100,5925.75,5928.5,5922,5924.75,11468
1748531400,5924.5,5930,5919.25,5919.5,12487
1748531700,5919.5,5924.5,5919,5920,9834
1748532000,5920,5926.75,5919.25,5926,8129
1748532300,5926,5932.5,5925.75,5930.75,9671
1748532600,5930.75,5931.75,5912.25,5916.25,17185
1748532900,5916.5,5920.5,5912.75,5914.25,13021
1748533200,5914.5,5918,5912.5,5915.25,8675
1748533500,5915.5,5918,5911,5911.5,10203
1748533800,5911.5,5920,5911,5915,9927
1748534100,5915,5915.75,5888.5,5895,32708
1748534400,5895,5900.25,5884,5897.5,27314
1748534700,5897.5,5902.5,5896.5,5900.25,10994
1748535000,5900.25,5910,5899.25,5909.25,13008
1748535300,5909,5915,5909,5913.5,9958
1748535600,5913.5,5915.25,5909.25,5912.75,8616
1748535900,5913,5916,5910.75,5913.5,7179
1748536200,5913.5,5918,5913,5915.5,6837
1748536500,5915.5,5919,5913.25,5916.25,9814
1748536800,5916.25,5920,5915.5,5918.5,8149
1748537100,5918.5,5920,5914.25,5914.25,7959
1748537400,5914.25,5918.25,5912.25,5917.75,8263
1748537700,5917.75,5925.25,5915.5,5921.5,12162
1748538000,5921.25,5928.25,5920.75,5922.5,9651
1748538300,5922.5,5924.25,5918.75,5920.75,6800
1748538600,5920.5,5923.5,5919.75,5921.75,4731
1748538900,5921.75,5922.5,5915.75,5918.25,7370
1748539200,5918.5,5924.75,5917.25,5919.75,7069
1748539500,5919.75,5921.25,5915,5916.75,6925
1748539800,5916.75,5921.75,5915.25,5916.75,7310
1748540100,5917,5920.25,5913.5,5916.5,6973
1748540400,5916.5,5921.5,5914.75,5915.5,6716
1748540700,5915.75,5918.25,5909.25,5910,8468
1748541000,5909.75,5915.75,5909.5,5912.5,7821
1748541300,5912.25,5913,5907.5,5909,7933
1748541600,5909.25,5913.25,5908.75,5913,6803
1748541900,5912.75,5916.75,5911.75,5913.5,6973
1748542200,5913.5,5916.5,5911.5,5914.25,5959
1748542500,5914.5,5915.5,5904.25,5905,8919
1748542800,5904.75,5907,5899.5,5903,16260
1748543100,5902.75,5907.75,5901,5903.75,9280
1748543400,5903.5,5912.25,5903.5,5911.5,10576
1748543700,5911.25,5915.5,5911,5915,7342
1748544000,5914.75,5917.25,5912.75,5915.75,7654
1748544300,5915.5,5918.75,5914.5,5914.75,7036
1748544600,5915,5918.75,5915,5916.75,6612
1748544900,5916.75,5919,5908,5911.5,14112
1748545200,5911.75,5917.75,5910.5,5916,8827
1748545500,5916,5916.5,5907.25,5910.5,18705
1748545800,5910.75,5912.75,5907.75,5909,8303
1748546100,5909,5915.75,5906.25,5915.25,10174
1748546400,5915.25,5920.5,5914.75,5918.75,9263
1748546700,5918.75,5921,5912,5912.5,8430
1748547000,5912.5,5917.25,5912.5,5915.5,7324
1748547300,5915.75,5916.25,5912.75,5913.5,6291
1748547600,5913.5,5918.5,5913.5,5916.5,7251
1748547900,5916.5,5926.5,5916,5923,17170
1748548200,5923,5930.75,5913,5916.75,32996
1748548500,5917,5925.25,5915.75,5923.25,57277
1748548800,5923.5,5926.25,5919.25,5919.25,20099
1748549100,5919,5920.75,5915.5,5917.25,6120
1748549400,5917.25,5919.75,5916.5,5917.75,4154
1748611800,5910.5,5912.75,5897.75,5903,32205
1748612100,5902.75,5904.25,5895,5897.75,17898
1748612400,5898,5902,5896.75,5898.75,11103
1748612700,5898.75,5905.25,5893.75,5894.25,21236
1748613000,5894.25,5895.25,5885,5894.5,19221
1748613300,5894.25,5896.5,5890.5,5891.75,11633
1748613600,5891.75,5905.5,5890.75,5904.25,23245
1748613900,5904.25,5910.75,5904.25,5909.25,14332
1748614200,5909,5917,5907,5913.5,16441
1748614500,5913.5,5916.25,5911,5916,13009
1748614800,5916.25,5918,5913.25,5915,11213
1748615100,5915,5918.5,5913,5917,10944
1748615400,5917.25,5919.75,5914.25,5916.25,11545
1748615700,5916.25,5920.5,5913.5,5919.75,11457
1748616000,5919.75,5919.75,5912,5912.25,12794
1748616300,5912.5,5914.75,5908.5,5913,16355
1748616600,5913.25,5913.75,5905.75,5909.5,16256
1748616900,5909.5,5915.5,5905.75,5908,13605
1748617200,5908.25,5911.25,5907.25,5908.75,9180
1748617500,5908.75,5913.25,5906.75,5910.5,9518
1748617800,5910.5,5911,5905.25,5907.75,9394
1748618100,5907.75,5908.5,5901.5,5902.25,10486
1748618400,5902.5,5909.75,5902,5908.5,9122
1748618700,5908.25,5915,5905.75,5912.75,11766
1748619000,5912.5,5915,5898.75,5903,19652
1748619300,5903,5905,5898.75,5901.75,11113
1748619600,5901.5,5901.75,5895.25,5897,13099
1748619900,5897,5903.25,5894.5,5902.75,10955
1748620200,5902.75,5905,5899.75,5903,9564
1748620500,5903.25,5906.5,5900.5,5901,8454
1748620800,5901.25,5902,5896.5,5898.5,9297
1748621100,5898.5,5906.75,5897.5,5906.5,7642
1748621400,5906.5,5907.75,5901.75,5903.75,8230
1748621700,5903.75,5905,5891.25,5894.25,14878
1748622000,5894.25,5896.25,5886.75,5889.5,12791
1748622300,5889.5,5891,5867.5,5871.75,35924
1748622600,5871.5,5872.5,5853.25,5862,44144
1748622900,5862.25,5874,5858.25,5872.5,34736
1748623200,5872.25,5876,5864.5,5866.5,19910
1748623500,5866.5,5869.25,5862.25,5865.75,13407
1748623800,5865.75,5865.75,5858,5859.25,13985
1748624100,5859.25,5865.25,5858.25,5865,11190
1748624400,5865,5872,5860.75,5871.5,16135
1748624700,5871.5,5881.75,5871,5880,15789
1748625000,5879.75,5880,5874.5,5875,12625
1748625300,5875,5879.75,5873,5878.75,11897
1748625600,5878.75,5881,5871.75,5877.75,10662
1748625900,5877.75,5880.25,5873.5,5880,7833
1748626200,5880,5883,5878.25,5880.75,8530
1748626500,5881,5886,5879.75,5883.5,11280
1748626800,5883.5,5885.25,5879,5879.25,6540
1748627100,5879.25,5882.75,5876.25,5881.75,9896
1748627400,5881.75,5888.75,5881.75,5886.5,10442
1748627700,5886.5,5887.25,5878.5,5879.75,8471
1748628000,5879.75,5888,5879.25,5886.75,11185
1748628300,5887,5895.75,5884.25,5894.25,13152
1748628600,5894.25,5897.75,5894,5895.5,10409
1748628900,5895.75,5907.5,5893.5,5906.5,25625
1748629200,5906.5,5907.5,5901.75,5905,14516
1748629500,5905,5908.5,5903.25,5904,11282
1748629800,5904,5907,5899.5,5899.5,12298
1748630100,5899.5,5906.25,5899,5904.75,8090
1748630400,5904.5,5905.5,5898.5,5900.25,8449
1748630700,5900.25,5905.75,5899.75,5905.25,7243
1748631000,5905.25,5910,5904,5907.5,9654
1748631300,5907.75,5909.75,5903.75,5908,8146
1748631600,5908.25,5917,5907,5915.25,13739
1748631900,5915.25,5921,5914.75,5915,19015
1748632200,5915.25,5918.75,5912,5917,16224
1748632500,5917,5925.75,5916.75,5923.25,14217
1748632800,5923.25,5925.5,5918.5,5924.75,13511
1748633100,5924.5,5931.25,5924.5,5928,15705
1748633400,5928,5928.25,5918.75,5925,17254
1748633700,5925,5932.75,5923.25,5925,17462
1748634000,5925,5925.25,5915.5,5920.75,21054
1748634300,5920.5,5924.25,5914.5,5923,17013
1748634600,5922.75,5929.75,5913.25,5916,38616
1748634900,5916,5932.5,5911.25,5914.75,145448
1748635200,5914.75,5924.75,5909.75,5910,50528
1748635500,5910,5914.5,5905.5,5914.25,15003
1748635800,5914.5,5917.25,5913,5916.75,7092
1748871000,5897.5,5915.75,5897,5913.75,31395
1748871300,5913.75,5917.75,5909.75,5917.25,18371
1748871600,5917.25,5917.25,5908.25,5912.75,14650
1748871900,5913.25,5914.75,5903,5904.5,20332
1748872200,5904.5,5904.75,5887.25,5892.5,31708
1748872500,5892.5,5896.25,5886,5887,20746
1748872800,5887.25,5888.5,5870.5,5879.25,36922
1748873100,5879.25,5892.5,5877,5889,23880
1748873400,5889,5892.25,5882.75,5889.5,16565
1748873700,5889.25,5896.5,5887.25,5890.5,17069
1748874000,5890.25,5904,5888.25,5899,17619
1748874300,5899.25,5906.75,5899,5906.5,15922
1748874600,5906.25,5915,5903.75,5913,19450
1748874900,5913.25,5916,5901.5,5904,27140
1748875200,5903.75,5908.5,5902.25,5906.25,11546
1748875500,5906.25,5911.25,5905.25,5909.25,10114
1748875800,5909.25,5912.75,5906.75,5907.75,8784
1748876100,5908,5915.5,5906.5,5914,9849
1748876400,5914,5916.75,5907.75,5910.5,18145
1748876700,5910.25,5914.25,5907,5908,13615
1748877000,5908.25,5916,5905.25,5913.5,12737
1748877300,5913.25,5914.25,5909.5,5911,7782
1748877600,5911.25,5913.5,5909.25,5911,6310
1748877900,5911.25,5912.5,5903.5,5905.75,9152
1748878200,5906,5907.75,5901.75,5902.25,9546
1748878500,5902.25,5907.25,5901.5,5904.25,8404
1748878800,5904.25,5911.75,5903.25,5911,7620
1748879100,5910.75,5914.75,5909.25,5913.75,8210
1748879400,5913.75,5921,5912.5,5919.75,14294
1748879700,5919.75,5921.25,5916,5918.75,8843
1748880000,5918.75,5920.25,5912,5915.75,11441
1748880300,5915.5,5917.25,5913.25,5917,7490
1748880600,5917,5918.75,5915.25,5917,5364
1748880900,5917,5918,5913.25,5917.5,6666
1748881200,5917.25,5918,5915.5,5916.5,4757
1748881500,5916.5,5916.75,5910.25,5914.5,7226
1748881800,5914.25,5917.25,5913,5917,6954
1748882100,5916.75,5918,5912.5,5916,6441
1748882400,5916,5917,5910.75,5912.25,5012
1748882700,5912,5916.75,5911.75,5913,4763
1748883000,5913,5922.5,5912.25,5922.25,7403
1748883300,5922.25,5922.25,5919.5,5920.5,5196
1748883600,5920.75,5925.75,5920,5922.5,10070
1748883900,5922.5,5926.5,5921.75,5926.25,6374
1748884200,5926.5,5927,5921.25,5921.25,6876
1748884500,5921.5,5924.75,5921,5923,5719
1748884800,5922.75,5923,5918.5,5922,7070
1748885100,5921.75,5923.25,5917.5,5919.25,6003
1748885400,5919.25,5923,5918.5,5920.25,6900
1748885700,5920,5922,5917.75,5921.25,5435
1748886000,5921.25,5921.5,5917.75,5919,5382
1748886300,5919,5919.75,5917,5917.75,5257
1748886600,5917.5,5918.25,5915.5,5917.75,5467
1748886900,5917.5,5922,5916.5,5920.25,6493
1748887200,5920.25,5923.75,5918.75,5920.5,9938
1748887500,5920.5,5923,5916,5919,11550
1748887800,5918.75,5925.25,5918.25,5923.5,9830
1748888100,5923.75,5933.25,5923.5,5929.25,16535
1748888400,5929.5,5938,5928.25,5933.5,18029
1748888700,5933.5,5936.75,5933,5936,9846
1748889000,5935.75,5939,5934,5934.5,9170
1748889300,5934.5,5936.5,5932.25,5935.25,6962
1748889600,5935.5,5937.75,5932.5,5936.5,9492
1748889900,5936.5,5937,5935.25,5935.25,3938
1748890200,5935.25,5938,5933.75,5937,5782
1748890500,5937,5940.5,5936,5939.25,6407
1748890800,5939.5,5942.5,5939,5941.25,7784
1748891100,5941.25,5942.75,5938.25,5940.25,8628
1748891400,5940.25,5942,5938.75,5939.25,6553
1748891700,5939.25,5940.75,5938.25,5939.75,7476
1748892000,5939.75,5948,5938.5,5946.25,13863
1748892300,5946,5946.25,5943.75,5944.75,10066
1748892600,5944.75,5944.75,5939.75,5940.5,12156
1748892900,5940.5,5942.75,5939,5940,8666
1748893200,5940.25,5942.5,5938.25,5940.25,9406
1748893500,5940,5942,5938.75,5940.25,8447
1748893800,5940.25,5944.25,5937.25,5939.5,21776
1748894100,5939.5,5949,5938.5,5947.25,49816
1748894400,5947,5953,5946.75,5950,33047
1748894700,5950.25,5951.75,5949,5950.75,7000
1748895000,5950.75,5951.75,5950,5951.5,4507
1748957400,5943.5,5952.25,5940.5,5944.75,36801
1748957700,5944.5,5947.25,5940.5,5942.75,19001
1748958000,5943,5952.75,5942,5950.25,20128
1748958300,5950.25,5952.25,5947.5,5949.75,13965
1748958600,5949.75,5950.75,5945.5,5948,11093
1748958900,5947.75,5949.75,5943.75,5944.5,11412
1748959200,5944.5,5953.5,5944,5949,17196
1748959500,5949,5952.5,5938.25,5946.5,18863
1748959800,5946.75,5950.75,5944.25,5949.5,12509
1748960100,5949.75,5955.5,5948.75,5954,14743
1748960400,5954,5955.75,5951.75,5953.5,11965
1748960700,5953.5,5959.25,5951.25,5959,14736
1748961000,5959,5959,5952.75,5954,12856
1748961300,5953.75,5957.25,5951.75,5956.25,11512
1748961600,5956,5957.5,5954.5,5957.25,7609
1748961900,5957.25,5960.5,5956.75,5959.25,11033
1748962200,5959.5,5962.75,5957.75,5961.5,11799
1748962500,5961.75,5964.5,5959.75,5963.75,11021
1748962800,5964,5968.5,5963.75,5966,15400
1748963100,5966,5968.75,5963.75,5966,12475
1748963400,5966.25,5967.5,5965,5967,9112
1748963700,5967,5968,5965,5967.5,7189
1748964000,5967.5,5972,5967,5970.75,15810
1748964300,5970.75,5971.75,5968.75,5970.25,10808
1748964600,5970,5972,5968.75,5970.5,9111
1748964900,5970.75,5973.75,5970.25,5973.5,10020
1748965200,5973.25,5975,5971.5,5973.5,9237
1748965500,5973.5,5976.25,5972.25,5973,12071
1748965800,5973,5974,5970.5,5973.25,9865
1748966100,5973.25,5977.5,5972,5976.75,6886
1748966400,5977,5977.25,5974.5,5975.75,8410
1748966700,5975.75,5977.25,5972.75,5973.5,6907
1748967000,5973.75,5977.5,5973.25,5977.25,5772
1748967300,5977.5,5983,5977.25,5982.25,11371
1748967600,5982.25,5982.25,5977.75,5980.75,11355
1748967900,5980.75,5981.25,5979.25,5981.25,5337
1748968200,5981,5985,5980.5,5984,10867
1748968500,5983.75,5987.25,5983.5,5984.75,9211
1748968800,5984.5,5985,5983,5984.75,6332
1748969100,5984.75,5985,5983,5984,4667
1748969400,5984.25,5986.5,5984.25,5985,4854
1748969700,5985.25,5986.75,5984.5,5985.25,3757
1748970000,5985.5,5985.75,5982.75,5985,6679
1748970300,5985.25,5987.75,5984.75,5986.25,5967
1748970600,5986.5,5988.75,5986.25,5988.5,5761
1748970900,5988.5,5990.5,5987.75,5989,6834
1748971200,5989.25,5991.25,5988.25,5989.75,5973
1748971500,5989.75,5990.5,5987.25,5988,7898
1748971800,5988,5989.25,5985.75,5987.75,9254
1748972100,5987.75,5990,5986.75,5989.25,6292
1748972400,5989.25,5990,5985.25,5987.25,11283
1748972700,5987.25,5988.25,5984.25,5984.75,5843
1748973000,5984.5,5986,5982,5985,10789
1748973300,5985,5985.75,5980.75,5981.25,8590
1748973600,5981.5,5982.25,5970.25,5978.75,25565
1748973900,5978.5,5979.25,5973.5,5975.75,12486
1748974200,5975.5,5976.25,5968.25,5972,24379
1748974500,5972,5976.25,5969.75,5975.75,10812
1748974800,5975.75,5978.25,5975.25,5976.75,9499
1748975100,5976.75,5982.5,5975.5,5982,9176
1748975400,5981.75,5984,5981.5,5983,8286
1748975700,5982.75,5983,5979.25,5981.75,7747
1748976000,5981.75,5984,5980.5,5983.75,5819
1748976300,5983.75,5985,5983,5983.75,7544
1748976600,5983.75,5984.5,5980,5982.25,7190
1748976900,5982,5983.75,5981,5983.5,5750
1748977200,5983.5,5985.5,5981.5,5982.25,9257
1748977500,5982.25,5983.25,5980.75,5983,6115
1748977800,5983,5983,5978,5980.5,14126
1748978100,5980.5,5983,5979.75,5982,7279
1748978400,5982,5982.5,5979.75,5980.75,7280
1748978700,5981,5983,5978,5982.5,8396
1748979000,5982.75,5984.5,5980.75,5982.25,8068
1748979300,5982.25,5984.75,5982,5983,8947
1748979600,5983,5984,5978,5979.5,11862
1748979900,5979.25,5980.75,5973.5,5975.25,17986
1748980200,5975.5,5982.5,5972.5,5979.75,25593
1748980500,5979.75,5985.5,5978,5981.5,67984
1748980800,5981.75,5982.25,5976.75,5978.25,25505
1748981100,5978.25,5978.25,5976,5976.75,5685
1748981400,5976.75,5978.75,5976.5,5977.75,3028
1749043800,5989.25,5995.75,5987.5,5995,26018
1749044100,5995,5998.75,5993,5997.25,19007
1749044400,5997.25,5998.75,5992.5,5993,13905
1749044700,5993,5998,5992.75,5997.5,13375
1749045000,5997.5,5997.75,5991.25,5993.25,18963
1749045300,5993.25,5995.75,5991.25,5995,10906
1749045600,5994.75,5994.75,5983.5,5986,34623
1749045900,5986,5987.75,5974.25,5982.75,31986
1749046200,5983,5988.75,5982.75,5987.5,21150
1749046500,5987.25,5992.5,5985.75,5990.25,19667
1749046800,5990.5,5992,5987,5990.25,14094
1749047100,5990.25,5996.5,5990.25,5995.25,17347
1749047400,5995,5997.25,5993.25,5994.5,12854
1749047700,5994.5,5997,5990,5992.5,13136
1749048000,5992.25,5993.75,5987.25,5989.25,14993
1749048300,5989.25,5993.5,5986.25,5991.5,12011
1749048600,5991.5,5991.5,5986.25,5990.5,11963
1749048900,5990.75,5995,5989,5994.75,8891
1749049200,5994.5,5996,5992.75,5994.75,9404
1749049500,5994.75,5998.25,5993.75,5996.75,9640
1749049800,5996.5,5998.25,5994.25,5994.75,7081
1749050100,5994.75,5996.5,5991.5,5993.5,10156
1749050400,5993.75,5994.75,5990.75,5992.75,10760
1749050700,5992.75,5993.5,5989.25,5989.25,9051
1749051000,5989.25,5991.5,5987,5989.5,13291
1749051300,5989.75,5991.75,5987.5,5990.5,7912
1749051600,5990.5,5993.5,5983.25,5985,15780
1749051900,5985,5991.5,5984.25,5988.5,16253
1749052200,5988.25,5992.5,5988.25,5990,8960
1749052500,5990,5990.75,5986,5988,6796
1749052800,5988,5989,5984.25,5985.25,8723
1749053100,5985.25,5986.5,5983,5984.25,9616
1749053400,5984,5984.75,5977,5977.75,14305
1749053700,5978,5983.75,5977.5,5983.25,12302
1749054000,5983.25,5983.5,5979,5980.75,7268
1749054300,5981,5983,5978.25,5978.25,8497
1749054600,5978.5,5983.25,5978,5980.25,8697
1749054900,5980.25,5982,5979,5980.75,5974
1749055200,5980.75,5984.25,5980.75,5984,6569
1749055500,5984,5987.75,5983.75,5987.25,7647
1749055800,5987,5987.5,5985,5986,6120
1749056100,5986,5987.75,5985.5,5986.75,5306
1749056400,5986.75,5991.25,5986.75,5990.5,7668
1749056700,5990.25,5991.5,5990,5991,4375
1749057000,5991,5993.25,5990.75,5991.75,6339
1749057300,5992,5993,5990.25,5991.25,4761
1749057600,5991.25,5993,5991,5991.5,4983
1749057900,5991.75,5993.75,5991.5,5992.5,4146
1749058200,5992.5,5993.5,5990.5,5992.5,5428
1749058500,5992.75,5995.25,5992,5992.25,6433
1749058800,5992.5,5993.5,5989.75,5992.75,8555
1749059100,5993,5995.25,5992.25,5994.75,5553
1749059400,5994.75,5995.25,5993,5994,3683
1749059700,5994.25,5996.25,5993.75,5995,4304
1749060000,5995.25,5998,5995,5996.75,6748
1749060300,5996.75,5999,5994,5995,8653
1749060600,5995,5996.25,5993,5994.25,6423
1749060900,5994.5,5995.75,5993.5,5994.75,4111
1749061200,5994.5,5997.25,5994.5,5995.25,4809
1749061500,5995,5995.75,5992.25,5995.5,7001
1749061800,5995.25,5996.25,5991.75,5992.5,6569
1749062100,5992.75,5994.25,5991.25,5993.25,4569
1749062400,5993.25,5994.75,5992.25,5994.25,3944
1749062700,5994.25,5994.25,5990.25,5991.25,5627
1749063000,5991.5,5991.5,5987.5,5990.75,12645
1749063300,5991,5991,5988.5,5989.5,4209
1749063600,5989.5,5991.75,5988.5,5991,7132
1749063900,5990.75,5991,5987,5987.5,6878
1749064200,5987.5,5991,5987.25,5990.25,6161
1749064500,5990,5990.25,5986.5,5988.5,9128
1749064800,5988.5,5991,5987.5,5989.25,8772
1749065100,5989.25,5990,5988.25,5989.75,4520
1749065400,5989.5,5992,5988.25,5988.5,9772
1749065700,5988.25,5989.5,5987,5987.25,6161
1749066000,5987.25,5988,5983.5,5986.5,15832
1749066300,5986.5,5988.75,5983.75,5984.75,10747
1749066600,5984.75,5984.75,5980,5982.25,26083
1749066900,5982.25,5984.5,5978,5978.25,59774
1749067200,5978.25,5979,5975.75,5978.75,20288
1749067500,5979,5980.25,5976.75,5978.25,4696
1749067800,5978.25,5979.75,5977.75,5978.5,3190
1749130200,5995,5997.75,5978.75,5984.25,34636
1749130500,5984.25,5985,5970.75,5974.25,17722
1749130800,5974.25,5981.25,5971.25,5977.25,16905
1749131100,5977,5977.75,5962.25,5970.5,25684
1749131400,5970.75,5974.25,5963.5,5968,16537
1749131700,5968,5969.75,5957.5,5961.25,19787
1749132000,5961.5,5967.25,5960.75,5964.5,17717
1749132300,5964.75,5971.25,5960,5960.25,15053
1749132600,5960.25,5968,5960,5965.25,9513
1749132900,5965,5968.25,5962.25,5964.25,8523
1749133200,5964.25,5976.5,5964.25,5975,13743
1749133500,5975,5980.75,5975,5980,15380
1749133800,5980.25,5981.75,5968.25,5968.75,15705
1749134100,5968.75,5981.75,5958,5978,37209
1749134400,5978,5993.75,5969.75,5984.25,41450
1749134700,5984,5994.75,5979,5981,24902
1749135000,5980.75,5986,5978,5985.75,12860
1749135300,5985.75,5993.25,5984.25,5991.5,11474
1749135600,5991.5,5995,5991.25,5994.5,10292
1749135900,5994.75,5994.75,5989.25,5993,11976
1749136200,5993.25,5995.5,5992,5994,6830
1749136500,5994,6004.5,5993.5,6002.25,17909
1749136800,6002.5,6004.75,6001.75,6003.5,10049
1749137100,6003.5,6006.25,6000.75,6005.25,10555
1749137400,6005,6006.5,6004,6004.5,8364
1749137700,6004.5,6005.5,6001.75,6004.25,8397
1749138000,6004.25,6006.5,6002,6004.75,8636
1749138300,6004.75,6005,6000.25,6002,7454
1749138600,6002,6005.25,6000.75,6003.25,7097
1749138900,6003.25,6009,6002,6006.5,12386
1749139200,6006.25,6008.25,6004.75,6007.75,8667
1749139500,6007.75,6008.25,6001.75,6003.25,8855
1749139800,6003.25,6004.25,5998.5,5999,9079
1749140100,5999,6000,5988.75,5995.5,22619
1749140400,5995.25,5999,5993,5995,10954
1749140700,5995,5998.25,5993,5997.5,9310
1749141000,5997.5,5998.5,5994,5995.25,7460
1749141300,5995,5996.25,5988.5,5990.5,8628
1749141600,5990.5,5992.5,5987,5987.5,10080
1749141900,5987.5,5987.5,5967.25,5971,39836
1749142200,5971,5975,5960.75,5971,31487
1749142500,5971.25,5973.25,5965.5,5965.75,17659
1749142800,5966,5971,5961.25,5967.75,20200
1749143100,5967.75,5976,5966,5974.75,14074
1749143400,5974.5,5979.5,5973.75,5979.5,12159
1749143700,5979.25,5982.5,5979,5979.5,10306
1749144000,5979.5,5984.75,5979.25,5983,9076
1749144300,5982.75,5985,5981,5982.75,9222
1749144600,5982.75,5987.25,5982.5,5985.5,8246
1749144900,5985.5,5987.75,5984.75,5986.5,6882
1749145200,5986.5,5988,5985.25,5986.75,7959
1749145500,5986.75,5987.75,5982.75,5984.5,11141
1749145800,5984.5,5986,5981.25,5983.25,10515
1749146100,5983.25,5983.5,5975,5976.5,12678
1749146400,5976.75,5978.5,5968.75,5970,22106
1749146700,5969.75,5970.5,5963.75,5967.5,21531
1749147000,5967.75,5969,5963,5966.25,14763
1749147300,5966,5966,5948.75,5963.25,32926
1749147600,5963.5,5972,5962.25,5971.25,14027
1749147900,5971.5,5973,5969,5971.5,9992
1749148200,5971.75,5975.25,5970.5,5975,9944
1749148500,5975,5979.25,5969,5976.75,21309
1749148800,5976.75,5977.25,5970,5974.5,10298
1749149100,5974.5,5978,5973,5973.75,6956
1749149400,5973.5,5976.75,5972,5973.75,7920
1749149700,5973.5,5977.75,5969.5,5971,10356
1749150000,5970.75,5973.5,5965.75,5967.75,11892
1749150300,5967.75,5971,5966.25,5968.5,8558
1749150600,5968.25,5971.25,5954.75,5956.25,19746
1749150900,5956.5,5960.25,5928.75,5936.75,45819
1749151200,5936.5,5940.25,5929.75,5932,31416
1749151500,5932,5947,5930.25,5942.75,21079
1749151800,5942.75,5951.5,5942.25,5949.75,17782
1749152100,5950,5965.5,5949.25,5962.5,24098
1749152400,5962.75,5965,5952.5,5956.25,17505
1749152700,5956.25,5963,5955.25,5961.75,15039
1749153000,5961.75,5964.75,5944,5944.75,29096
1749153300,5944.75,5950,5940,5947.75,69615
1749153600,5948,5954.25,5947.5,5952.75,17943
1749153900,5953,5955.5,5949.5,5954.25,4491
1749154200,5954.5,5954.5,5949.5,5950.25,4096
1749216600,6002.75,6008.25,6000.25,6007,32652
1749216900,6007,6014.25,6005,6013.25,22821
1749217200,6013.25,6022.25,6013,6020.75,25538
1749217500,6020.75,6025,6019.25,6021.75,25429
1749217800,6021.75,6022.25,6016.25,6018.5,22230
1749218100,6018.5,6020,6012.75,6019.5,25649
1749218400,6019.75,6021.5,6012.5,6013.75,22235
1749218700,6014,6018.5,6013.75,6017.5,14915
1749219000,6017.5,6019,6010.25,6016,16485
1749219300,6016,6017.25,6011.75,6012.75,15096
1749219600,6012.5,6017.5,6011.5,6016.25,13224
1749219900,6016.25,6016.75,6005,6008.25,22459
1749220200,6008,6009.5,6002.75,6007.5,16992
1749220500,6007.25,6012.5,6006.5,6012.25,9266
1749220800,6012,6016,6011.25,6013.25,10731
1749221100,6013,6014.25,6009.75,6013.75,8880
1749221400,6013.75,6015,6012,6012.75,6016
1749221700,6013,6013.75,6007.75,6009.5,9907
1749222000,6009.5,6013,6008.5,6012.75,8291
1749222300,6012.5,6020.25,6012,6016.5,25153
1749222600,6016.5,6017,6011.75,6014.25,9553
1749222900,6014,6014.5,5992.75,5996.25,29136
1749223200,5996.25,6000.5,5988.75,5999.5,30259
1749223500,5999.5,6003,5997.5,6001,11579
1749223800,6001,6003.75,5997,6000.25,13883
1749224100,6000.25,6001,5995.75,5998.75,10657
1749224400,5998.75,6003,5997.25,6001.25,8802
1749224700,6001.5,6006,6000,6005.75,10158
1749225000,6005.75,6008.5,6005.25,6006.25,8501
1749225300,6006,6007.5,5999.5,6003.25,9852
1749225600,6003.5,6006,6002.5,6004.75,7134
1749225900,6004.5,6006.5,6004,6006.25,4763
1749226200,6006,6010.25,6005.25,6008,7690
1749226500,6008,6008,6003.5,6004.5,8570
1749226800,6004.75,6006.25,6000.5,6002.5,9002
1749227100,6002.75,6003.75,6000.25,6002.25,6437
1749227400,6002,6005.25,6001.5,6002.75,6356
1749227700,6003,6003,5998,5998.75,9721
1749228000,5998.75,6001.25,5991.25,5994.75,12931
1749228300,5994.5,5998,5992.75,5997,7860
1749228600,5997.25,5997.75,5989.5,5991,10327
1749228900,5991,5992.75,5984.5,5992.25,19116
1749229200,5992.25,5994.25,5990.25,5991.5,9082
1749229500,5991.25,5992.5,5987.25,5990,8448
1749229800,5990,5993.5,5987.25,5992.75,6752
1749230100,5992.5,5998.5,5990.75,5998.25,7670
1749230400,5998,6002.25,5998,6000,8396
1749230700,6000.25,6000.5,5997,5998,6841
1749231000,5998.25,6002,5998.25,6000.25,6795
1749231300,6000.5,6003,5999,6002.5,5333
1749231600,6002.5,6004.25,6000.75,6003.75,6386
1749231900,6004,6005.5,6003.75,6004.75,4773
1749232200,6004.75,6006.25,6003.25,6004,5584
1749232500,6004.25,6006.75,6004,6005.5,4519
1749232800,6005.75,6014.75,6005.5,6013.25,16888
1749233100,6013.25,6015,6011.25,6014.75,8788
1749233400,6014.75,6015.25,6012.75,6013.5,6587
1749233700,6013.5,6017,6013.25,6016.25,7751
1749234000,6016.5,6017.75,6013.25,6015.25,8508
1749234300,6015.25,6015.5,6011.5,6012.25,9892
1749234600,6012.25,6020.75,6012.25,6018.5,20961
1749234900,6018.75,6019.75,6014.75,6015.5,9566
1749235200,6015.75,6017.75,6012.5,6014.25,9015
1749235500,6014.5,6015,6011.75,6013.5,6306
1749235800,6013.5,6015.75,6011,6015.5,7320
1749236100,6015.5,6017,6013.5,6013.5,6766
1749236400,6013.5,6016.25,6012.75,6014.75,9663
1749236700,6014.75,6017.25,6012.75,6013,5429
1749237000,6013,6015.25,6011,6013,7539
1749237300,6013.25,6013.5,6010.5,6011.5,6494
1749237600,6011.25,6011.25,6008,6009.5,10968
1749237900,6009.25,6014,6009,6009.75,8888
1749238200,6009.75,6012.75,6008,6009.75,11279
1749238500,6009.5,6012.5,6007.5,6008,9918
1749238800,6007.75,6009.75,6006.25,6009.75,9888
1749239100,6009.5,6012.25,6006.5,6008.25,12966
1749239400,6008.25,6015.25,6007.5,6013.5,22436
1749239700,6013.25,6013.5,6005.25,6006.5,62246
1749240000,6006.75,6009.25,6004.5,6005.75,19807
1749240300,6005.75,6007.5,6005.5,6007.25,3900
1749240600,6007.25,6008.75,6006,6008.25,3902
1749475800,6012.75,6015.25,6001.25,6001.5,27582
1749476100,6001.75,6006,6000,6003.5,18017
1749476400,6003.75,6008.75,6003,6007,14719
1749476700,6007,6009.75,6005,6009.5,13227
1749477000,6009.5,6010,6007,6009.25,8060
1749477300,6009.25,6009.75,6004,6004.5,8228
1749477600,6004.5,6009.25,6003,6005.5,10632
1749477900,6005.25,6007.75,6005.25,6007,7813
1749478200,6006.75,6012,6006.5,6011.5,11976
1749478500,6011.25,6013.25,6009,6011.5,7574
1749478800,6011.5,6014.75,6011.5,6013.5,9056
1749479100,6013.25,6015,6012,6012.25,7591
1749479400,6012.5,6019.5,6011.25,6015.75,22078
1749479700,6015.75,6016.25,6012.25,6014.25,10548
1749480000,6014.5,6015.25,6009.25,6009.75,9100
1749480300,6009.75,6010.25,6006.5,6007.75,10764
1749480600,6007.5,6010.75,6005.5,6008,8069
1749480900,6008,6010.5,6007.5,6010.25,5617
1749481200,6010.5,6013,6010,6011.25,6916
1749481500,6011.5,6014,6011.25,6013.25,5357
1749481800,6013.25,6014,6010.25,6010.75,4885
1749482100,6010.5,6012.25,6007.5,6009.25,6986
1749482400,6009,6011.5,6006.25,6009.5,7245
1749482700,6009.25,6009.75,6005.75,6007.25,5875
1749483000,6007.5,6010.75,6007.25,6009.75,6047
1749483300,6009.5,6012.5,6009.5,6012.25,5495
1749483600,6012.25,6013,6010.25,6011.5,5931
1749483900,6011.75,6013.25,6010.5,6012,5921
1749484200,6012,6015.25,6012,6014.5,5301
1749484500,6014.75,6015.5,6013,6014,4313
1749484800,6014,6015.5,6012,6014,5864
1749485100,6014,6015,6009,6011.25,7374
1749485400,6011.5,6014.25,6010.25,6013.75,5952
1749485700,6013.75,6014,6011.25,6013.25,3305
1749486000,6013.5,6015.5,6012.5,6015,3735
1749486300,6015,6015.5,6012.75,6013.25,4611
1749486600,6013.25,6016.5,6013,6016.25,3856
1749486900,6016,6017.5,6015.25,6016.75,5538
1749487200,6017,6018.75,6015.75,6018.5,5375
1749487500,6018.75,6020.75,6017.75,6019.25,6824
1749487800,6019.5,6026.5,6019.25,6024.75,17423
1749488100,6025,6025,6020.75,6022,7586
1749488400,6022.25,6023.75,6020.75,6023,5870
1749488700,6023.25,6025.5,6022.75,6023.25,6168
1749489000,6023.5,6024.25,6020.25,6022.25,7595
1749489300,6022.25,6022.5,6016.25,6018.5,9154
1749489600,6018.5,6021.5,6017.25,6021.5,6952
1749489900,6021.5,6026.75,6021.5,6024,10695
1749490200,6023.75,6024,6021,6022,6741
1749490500,6022,6024.5,6021.25,6023.75,4176
1749490800,6023.75,6025.75,6023,6025.75,5112
1749491100,6025.75,6026,6024.25,6024.5,4038
1749491400,6024.75,6027.5,6024.75,6026.5,5445
1749491700,6026.25,6027,6024,6024.75,4780
1749492000,6024.75,6026.25,6023.5,6024,5140
1749492300,6024,6025.25,6022.75,6023.75,5238
1749492600,6023.75,6026.25,6023.75,6025.75,3382
1749492900,6025.75,6026.75,6024.5,6025.5,3088
1749493200,6025.25,6027,6025,6026,3273
1749493500,6026.25,6027.75,6025.25,6026,4304
1749493800,6025.75,6027,6025,6025.25,4751
1749494100,6025.5,6026.25,6020,6021,7112
1749494400,6021.25,6022.25,6018.75,6021.75,8222
1749494700,6021.75,6024.75,6021.25,6023.25,5612
1749495000,6023.25,6024.25,6022.5,6024,4482
1749495300,6024,6027.5,6023.75,6025.25,6426
1749495600,6025,6026.75,6024.5,6025.25,4267
1749495900,6025.5,6026,6022.5,6024,5750
1749496200,6024,6025.5,6021,6021.5,5173
1749496500,6021.5,6022.5,6020.25,6021.5,5868
1749496800,6021.25,6021.75,6018.25,6020,9832
1749497100,6019.75,6021.25,6018.5,6020.5,7213
1749497400,6020.5,6020.75,6017.5,6019,7623
1749497700,6019,6022.5,6018.75,6019.25,8360
1749498000,6019,6019.75,6016,6017,11828
1749498300,6017,6018.25,6014,6018,11322
1749498600,6017.75,6022,6014.25,6014.25,24029
1749498900,6014.25,6018.75,6008.5,6010,84032
1749499200,6010,6012.25,6007.5,6009.5,20242
1749499500,6009.75,6011,6008.75,6009,4754
1749499800,6009,6009.25,6007,6009.25,4262
1749562200,6016.25,6023.75,6016.25,6017.5,23317
1749562500,6017.5,6024,6016.5,6022.5,12936
1749562800,6022.5,6024,6015.75,6019,16217
1749563100,6019.25,6022.75,6017.25,6021.75,10180
1749563400,6022,6025.5,6018.5,6019.75,13788
1749563700,6019.5,6021,6017.25,6019.75,11794
1749564000,6020,6023,6019.25,6021.25,10654
1749564300,6021.5,6023.25,6020,6020.75,8376
1749564600,6021,6025.25,6020.75,6023.75,11648
1749564900,6023.5,6026.5,6023.25,6025,9994
1749565200,6025,6027,6022.75,6026.5,9530
1749565500,6026.5,6026.75,6023.25,6026,9140
1749565800,6026.25,6027,6024.25,6025.25,8011
1749566100,6025.25,6027,6024.5,6026.75,6306
1749566400,6026.75,6030.75,6026,6029.75,12773
1749566700,6029.75,6030.5,6027.75,6029,10387
1749567000,6029,6030.5,6027.5,6029.25,7014
1749567300,6029.5,6029.5,6024.5,6025,11152
1749567600,6025,6028.25,6023.5,6028,10055
1749567900,6028,6029.5,6024.5,6024.5,6619
1749568200,6024.5,6027.5,6023,6026.25,6579
1749568500,6026.25,6028,6025,6027.25,4697
1749568800,6027.25,6027.75,6024.75,6025.75,5829
1749569100,6025.5,6028.75,6025,6026,9194
1749569400,6025.75,6026,6005,6014.5,41175
1749569700,6014.5,6018.75,6013,6018.75,20685
1749570000,6018.5,6022.5,6017.25,6022,9766
1749570300,6022,6024,6020.75,6023,7482
1749570600,6022.75,6026.75,6022.75,6025.75,9807
1749570900,6025.75,6027.25,6025,6027,6829
1749571200,6027,6034.25,6026.5,6030.5,16783
1749571500,6030.25,6032.25,6029.75,6030.25,6264
1749571800,6030.5,6032,6028,6030.25,6149
1749572100,6030.25,6031.5,6029,6030.5,4740
1749572400,6030.75,6032.5,6029.75,6031.75,3548
1749572700,6032,6034.5,6031,6033.25,7261
1749573000,6033.25,6034.5,6032.5,6034,4638
1749573300,6034.25,6035.25,6032.75,6034.25,5982
1749573600,6034.5,6034.5,6031.75,6032,4716
1749573900,6032.25,6035.25,6032.25,6033.75,4425
1749574200,6033.75,6037,6033.75,6036.5,6704
1749574500,6036.75,6037.5,6035.5,6036,5949
1749574800,6036.25,6036.75,6032.25,6033.25,6797
1749575100,6033.25,6036,6031.75,6035.5,5392
1749575400,6035.5,6041.25,6035.5,6039.5,10553
1749575700,6039.5,6040.25,6036.25,6036.75,6728
1749576000,6036.5,6038.5,6036.25,6036.75,4329
1749576300,6036.5,6037.25,6032.75,6033.75,7149
1749576600,6033.75,6034,6031.5,6033.5,7404
1749576900,6033.5,6034.75,6032.25,6033,4583
1749577200,6033,6033,6029.75,6031.5,7217
1749577500,6031.25,6031.75,6028.5,6029.75,4994
1749577800,6029.75,6032,6029.5,6030.5,5425
1749578100,6030.5,6031.25,6027,6027.5,5976
1749578400,6027.75,6027.75,6015.25,6021.25,29601
1749578700,6021.25,6025.25,6017.5,6024,10503
1749579000,6024,6024.25,6020,6022,5101
1749579300,6021.75,6025,6021.5,6023.75,4637
1749579600,6024,6025.75,6021.75,6025,4768
1749579900,6025,6025.25,6021.25,6023.5,5183
1749580200,6023.5,6025.75,6022.75,6025.25,5307
1749580500,6025,6028.5,6025,6027.25,6373
1749580800,6027,6028.25,6026.25,6027.75,4802
1749581100,6027.75,6029,6027.25,6028.25,3861
1749581400,6028,6033.75,6028,6033.5,7848
1749581700,6033.5,6044.5,6033.25,6038.75,27857
1749582000,6038.5,6044.75,6038.5,6043.5,11901
1749582300,6043.5,6049.5,6043.25,6045.5,16924
1749582600,6045.5,6046.5,6042.75,6044,8071
1749582900,6043.75,6044.25,6037.5,6040.75,12510
1749583200,6041,6043.5,6039.5,6042.25,7318
1749583500,6042.25,6042.75,6040.25,6041,4909
1749583800,6040.75,6041.25,6036,6038.75,9137
1749584100,6038.75,6039,6034.25,6036.25,8958
1749584400,6036.5,6037.75,6030.25,6035.25,12367
1749584700,6035.25,6036.5,6032.75,6033.75,9221
1749585000,6033.75,6039.75,6032,6038,20809
1749585300,6038.25,6047.25,6037.25,6045,58361
1749585600,6045.25,6045.75,6039,6040,23401
1749585900,6040.25,6040.75,6039.25,6040,3967
1749586200,6040.25,6040.25,6037.5,6037.5,3535
1749648600,6055.5,6056.25,6042,6044.25,37795
1749648900,6044.25,6049.75,6041.25,6048,22580
1749649200,6047.75,6050,6044.5,6045.5,23959
1749649500,6045.5,6046.25,6035.75,6044.25,27324
1749649800,6044.5,6052.5,6043.75,6050,17106
1749650100,6050,6053,6047.5,6050.25,15476
1749650400,6050.25,6053,6047.5,6049.75,16458
1749650700,6049.75,6053.5,6046.5,6053.25,17276
1749651000,6053.25,6055.25,6051.5,6055.25,13393
1749651300,6055.25,6059.75,6053.75,6059,17741
1749651600,6059.25,6060.75,6057.25,6060,13979
1749651900,6060,6062.75,6059.5,6061.5,12907
1749652200,6061.5,6062,6058.5,6062,15553
1749652500,6062,6062.25,6059,6060.75,8943
1749652800,6061,6061.75,6057.75,6061.75,9188
1749653100,6061.75,6063.75,6060.25,6060.5,8502
1749653400,6060.5,6063.5,6060.25,6062.75,6517
1749653700,6062.75,6064.75,6060.5,6061.25,7955
1749654000,6061.5,6064.25,6060.75,6064,6677
1749654300,6064,6064,6050.75,6051.5,23788
1749654600,6051.25,6059.25,6048.75,6056.75,20821
1749654900,6057,6062,6056.75,6061,8677
1749655200,6060.75,6061,6058.5,6060.5,6593
1749655500,6060.5,6060.75,6055.25,6056.5,9393
1749655800,6056.5,6057.25,6054,6055.75,8953
1749656100,6055.5,6058.5,6054,6054.75,8617
1749656400,6054.5,6055.75,6050.75,6051.5,9555
1749656700,6051.5,6054.25,6046,6050.75,13551
1749657000,6050.5,6056.25,6049.5,6055.75,9684
1749657300,6055.75,6055.75,6048.5,6049.75,12083
1749657600,6050,6052.75,6046.25,6047.5,12849
1749657900,6047.5,6048,6038.25,6044,21646
1749658200,6044,6044.5,6036.25,6041.75,18026
1749658500,6041.75,6044,6036.25,6038,11393
1749658800,6038,6040.5,6033.5,6039.5,15589
1749659100,6039.5,6046.5,6039,6046.25,9435
1749659400,6046,6049.5,6045.75,6046.75,9468
1749659700,6046.75,6047.25,6041.5,6042.5,11274
1749660000,6042.75,6045.75,6041.25,6044.75,8574
1749660300,6044.5,6049.75,6043,6047.75,8672
1749660600,6047.75,6050,6045.25,6047,7003
1749660900,6046.75,6049,6046.25,6048.25,5470
1749661200,6048,6055,6046.5,6054.5,10055
1749661500,6054.5,6056.5,6052,6056.25,10800
1749661800,6056.25,6057,6053,6053.5,7514
1749662100,6053.5,6056,6051.75,6054,6381
1749662400,6054.25,6056.75,6053.5,6056.25,4063
1749662700,6056.25,6058.5,6056.25,6057.5,5635
1749663000,6057.75,6058.5,6053.25,6053.75,8089
1749663300,6053.75,6054.25,6050.5,6053,7714
1749663600,6052.75,6055,6045.5,6051,10962
1749663900,6051,6051.25,6044.5,6045,11400
1749664200,6045.25,6046.75,6042.25,6045.25,10797
1749664500,6045.25,6047.5,6037.5,6039,15715
1749664800,6039,6041.75,6017.5,6024.5,38890
1749665100,6024.5,6033,6022.5,6030.5,23518
1749665400,6030.75,6030.75,6017.75,6017.75,24277
1749665700,6018,6019,6006.25,6017,41023
1749666000,6016.75,6024.25,6015.75,6022.75,19711
1749666300,6022.75,6026.5,6018.25,6021,16565
1749666600,6021,6029,6012.25,6025.75,31684
1749666900,6025.75,6032,6022.75,6030.25,14548
1749667200,6030,6034.5,6027.25,6033.75,11258
1749667500,6033.5,6035.5,6032.25,6034.75,8518
1749667800,6034.75,6034.75,6026.25,6027.5,12623
1749668100,6027.5,6028,6020.5,6022.25,16469
1749668400,6022,6023.75,6016,6018.75,15766
1749668700,6018.75,6022.5,6013,6021.25,14525
1749669000,6021.25,6023.75,6018.25,6022.5,10872
1749669300,6022.25,6023.5,6015.25,6016,12487
1749669600,6015.75,6024,6014.75,6022.75,11188
1749669900,6022.75,6025.25,6015.75,6018.5,21258
1749670200,6018.75,6023.75,6011.75,6011.75,13887
1749670500,6011.75,6021.5,6011,6019.25,14418
1749670800,6019.5,6022.5,6016.5,6021,12013
1749671100,6021.25,6024.75,6016.75,6017.25,14586
1749671400,6017.5,6026,6016.5,6023.25,24811
1749671700,6023,6030.5,6022,6028.5,75165
1749672000,6028.5,6029,6024.75,6028.25,18588
1749672300,6028,6030.25,6026.5,6028.5,4926
1749672600,6028.75,6030.5,6028,6029.5,3149
1749735000,6014,6020.25,6009.75,6010.75,36568
1749735300,6011,6018.75,6008.5,6017,20490
1749735600,6016.75,6022,6016,6020.75,14125
1749735900,6020.75,6023.25,6017.5,6022.75,13664
1749736200,6022.5,6026.25,6019.75,6023.75,17050
1749736500,6023.75,6023.75,6017,6021,15551
1749736800,6021,6024.75,6019.75,6022.5,12959
1749737100,6022.25,6030.25,6021,6028.25,20298
1749737400,6028,6033,6027.5,6032.5,12079
1749737700,6032.5,6037.25,6031.5,6035.75,17587
1749738000,6035.75,6038.5,6034.25,6036,12877
1749738300,6036,6040.25,6033.25,6038.5,15859
1749738600,6038.75,6041,6037.25,6039.75,11010
1749738900,6039.75,6044,6038,6042.75,13696
1749739200,6042.75,6045,6042.25,6043.25,11509
1749739500,6043.25,6045,6042.5,6044,8215
1749739800,6044.25,6044.25,6041.5,6042,11163
1749740100,6042.25,6043,6039.5,6040,8909
1749740400,6040.25,6050,6040.25,6048.75,21170
1749740700,6048.75,6049,6044.75,6045.75,10137
1749741000,6045.75,6046.5,6043,6045.75,9318
1749741300,6045.75,6046.75,6038,6040,22577
1749741600,6040.25,6041.25,6029,6033.5,33744
1749741900,6033.25,6038.75,6030.75,6038,20319
1749742200,6038,6039.75,6033.25,6036.25,16733
1749742500,6036.25,6039,6033.5,6034.75,10052
1749742800,6035,6038.5,6034.25,6037.25,6888
1749743100,6037,6037.5,6032,6033.5,9619
1749743400,6033.5,6036.25,6030.75,6036,9166
1749743700,6036,6039.25,6034.5,6038.25,7247
1749744000,6038,6041.75,6032.5,6034.5,12563
1749744300,6034.5,6041.25,6033.5,6040,15682
1749744600,6040,6045.5,6039.75,6042.5,12272
1749744900,6042.5,6044.5,6039.75,6041,8315
1749745200,6040.75,6042.5,6035,6036.5,7710
1749745500,6036.25,6045.25,6036.25,6043.5,10363
1749745800,6043.5,6043.5,6033.75,6041.75,15987
1749746100,6041.5,6047.75,6041.5,6046.5,8844
1749746400,6046.5,6046.75,6043.25,6045.25,7930
1749746700,6045.5,6046.5,6041.75,6042,5400
1749747000,6042.25,6042.25,6038.5,6039,7009
1749747300,6039,6040.5,6037.25,6037.75,5077
1749747600,6038,6046.25,6037,6041,9932
1749747900,6041.25,6044.75,6039.5,6043.75,5869
1749748200,6043.75,6046.25,6043,6045,4717
1749748500,6045,6047,6043.25,6046.25,5541
1749748800,6046,6046.75,6043.5,6043.75,4608
1749749100,6043.5,6045,6041,6043.25,5592
1749749400,6043.25,6049.5,6043,6048.75,9220
1749749700,6048.5,6049.5,6046.25,6047.5,6222
1749750000,6047.5,6048.5,6046,6047.75,4437
1749750300,6047.75,6048.25,6045,6045,5225
1749750600,6045.25,6047.75,6045,6047,4452
1749750900,6047,6047.25,6043.25,6044.75,6294
1749751200,6044.75,6046.5,6043.5,6045.5,6706
1749751500,6045.5,6048,6045.5,6047,5454
1749751800,6047.25,6047.75,6044.5,6044.5,4178
1749752100,6044.5,6047,6044.25,6045.75,4450
1749752400,6045.75,6046.75,6042,6043,5988
1749752700,6043,6044.25,6037.5,6041.75,12098
1749753000,6042,6042.75,6038,6042,11175
1749753300,6041.75,6045,6041.75,6044.25,8025
1749753600,6044,6044.75,6040.75,6041.75,4376
1749753900,6041.5,6044.5,6039.75,6043.5,5500
1749754200,6043.5,6046,6042.25,6044.75,5776
1749754500,6044.75,6047.5,6042.75,6047,6290
1749754800,6046.75,6048.5,6045.25,6047.5,7566
1749755100,6047.5,6048.75,6046.25,6047.75,5710
1749755400,6047.75,6048,6046,6046.25,4840
1749755700,6046.25,6049.25,6046.25,6048.75,6701
1749756000,6048.5,6049.5,6046.25,6046.5,6463
1749756300,6046.75,6047,6044.5,6046.5,6780
1749756600,6046.5,6046.5,6042.75,6045.25,9683
1749756900,6045.25,6046,6043.75,6045.25,5857
1749757200,6045.25,6045.25,6040.75,6041,11596
1749757500,6041,6042,6038.75,6040,12065
1749757800,6039.75,6042.75,6037.25,6040.25,21318
1749758100,6040.25,6051,6040,6050.5,59330
1749758400,6050.75,6051.25,6047.5,6048.25,23482
1749758700,6048,6050.5,6047.75,6048.75,6544
1749759000,6048.5,6049.75,6047.75,6047.75,4234
1749821400,5996,6014.75,5992.5,6009,40645
1749821700,6009.25,6013.5,6003.5,6011.5,20869
1749822000,6011.75,6012,6004.75,6007.75,15067
1749822300,6008,6008,5998.5,6001,16938
1749822600,6001,6008.5,5995.75,5995.75,18706
1749822900,5996,5999,5989.75,5990,14811
1749823200,5990.75,6003.75,5990,5994.75,19601
1749823500,5994.75,6000.5,5992.5,5996,13035
1749823800,5996.25,5996.75,5986,5990.75,17074
1749824100,5990.75,5993,5987.5,5989,10398
1749824400,5989,5991.75,5980.75,5987.25,17796
1749824700,5987,5988.25,5977.25,5978.75,16465
1749825000,5978.75,5987.25,5977.25,5985,14439
1749825300,5985,5995,5983.25,5994,14148
1749825600,5994.25,6000.5,5990.25,5990.5,16136
1749825900,5990.75,5993,5984.75,5988.25,12940
1749826200,5988.25,6002.75,5986.25,6000.25,17105
1749826500,6000.25,6005.25,5999,6002.25,15163
1749826800,6002.5,6004.75,6000.25,6004.25,9305
1749827100,6004,6008.25,6003.75,6005.75,10365
1749827400,6005.5,6008.75,6001.5,6007.25,14076
1749827700,6007.5,6011.5,6005,6010.5,10093
1749828000,6010.5,6019.25,6009,6012.5,16801
1749828300,6012.25,6017.25,6010.75,6016.75,11038
1749828600,6016.75,6020.75,6016,6018,14722
1749828900,6018,6018.5,6014.25,6015.75,12647
1749829200,6016,6021.25,6014,6020,9140
1749829500,6020.25,6026.25,6019,6023.75,14433
1749829800,6024,6028.25,6023.75,6027.75,12647
1749830100,6027.5,6027.75,6021,6023.75,14149
1749830400,6023.5,6024.5,6020,6021.25,7783
1749830700,6021.25,6026.75,6020.25,6025,6813
1749831000,6025,6029.25,6024.75,6027.5,8243
1749831300,6027.75,6029.75,6024.75,6028,6692
1749831600,6028.25,6028.25,6024.5,6026,6744
1749831900,6026,6027.25,6018.5,6020,9566
1749832200,6019.75,6024,6019.25,6023.25,7965
1749832500,6023.25,6024.75,6017.25,6017.5,6071
1749832800,6017.5,6020.5,6016.25,6017.5,5914
1749833100,6017.5,6018,6014,6014.25,5027
1749833400,6014.5,6023.75,6013.75,6022.75,7478
1749833700,6022.75,6026,6021.25,6021.75,6259
1749834000,6021.5,6023,6018.25,6018.75,5233
1749834300,6018.5,6019.5,6014.75,6015,5775
1749834600,6014.75,6015.5,6008.75,6011.25,10451
1749834900,6011.5,6011.5,6003,6008,15600
1749835200,6007.75,6017.75,6007.5,6012.25,10964
1749835500,6012.25,6013,6006,6006.25,5596
1749835800,6006,6012,6005.25,6006.25,9034
1749836100,6006.25,6008,6004,6005,5364
1749836400,6005,6008.75,6000.5,6005.25,8670
1749836700,6005.25,6008,6003,6004.5,4739
1749837000,6004.25,6012.5,6003.5,6010.75,6510
1749837300,6010.75,6011.25,6007.25,6008.75,4242
1749837600,6009,6013.75,5999.25,6002.5,12021
1749837900,6002.75,6008.75,5997.25,5999.5,12885
1749838200,5999.5,6002.5,5996.75,5997.25,8664
1749838500,5997.25,5997.5,5988,5996.5,17168
1749838800,5996.5,5998,5989.25,5992,8703
1749839100,5991.75,5993.5,5981,5982,12857
1749839400,5982,5984,5971,5976.5,23442
1749839700,5976.75,5978.25,5967,5971.25,16914
1749840000,5971,5977,5967.5,5972.5,13441
1749840300,5972.75,5980,5971.25,5972.75,15347
1749840600,5972.75,5982.25,5971.75,5981.5,11039
1749840900,5981.25,5984.25,5976.5,5982.75,10367
1749841200,5982.75,5986,5973.25,5979,15475
1749841500,5978.75,5987,5977,5985.5,8023
1749841800,5985.5,5987.75,5979.75,5985.25,9041
1749842100,5985.25,5987,5978.5,5980.25,10828
1749842400,5980,5985.25,5975,5975.25,12789
1749842700,5975.25,5976.5,5971.25,5973.25,11779
1749843000,5973.25,5979.25,5970,5972.5,12954
1749843300,5972.25,5983.25,5971,5978.75,13346
1749843600,5978.5,5982,5971.5,5972.25,9132
1749843900,5972,5979.25,5965.25,5974,19709
1749844200,5974,5978.5,5968.25,5970.5,19838
1749844500,5970.25,5981.75,5968.5,5980,68005
1749844800,5980.25,5984.75,5978.5,5979.5,24191
1749845100,5979.75,5982,5976.75,5980.75,5691
1749845400,5981,5987.75,5980.5,5987.75,6907
1750080600,6067.25,6078.75,6066.25,6078.5,21372
1750080900,6078.5,6080.25,6074,6078.25,14530
1750081200,6078.5,6080.5,6075.25,6077,9275
1750081500,6077.25,6088,6075.5,6085,17971
1750081800,6085,6095.5,6082.5,6091.25,19516
1750082100,6091.5,6097.75,6090.25,6094.5,16975
1750082400,6094.5,6100,6094,6098.25,13326
1750082700,6098.25,6100,6093.5,6093.5,12659
1750083000,6093.75,6101,6093.25,6100.25,12463
1750083300,6100.5,6104,6098.5,6103.5,11242
1750083600,6103.5,6105.25,6101.5,6103.75,9687
1750083900,6103.75,6105.75,6101.5,6104.75,9672
1750084200,6104.75,6109,6104.5,6107,9599
1750084500,6107.25,6107.75,6102,6104.25,10626
1750084800,6104.25,6106.75,6101.25,6106.25,7487
1750085100,6106.25,6107.75,6103,6103.25,7439
1750085400,6103.25,6105.75,6102.25,6102.75,7324
1750085700,6102.75,6104.25,6101,6103.25,5102
1750086000,6103.5,6105,6099.75,6101.75,6880
1750086300,6101.75,6102,6098.25,6099.25,5854
1750086600,6099.5,6101.5,6099,6101,5146
1750086900,6101,6104.75,6100,6102.75,6574
1750087200,6102.75,6105,6101.5,6104.25,4926
1750087500,6104.25,6105,6096.5,6097.75,8978
1750087800,6098,6100.25,6097.25,6098.75,5039
1750088100,6098.75,6101.5,6096.25,6099.25,8030
1750088400,6099.25,6101.25,6098.5,6099.5,3986
1750088700,6099.5,6102.5,6099,6101,3462
1750089000,6100.75,6101,6096,6096.5,4587
1750089300,6096.25,6097.25,6091.75,6095.25,11009
1750089600,6095.5,6098.5,6092,6094.25,6709
1750089900,6094.5,6095.75,6092.5,6094.75,4424
1750090200,6094.75,6098,6093.5,6096.75,3774
1750090500,6096.75,6100,6095.25,6098,4331
1750090800,6098,6100.75,6096,6096.75,4479
1750091100,6097,6097.25,6092.75,6094,4389
1750091400,6094.25,6096.25,6094,6094,2839
1750091700,6093.75,6096.25,6092,6093.75,4090
1750092000,6093.75,6094,6088.75,6089.75,6537
1750092300,6089.75,6093.25,6088.75,6091.25,5923
1750092600,6091,6095.75,6090.5,6094.5,4029
1750092900,6094.5,6094.75,6089,6091.25,4083
1750093200,6091.25,6092.25,6089.25,6090.75,3712
1750093500,6091,6091.5,6087.75,6091.25,3683
1750093800,6091.5,6092.25,6087.25,6088.25,4480
1750094100,6088.25,6091.5,6087.25,6091,3598
1750094400,6091,6093,6090.5,6092.25,3558
1750094700,6092,6099.75,6092,6098,7210
1750095000,6098,6101,6096.5,6099,7157
1750095300,6099,6099.5,6094.75,6095,3863
1750095600,6095,6098,6094.5,6095.25,3255
1750095900,6095.25,6096.5,6093.25,6094.5,3047
1750096200,6094.25,6095.75,6090.25,6090.25,3891
1750096500,6090.25,6090.5,6085.25,6087.25,7420
1750096800,6087.25,6091,6086.75,6090.25,6010
1750097100,6090.5,6092.75,6088.75,6089.75,3224
1750097400,6089.5,6090.75,6087.5,6090.5,2880
1750097700,6090.75,6091,6087.75,6088.75,2407
1750098000,6088.75,6091.5,6086.75,6091.25,3655
1750098300,6091.25,6091.75,6089.25,6089.75,2576
1750098600,6090,6091,6087,6087.75,3625
1750098900,6087.75,6088,6085.5,6087,4003
1750099200,6086.75,6088,6086,6086.75,4201
1750099500,6086.75,6087.25,6084,6084,4874
1750099800,6083.75,6088.5,6082,6088.5,6298
1750100100,6088.5,6092.25,6088.5,6089.25,5638
1750100400,6089.25,6090.5,6085.75,6086.5,5243
1750100700,6086.5,6086.75,6082.75,6083.5,4939
1750101000,6083.25,6086.5,6081.25,6083.5,8049
1750101300,6083.5,6086.25,6082,6082,5501
1750101600,6082,6088.75,6080.5,6085.75,14481
1750101900,6085.25,6091.5,6084,6084.5,8082
1750102200,6084.5,6086,6081.75,6083.25,7953
1750102500,6083.25,6086.25,6083,6084.5,5402
1750102800,6084.25,6087,6084,6086.5,4527
1750103100,6086.75,6091,6086.25,6089,10118
1750103400,6089,6091.25,6084,6089,18045
1750103700,6088.75,6092.25,6081.75,6092,67399
1750104000,6092,6096.5,6090.75,6095.75,26484
1750104300,6095.75,6096,6092.75,6093,3567
1750104600,6092.75,6094.25,6092.75,6093.75,2378
1750167000,6065,6072,6062.5,6067,29550
1750167300,6067.25,6068.5,6062.5,6068.25,14875
1750167600,6068.25,6071,6060.5,6062.5,20429
1750167900,6062.75,6068.25,6061.25,6064.75,16520
1750168200,6065,6072.5,6062.25,6067.75,12102
1750168500,6067.75,6072,6065.25,6071.5,12206
1750168800,6071.5,6075,6066.25,6068,17562
1750169100,6067.75,6074.75,6066.75,6074.5,10269
1750169400,6074.5,6079.75,6073.75,6078.5,13846
1750169700,6078.25,6079.25,6073.5,6075,11891
1750170000,6074.75,6077.5,6072.75,6073.5,9600
1750170300,6073.5,6076.25,6073.25,6074.75,6311
1750170600,6074.5,6077,6073.75,6073.75,5923
1750170900,6074,6074,6069.25,6072.75,10097
1750171200,6073,6073.25,6067.75,6069,11280
1750171500,6069,6073.75,6068.5,6072.5,9868
1750171800,6072.5,6074.75,6069.75,6071.5,7677
1750172100,6071.5,6072,6066.5,6067.75,7950
1750172400,6067.75,6073.5,6066.75,6073,10424
1750172700,6073,6075.5,6072.25,6075.25,6793
1750173000,6075,6081.25,6074.75,6079.75,11496
1750173300,6079.75,6080.25,6072.25,6075.25,11556
1750173600,6075,6075.25,6070.75,6072,6920
1750173900,6071.75,6072,6066.75,6067.75,8272
1750174200,6067.75,6069.5,6065.25,6067.75,10627
1750174500,6067.5,6071.5,6065,6069,10045
1750174800,6069,6074.25,6068.75,6073.75,5375
1750175100,6073.5,6074.75,6068,6071.5,8801
1750175400,6071.5,6075.5,6070.75,6073.25,6248
1750175700,6073.25,6073.25,6069.5,6070.25,7316
1750176000,6070,6077.25,6070,6075.5,8082
1750176300,6075.5,6077.25,6068.5,6072.75,15620
1750176600,6072.75,6078,6072.25,6077.25,8055
1750176900,6077.5,6079.25,6076,6077.75,6725
1750177200,6077.75,6079,6074.5,6074.75,5885
1750177500,6074.75,6077,6074.25,6074.75,4292
1750177800,6074.75,6078.25,6073.5,6078,5584
1750178100,6078.25,6079.25,6076.5,6076.75,5875
1750178400,6077,6077,6067.75,6070.5,11429
1750178700,6070.5,6074.25,6064.5,6068.5,17366
1750179000,6068.75,6070.25,6065,6067,15409
1750179300,6067,6067,6057.5,6061,17463
1750179600,6061,6065,6057.5,6063,12416
1750179900,6063.25,6063.5,6057.75,6063,9496
1750180200,6062.75,6065,6061.5,6062.5,6319
1750180500,6062.5,6063.25,6059,6059.5,6857
1750180800,6059.5,6060.25,6055.75,6057.75,10027
1750181100,6057.5,6057.5,6052.75,6052.75,14497
1750181400,6052.75,6059.5,6048.5,6058.75,18321
1750181700,6058.75,6061.75,6055,6056.75,9481
1750182000,6056.5,6059.75,6050.5,6051.5,8498
1750182300,6051.5,6053.25,6039.75,6043.75,23893
1750182600,6043.75,6046,6037,6044.5,18765
1750182900,6044.25,6049.25,6043,6043,11144
1750183200,6043,6043,6032,6036.75,19932
1750183500,6037,6042.5,6036.75,6042,12418
1750183800,6042.25,6044.75,6038.75,6039.75,8839
1750184100,6039.75,6041.75,6036.75,6039.5,8973
1750184400,6039.25,6041,6036.75,6037,7309
1750184700,6037,6038.5,6032.25,6037,14090
1750185000,6037,6042,6036,6041.5,12106
1750185300,6041.5,6043,6036,6037.25,10305
1750185600,6037.25,6038,6030.25,6035.25,9945
1750185900,6035.25,6039.5,6034.25,6036.75,8394
1750186200,6036.5,6038.5,6034.75,6038.25,5542
1750186500,6038.25,6044.5,6038,6044,10174
1750186800,6044.25,6045,6038.25,6038.75,9747
1750187100,6039,6041.25,6036.25,6041,7620
1750187400,6041,6045,6038.25,6042,8181
1750187700,6041.75,6043.5,6039.25,6040,6413
1750188000,6040,6046.25,6040,6045.5,8289
1750188300,6045.75,6046.5,6044,6045,5317
1750188600,6045,6046.5,6041.75,6044.5,8321
1750188900,6044.5,6046.75,6042.25,6042.5,8768
1750189200,6042.5,6044,6038.25,6042,14863
1750189500,6042,6046.5,6041.5,6046.25,13139
1750189800,6046.25,6050,6039.75,6041.5,20098
1750190100,6041.5,6043.75,6036,6038.25,73740
1750190400,6038.5,6044.5,6037,6039,27351
1750190700,6039,6040.5,6038.5,6039.25,5180
1750191000,6039,6040,6035.75,6037.75,3591
1750253400,6045,6046,6034.5,6036,30929
1750253700,6036,6043.5,6036,6042.25,14319
1750254000,6042.25,6044.5,6039.25,6043,12680
1750254300,6043,6050,6042.25,6049.25,11362
1750254600,6049.25,6057,6049,6053.25,19635
1750254900,6053,6055,6052.25,6052.5,9053
1750255200,6052.25,6059.25,6048.25,6057,27601
1750255500,6057,6060.5,6054.5,6057.25,13906
1750255800,6057.25,6063.75,6055,6062,13098
1750256100,6062.25,6067.75,6061.5,6065.25,14222
1750256400,6065.5,6070.75,6065.25,6069,17904
1750256700,6069,6072.25,6069,6069.25,10956
1750257000,6069,6073.75,6068.75,6072.75,10896
1750257300,6072.75,6073.75,6070,6073,10362
1750257600,6073.25,6073.75,6067.75,6071.5,13597
1750257900,6071.75,6073.75,6067.75,6069.75,9608
1750258200,6070,6071.5,6067,6067.75,7752
1750258500,6067.75,6070.5,6067,6070,6711
1750258800,6070,6070.5,6067.75,6070.25,5604
1750259100,6070.25,6070.5,6065,6065.75,8583
1750259400,6066,6067.25,6064.5,6065.25,6205
1750259700,6065,6066.5,6063.75,6064.25,5931
1750260000,6064.5,6065.25,6062.25,6062.5,7817
1750260300,6062.5,6064.25,6060.5,6062.75,9166
1750260600,6062.75,6065.25,6061.75,6062.5,9073
1750260900,6062.75,6063.25,6060.25,6063.25,7594
1750261200,6063,6064,6058.25,6061,10889
1750261500,6061,6064,6060,6063.25,7338
1750261800,6063.25,6067,6062.5,6066.25,7443
1750262100,6066,6066.75,6057.5,6058.75,8755
1750262400,6059,6061.75,6055.75,6061.5,10885
1750262700,6061.5,6065,6059.25,6064,9225
1750263000,6064,6064.75,6061.75,6063.25,7101
1750263300,6063.25,6064,6059.25,6060,6379
1750263600,6060,6062.25,6059.75,6061,3127
1750263900,6061,6061.75,6055.75,6056.5,6428
1750264200,6056.5,6059.25,6055,6058,6411
1750264500,6058,6058.75,6055.5,6058.5,3879
1750264800,6058.5,6059.75,6057,6059,3332
1750265100,6059,6060.25,6056.25,6057.25,4749
1750265400,6057,6062.75,6056.25,6057,8504
1750265700,6056.75,6059.25,6055.5,6056,5659
1750266000,6056,6058.5,6054.75,6057.5,7182
1750266300,6057.5,6058,6055.5,6057.75,3801
1750266600,6057.5,6058.75,6054.5,6056,5029
1750266900,6056,6058,6055.5,6056.25,4696
1750267200,6056.25,6056.75,6051.25,6052.75,7787
1750267500,6052.5,6053.5,6049.5,6050,7529
1750267800,6050.25,6051.5,6041.5,6045.5,20581
1750268100,6045.25,6050.5,6041.75,6050.25,10907
1750268400,6050.25,6055,6048.5,6054.5,6878
1750268700,6054.25,6059.25,6053.75,6056.25,7875
1750269000,6056,6060.5,6054,6059.5,6001
1750269300,6059.5,6061.75,6057,6058.25,5066
1750269600,6058.25,6072.25,6047.25,6047.75,20149
1750269900,6048,6057.75,6046,6052.5,11046
1750270200,6052.25,6057,6048.5,6055.75,7831
1750270500,6056,6059,6052,6052.5,6594
1750270800,6052.5,6054,6048.75,6052.25,7786
1750271100,6052.25,6057.25,6051.5,6055.25,6329
1750271400,6055.5,6064.5,6052,6063,9455
1750271700,6063.25,6063.25,6050.75,6058.75,13723
1750272000,6059,6071.25,6056.75,6065.75,17126
1750272300,6065.75,6065.75,6055.5,6057,15036
1750272600,6057,6057.25,6043.5,6047.75,17447
1750272900,6047.75,6048,6028.25,6034.25,29752
1750273200,6034,6044,6026.25,6042,25768
1750273500,6042.25,6045,6033.25,6035.25,13942
1750273800,6035.25,6049.5,6029.5,6045.5,23245
1750274100,6045.5,6045.5,6038.5,6044.25,13498
1750274400,6044.25,6051.25,6042.5,6046.75,13780
1750274700,6046.5,6046.75,6030.25,6030.5,20150
1750275000,6030.25,6041,6027.5,6039.75,17681
1750275300,6039.5,6045.75,6037.5,6043,11791
1750275600,6042.75,6049.25,6040.5,6049,11140
1750275900,6049,6049.75,6044,6045,9098
1750276200,6044.75,6048.5,6036.5,6037,19660
1750276500,6037,6040.75,6030.75,6035.5,66593
1750276800,6035.5,6043.5,6034.75,6039.75,21600
1750277100,6039.75,6040.5,6037.25,6039.75,4145
1750277400,6040,6041.5,6039,6040.25,2598
1750426200,6060.5,6062.75,6052.25,6059.5,40154
1750426500,6059.5,6068.5,6058.75,6067.5,22143
1750426800,6067.75,6071,6065.25,6069.75,17287
1750427100,6069.75,6071,6055.25,6055.75,24753
1750427400,6055.75,6056.25,6049.5,6053.25,21903
1750427700,6053.25,6054.25,6047.5,6049.5,12265
1750428000,6049.5,6052,6046.75,6050.5,13929
1750428300,6050.5,6051.75,6043,6046,14837
1750428600,6046,6048,6042.25,6046.5,12137
1750428900,6046.75,6049.5,6043.25,6048.25,12067
1750429200,6048.25,6050.25,6034,6034.25,18008
1750429500,6034.25,6039.75,6028.75,6037.25,22732
1750429800,6037.25,6038.5,6033,6033.5,11806
1750430100,6033.25,6040.5,6032.75,6038.25,8894
1750430400,6038.25,6042.25,6022.75,6028.5,34598
1750430700,6028.5,6028.5,6021.25,6024.25,18341
1750431000,6024,6024,6015.25,6016.25,25263
1750431300,6016.25,6023.75,6015.25,6019.25,16235
1750431600,6019,6019.25,6010.25,6011.75,20125
1750431900,6012,6020.25,6010.75,6018.25,14637
1750432200,6018.25,6027,6017.75,6026.5,12960
1750432500,6026.5,6032,6025,6030.25,12014
1750432800,6030.5,6031,6025,6028.5,11019
1750433100,6028.5,6031.25,6026,6026.75,7590
1750433400,6026.5,6034.75,6026,6034.5,12315
1750433700,6034.5,6039,6032.25,6038.25,10747
1750434000,6038.25,6039.75,6035.5,6039,10292
1750434300,6038.75,6039.25,6033.75,6037,10761
1750434600,6037.25,6037.75,6024.75,6025,12549
1750434900,6025,6026.75,6021.5,6022.75,12217
1750435200,6023,6024.25,6020,6022.25,10605
1750435500,6022,6026.5,6020.5,6026,9692
1750435800,6026,6029.5,6020.25,6021.5,9545
1750436100,6021.5,6023.75,6017.75,6023.75,9708
1750436400,6023.75,6025.5,6019.25,6025,8138
1750436700,6025.25,6027.25,6021.5,6025,7450
1750437000,6025,6029.25,6024.75,6027.75,6461
1750437300,6028,6031.25,6027.25,6030.5,6278
1750437600,6030.5,6030.5,6024.25,6028.25,8413
1750437900,6028.25,6031.5,6025.25,6025.75,6503
1750438200,6025.75,6031.75,6024.75,6030.75,6244
1750438500,6030.5,6032.75,6024.75,6029,9496
1750438800,6029,6034.5,6026,6026.25,11179
1750439100,6026,6027.5,6023.25,6026,7078
1750439400,6026,6030.5,6024.5,6029,5975
1750439700,6029.25,6035.5,6022.75,6023.25,13374
1750440000,6023,6025.5,6019.5,6021,7761
1750440300,6020.75,6022,6010.5,6010.5,14571
1750440600,6010.75,6012.25,6007.25,6010.25,14449
1750440900,6010,6012.25,6003.25,6005.25,16185
1750441200,6005.25,6014.25,6004.75,6009.25,12932
1750441500,6009,6012.5,6008.25,6010,8354
1750441800,6010,6013.5,6009.5,6012.25,8060
1750442100,6012.25,6016.25,6012.25,6015.75,6751
1750442400,6015.5,6019.5,6014,6018.5,8074
1750442700,6018.5,6019.5,6016.75,6018.5,6717
1750443000,6018.5,6020,6018,6019,5899
1750443300,6019,6028.75,6018.75,6028.5,10955
1750443600,6028.5,6029,6025.75,6027.75,9672
1750443900,6028,6028.25,6023,6024.25,8173
1750444200,6024.25,6028,6023,6026,7950
1750444500,6026.25,6027.75,6021.75,6023.25,6618
1750444800,6023.5,6024.75,6020.5,6021.25,6125
1750445100,6021.5,6023.5,6020,6021,4934
1750445400,6021.25,6021.25,6018.25,6019.25,5039
1750445700,6019.5,6019.75,6008.75,6011.5,15837
1750446000,6011.25,6015.25,6008.5,6011.75,13332
1750446300,6011.75,6015,6010,6011.5,7616
1750446600,6011.5,6014.75,6010.25,6011.75,7336
1750446900,6011.75,6013.75,6009.5,6013,6344
1750447200,6013,6014.75,6010.25,6012.5,7758
1750447500,6012.5,6013.5,6007.25,6010,7378
1750447800,6009.75,6013.25,6009.75,6012,10330
1750448100,6012,6014.25,6008.75,6010.25,10729
1750448400,6010,6012.75,6008.25,6011.75,8846
1750448700,6011.5,6013.5,6009.75,6010,10998
1750449000,6010,6020,6007.75,6017,28143
1750449300,6017,6024.75,6012.25,6016.75,92078
1750449600,6017,6032.5,6013.25,6025.75,37675
1750449900,6025.75,6026.5,6021.25,6022.25,5908
1750450200,6022.25,6023.5,6019,6022.5,5548
1750685400,6025,6026,6010.5,6014.75,30582
1750685700,6014.75,6031,6013.25,6030.5,18683
1750686000,6030.75,6032.75,6028,6030.25,11889
1750686300,6030.25,6037.75,6029,6036.25,14849
1750686600,6036.5,6041,6033.75,6040.25,13405
1750686900,6040.25,6041.75,6036,6041.5,9992
1750687200,6041.5,6049,6041.5,6048,20705
1750687500,6048.25,6055,6048,6052.75,20692
1750687800,6052.75,6053.5,6045.75,6051.5,17493
1750688100,6051.5,6057.5,6049,6054.75,13780
1750688400,6054.5,6058.25,6052.5,6055,14031
1750688700,6055.25,6055.25,6048.75,6050.75,11311
1750689000,6051,6053.25,6048,6052.75,10079
1750689300,6052.5,6053.25,6047,6047.75,9101
1750689600,6048,6050.25,6047.25,6049.75,7386
1750689900,6050,6052.75,6045.25,6046,9600
1750690200,6046.25,6048.25,6043.25,6045,9080
1750690500,6045,6046.75,6039.25,6039.75,13712
1750690800,6040,6049,6039.25,6047.75,10655
1750691100,6047.75,6051.25,6047,6049.75,8242
1750691400,6049.75,6051.25,6047.25,6051,6833
1750691700,6051,6052,6049.25,6050.5,7720
1750692000,6050.5,6051,6046,6046.75,7566
1750692300,6046.75,6047.75,6038.5,6039.25,11585
1750692600,6039,6042.5,6036.5,6041,12951
1750692900,6040.75,6042.25,6037.25,6038.25,8230
1750693200,6038,6039.5,6033,6036,11332
1750693500,6036,6037.5,6033.75,6036.5,8154
1750693800,6036.25,6039,6033.25,6033.5,9783
1750694100,6033.75,6038.5,6032.5,6033.5,8679
1750694400,6033.75,6035.5,6029,6034.5,11696
1750694700,6034.5,6034.75,6031,6031.5,8084
1750695000,6031.5,6036,6030.5,6032.5,6677
1750695300,6032.75,6035,6029,6031.25,8060
1750695600,6031.25,6032.25,6024.5,6025.25,12650
1750695900,6025.25,6025.25,6016.25,6017.75,17482
1750696200,6017.75,6017.75,6005,6005.5,22759
1750696500,6005.5,6009.25,5993.25,6007.75,51467
1750696800,6007.75,6025,6001.25,6021.5,37014
1750697100,6021.25,6029.5,6013.25,6022,25578
1750697400,6022,6022.5,6012.75,6018,16437
1750697700,6018,6019.5,6009.5,6010.75,16716
1750698000,6010.75,6025.25,6006.5,6022.75,22340
1750698300,6022.75,6029.5,6016.25,6027,17802
1750698600,6026.75,6035.75,6026.25,6031,15236
1750698900,6031,6040.75,6031,6039.25,12264
1750699200,6039.5,6047,6037,6044.5,16030
1750699500,6044.5,6055.75,6043,6052.75,22848
1750699800,6052.75,6062.25,6052.75,6059,25281
1750700100,6059,6069.75,6058.25,6065,17082
1750700400,6065.25,6066.5,6059,6063.25,15559
1750700700,6063.25,6069.25,6063,6063.25,12018
1750701000,6063.5,6064.25,6057.75,6058.75,9929
1750701300,6059,6063.25,6058.75,6061.5,7302
1750701600,6061.5,6065.5,6059.75,6064.5,9205
1750701900,6064.25,6067.5,6062.75,6063.5,8284
1750702200,6063.25,6067,6063.25,6064.5,5763
1750702500,6064.5,6067,6062,6066,9011
1750702800,6066,6066.25,6062,6062.25,6595
1750703100,6062.25,6064.25,6059.25,6059.75,6466
1750703400,6059.75,6064.75,6059.75,6063,10917
1750703700,6063,6063.5,6060.25,6061.25,6031
1750704000,6061,6062.75,6057.75,6061.5,6343
1750704300,6061.25,6061.75,6058.25,6058.75,5318
1750704600,6059,6059.75,6055.75,6057.75,6857
1750704900,6057.75,6061.25,6056,6061.25,5047
1750705200,6061,6070.5,6060.25,6068.25,14898
1750705500,6068,6068,6063.5,6064.75,7009
1750705800,6065,6067.25,6063.5,6065,6778
1750706100,6065,6066.75,6062,6062.75,6776
1750706400,6062.5,6066.75,6061.25,6066.25,6382
1750706700,6066.25,6069.5,6065.25,6068.5,7104
1750707000,6068.25,6069.25,6066.25,6067.75,7911
1750707300,6067.75,6069.75,6066.5,6068.5,5512
1750707600,6068.75,6068.75,6064.75,6067,7189
1750707900,6066.75,6069.25,6065.25,6067.75,7208
1750708200,6068,6078.5,6066.5,6075,30011
1750708500,6075.25,6081.5,6072.75,6076.75,66257
1750708800,6077,6077.75,6072.25,6073.75,23149
1750709100,6073.75,6076.25,6073.25,6075.75,5894
1750709400,6075.75,6077.5,6074.75,6076.75,3990
1750771800,6118.5,6123.25,6114.5,6119.25,29640
1750772100,6119.25,6126.5,6119.25,6125,15160
1750772400,6125,6129.5,6125,6125.5,13152
1750772700,6125.5,6130.25,6123.75,6124.5,13273
1750773000,6124.25,6125,6120,6120.5,15484
1750773300,6120.75,6122.25,6113.5,6116.5,15011
1750773600,6116.5,6122,6113,6119.5,15643
1750773900,6119.75,6121.5,6109.25,6117,15116
1750774200,6117,6119,6115.25,6116.5,8512
1750774500,6116.5,6122.25,6116.25,6121,11446
1750774800,6121.25,6125,6121,6124.75,9687
1750775100,6124.75,6125.5,6119,6121.75,10159
1750775400,6122,6126,6121.25,6125.75,10851
1750775700,6125.5,6125.75,6123.25,6124.25,6963
1750776000,6124.5,6129.5,6123.75,6128.5,9232
1750776300,6128.5,6129.75,6126.25,6127.25,9520
1750776600,6127.25,6129,6125.25,6128.5,8590
1750776900,6128.5,6129.5,6121.75,6125.75,14527
1750777200,6125.5,6131.75,6125.5,6129.25,14616
1750777500,6129.25,6132,6125.75,6127.25,13885
1750777800,6127.5,6131,6127.25,6130.25,6486
1750778100,6130,6131.75,6129,6129.5,6676
1750778400,6129.75,6134.5,6129,6133,7900
1750778700,6133,6134,6132.25,6134,7265
1750779000,6134,6135.75,6132.75,6135.5,7860
1750779300,6135.75,6137.75,6134.25,6136.25,8574
1750779600,6136.5,6137.75,6135,6136.25,7410
1750779900,6136.5,6138.25,6135,6137.75,6678
1750780200,6138,6138.25,6133.5,6135.25,6633
1750780500,6135.25,6136.75,6133,6134.25,6719
1750780800,6134.25,6137.75,6133,6137.5,7263
1750781100,6137.5,6137.5,6135.5,6136.5,4546
1750781400,6136.5,6138.75,6136,6137.5,4378
1750781700,6137.5,6139.5,6137.25,6138.5,4285
1750782000,6138.5,6140.5,6137,6140,4671
1750782300,6140,6142.5,6138.5,6141.5,6234
1750782600,6141.75,6144.25,6141.5,6142.25,7004
1750782900,6142.25,6145,6141.5,6144.5,5554
1750783200,6144.75,6148.75,6144.25,6148.25,10900
1750783500,6148.25,6148.75,6144.25,6144.5,8025
1750783800,6144.75,6146,6143,6143.5,5788
1750784100,6143.5,6144.25,6140.25,6143.25,7097
1750784400,6143.25,6146.25,6142.5,6144.75,6586
1750784700,6144.75,6145.75,6142.25,6143.75,5136
1750785000,6143.5,6146,6143.5,6144.75,4250
1750785300,6144.75,6146.5,6144.25,6145.5,4460
1750785600,6145.5,6145.75,6140,6141.25,14724
1750785900,6141,6142.5,6139.75,6140.25,5204
1750786200,6140.25,6143.75,6140,6142.25,6415
1750786500,6142,6143.75,6141,6143,5124
1750786800,6142.75,6146.5,6142.75,6145.25,5145
1750787100,6145.5,6148.75,6144.25,6147.5,5813
1750787400,6147.5,6150.5,6146.75,6150,8250
1750787700,6150,6150.25,6148,6148.5,4761
1750788000,6148.75,6151.5,6148.25,6149.5,7201
1750788300,6149.75,6150,6147,6149.5,4979
1750788600,6149.5,6150.5,6146.25,6146.25,4705
1750788900,6146.5,6148.75,6146.25,6147.25,3578
1750789200,6147.5,6148.5,6147,6147.5,3172
1750789500,6147.75,6149,6146.5,6146.75,3558
1750789800,6147,6147,6145.25,6146.25,4187
1750790100,6146,6150,6145.75,6148,5807
1750790400,6148,6149.75,6147.25,6148,4100
1750790700,6148,6149.5,6146.75,6147.5,4557
1750791000,6147.5,6149.25,6146.75,6147.25,4210
1750791300,6147.5,6150.25,6146.75,6149.75,5187
1750791600,6149.75,6153,6149.5,6151.75,11445
1750791900,6151.75,6153.25,6150.75,6152,7931
1750792200,6152.25,6152.5,6150.25,6152.25,6181
1750792500,6152.25,6153.25,6151.5,6151.75,6906
1750792800,6151.5,6153.75,6151.25,6152.75,7393
1750793100,6152.5,6153,6151.25,6152,5681
1750793400,6152,6155.25,6151,6152.75,11213
1750793700,6152.75,6154.5,6152.5,6153.25,7067
1750794000,6153.25,6154.25,6152.25,6153.25,7675
1750794300,6153.25,6154.75,6151,6153.25,11495
1750794600,6153.25,6154.5,6147.25,6147.5,27592
1750794900,6147.25,6149,6143.75,6143.75,75224
1750795200,6143.75,6145.75,6143.25,6144.75,23864
1750795500,6144.75,6145,6143.25,6144.5,3993
1750795800,6144.5,6145.25,6143,6144,3594
1750858200,6155,6159,6153,6157,29272
1750858500,6157,6158.75,6155.75,6158.5,13379
1750858800,6158.5,6160.25,6156.75,6158.25,11303
1750859100,6158.5,6159.75,6154,6154,13425
1750859400,6154.25,6154.25,6149.75,6153,18154
1750859700,6153,6159.5,6152.75,6157,10584
1750860000,6157,6159,6153.25,6155.25,12287
1750860300,6155.25,6157.75,6153.25,6155,10623
1750860600,6154.75,6155.25,6148.25,6149.75,14322
1750860900,6150,6153.5,6148.25,6150.25,12976
1750861200,6150.5,6152.75,6148.5,6151.5,9602
1750861500,6151.5,6154.75,6150,6152.25,12701
1750861800,6152.25,6154.75,6151.5,6153.25,7771
1750862100,6153,6154.5,6151,6151.75,8091
1750862400,6151.75,6157.25,6150.5,6156.75,12396
1750862700,6157,6159.5,6153.75,6155.25,13308
1750863000,6155.25,6155.5,6151.75,6152.5,8407
1750863300,6152.5,6155,6151.5,6153,7421
1750863600,6153,6153.5,6147.5,6148.5,10558
1750863900,6148.75,6150.5,6145.25,6146,10978
1750864200,6146.25,6148.5,6144,6146.5,10538
1750864500,6146.5,6148,6145,6145.25,7819
1750864800,6145.25,6147.25,6144.5,6147,7440
1750865100,6147,6149,6146.5,6147,8694
1750865400,6147.25,6147.5,6140,6142.5,14190
1750865700,6142.5,6146.5,6141.5,6145.5,8327
1750866000,6145.25,6146,6142.5,6144.75,6771
1750866300,6144.75,6145.25,6142.5,6144.75,5741
1750866600,6144.5,6146.5,6143.75,6145.75,5917
1750866900,6145.75,6147,6144,6144.75,5004
1750867200,6144.5,6147.75,6144.25,6146.25,5334
1750867500,6146,6147,6144.25,6144.5,4202
1750867800,6144.5,6147.25,6143.75,6147,4572
1750868100,6147,6148.5,6145.5,6146.25,5749
1750868400,6146.25,6146.75,6143.75,6145.75,4775
1750868700,6145.75,6146.75,6144,6145.25,3957
1750869000,6145.5,6146.75,6144.25,6144.5,5508
1750869300,6144.5,6146.25,6142.75,6145.25,4796
1750869600,6145.25,6146,6143.5,6143.5,3123
1750869900,6143.25,6144.5,6140,6141,7478
1750870200,6140.75,6144.75,6140,6142.25,8039
1750870500,6142.25,6144.5,6142,6143,4175
1750870800,6143,6144.25,6140.5,6140.5,4716
1750871100,6140.75,6141.5,6138.5,6138.75,7525
1750871400,6138.75,6142,6138.5,6141.75,4922
1750871700,6142,6143.75,6141.25,6143.25,4541
1750872000,6143.25,6147.25,6143.25,6147,8033
1750872300,6147,6147.25,6145.25,6146,5342
1750872600,6146.25,6146.75,6140.5,6142,9596
1750872900,6142,6142.25,6139.25,6140,7144
1750873200,6140,6140,6130.75,6137.25,19349
1750873500,6137.25,6141.5,6136.25,6141.25,7015
1750873800,6141,6144,6139,6140.75,9334
1750874100,6140.5,6140.5,6137.25,6138.5,5032
1750874400,6138.5,6140.5,6136.25,6140.25,7660
1750874700,6140.25,6141,6137.25,6139,5044
1750875000,6139,6140.5,6138.5,6139.5,4207
1750875300,6139.5,6141,6138.75,6139.5,4291
1750875600,6139.5,6141.5,6139.25,6140,3385
1750875900,6140,6140.75,6138.5,6139.75,4349
1750876200,6139.5,6140,6136.5,6138,5876
1750876500,6138,6139.75,6137.5,6138.5,4762
1750876800,6138.75,6140.5,6138,6139,4884
1750877100,6139,6140,6138.25,6139,4513
1750877400,6139,6140.75,6137.75,6139.25,4757
1750877700,6139,6141,6139,6140,4279
1750878000,6140.25,6144,6139.75,6142.25,8103
1750878300,6142.25,6146.75,6142,6145.75,9313
1750878600,6145.75,6149.75,6145.75,6148.25,9350
1750878900,6148,6149.25,6146.5,6148.5,6482
1750879200,6148.5,6149.5,6147.25,6147.75,5811
1750879500,6147.5,6148.75,6145.75,6145.75,6636
1750879800,6146,6147,6141,6142,12110
1750880100,6141.75,6142.25,6139.5,6140.25,8108
1750880400,6140.25,6144.5,6140,6143.5,8674
1750880700,6143.75,6144.5,6140.25,6141,8648
1750881000,6141.25,6146.25,6140.5,6141,21197
1750881300,6141.25,6148.75,6140,6147.5,67002
1750881600,6147.5,6148,6144,6146.5,22219
1750881900,6146.5,6147,6143.5,6144.25,3633
1750882200,6144,6145.75,6144,6145.25,2729
1750944600,6165.5,6169.25,6163.5,6168,28166
1750944900,6168,6169.75,6163.25,6166.75,18195
1750945200,6166.75,6169.5,6164.25,6168.25,13552
1750945500,6168.5,6169.5,6160.25,6162.75,22196
1750945800,6163,6165,6159.25,6163.25,14404
1750946100,6163.5,6167.75,6162.5,6167,10044
1750946400,6167,6173,6167,6170.25,18804
1750946700,6170.5,6171.75,6166.5,6167.5,10146
1750947000,6167.5,6171.25,6167,6169.75,8405
1750947300,6169.75,6171.5,6168.5,6170.5,8510
1750947600,6170.75,6173.75,6170.5,6173.25,11226
1750947900,6173.25,6176,6172.25,6175.5,11198
1750948200,6175.25,6182,6175.25,6179.75,22619
1750948500,6180,6180.25,6177.75,6178.75,9185
1750948800,6178.75,6179.25,6176,6176,10492
1750949100,6176.25,6180.25,6175.5,6180,10269
1750949400,6180,6180.75,6178.25,6180.75,7642
1750949700,6180.5,6180.75,6179.25,6180,6100
1750950000,6179.75,6183.5,6179.5,6183,9698
1750950300,6183.25,6183.5,6181,6181.75,6011
1750950600,6182,6182.25,6180.25,6180.75,6718
1750950900,6181,6184.5,6180.75,6183,8649
1750951200,6183.25,6185,6182.25,6183.5,6948
1750951500,6183.5,6183.5,6176.5,6177,14878
1750951800,6176.75,6179.5,6174.25,6179.5,17954
1750952100,6179.25,6182,6179.25,6182,9788
1750952400,6182,6182.25,6179.5,6179.75,7428
1750952700,6179.5,6182.75,6179.5,6180.5,6530
1750953000,6180.25,6183,6179,6181.75,6536
1750953300,6181.75,6182.25,6179.5,6181.5,6179
1750953600,6181.5,6186.75,6180.75,6186.25,11384
1750953900,6186.25,6187.25,6184.75,6184.75,6260
1750954200,6185,6186.5,6184,6185.25,6884
1750954500,6185.25,6186.5,6184.5,6186,4073
1750954800,6186,6187.5,6185.5,6186,4792
1750955100,6186.25,6187.25,6184.5,6185.25,6874
1750955400,6185.25,6187.5,6184.75,6187.25,6233
1750955700,6187.25,6187.25,6184,6184.5,5143
1750956000,6184.75,6185.75,6183.75,6183.75,3933
1750956300,6184,6185.75,6182.75,6184.5,5291
1750956600,6184.5,6186.25,6183.5,6184,4359
1750956900,6183.75,6184.75,6183,6184.75,4372
1750957200,6184.75,6186.5,6182.5,6186,7281
1750957500,6186,6187.25,6185,6186,4576
1750957800,6186,6188.25,6186,6187.5,5705
1750958100,6187.5,6189.25,6185,6186.5,7925
1750958400,6186.5,6188.5,6186.25,6187.5,4733
1750958700,6187.5,6189,6187.5,6188.25,4998
1750959000,6188.5,6190.75,6188.25,6190,7492
1750959300,6189.75,6191.25,6189.5,6191,6426
1750959600,6190.75,6192.5,6190.5,6192,6338
1750959900,6192,6192.25,6189.25,6189.25,5860
1750960200,6189.5,6190.5,6189,6189.25,4047
1750960500,6189.25,6190.75,6188.75,6189.25,5401
1750960800,6189,6190.75,6187.75,6189.75,6834
1750961100,6189.75,6195.5,6189.5,6192.25,18223
1750961400,6192.5,6195,6191.25,6194.5,6577
1750961700,6194.75,6198,6194.25,6195.25,11548
1750962000,6195.5,6197.5,6195,6196.75,5367
1750962300,6196.75,6197,6193.5,6193.75,5660
1750962600,6193.75,6195.5,6193.5,6195.25,4719
1750962900,6195.5,6195.75,6191.75,6191.75,7797
1750963200,6192,6192.75,6191,6192.5,4960
1750963500,6192.25,6194,6187.25,6189,10395
1750963800,6189,6190.75,6188.25,6190,7179
1750964100,6189.75,6191.25,6188.5,6190.75,5572
1750964400,6191,6193.25,6190.5,6192.5,6574
1750964700,6192.75,6192.75,6190.5,6191.75,5362
1750965000,6191.75,6193,6190.25,6190.5,6128
1750965300,6190.5,6192.5,6188.75,6192.5,9244
1750965600,6192.5,6195.25,6191.25,6193.75,8738
1750965900,6193.5,6194.25,6192.25,6192.5,5998
1750966200,6192.75,6193.5,6191.25,6192.5,11059
1750966500,6192.5,6193,6190.25,6190.75,8111
1750966800,6190.75,6191.25,6189.25,6190,10746
1750967100,6190,6193.25,6188.5,6192.75,13679
1750967400,6192.75,6198.5,6191,6196,32644
1750967700,6196,6200,6192.25,6196.25,88743
1750968000,6196.5,6196.75,6189.25,6190.75,28280
1750968300,6190.75,6192.5,6190.5,6191.5,6431
1750968600,6191.75,6191.75,6190.25,6190.25,4007
1751031000,6204.25,6208.5,6202,6205.5,25422
1751031300,6205.75,6211.25,6204.5,6210.5,14269
1751031600,6210.75,6211.75,6208,6211,9189
1751031900,6211,6213.25,6210.75,6213,9314
1751032200,6213,6216.75,6212.25,6216.5,10734
1751032500,6216.5,6221.5,6216.25,6218.25,18214
1751032800,6218.5,6227.5,6218.5,6226,22284
1751033100,6226.25,6229,6224,6225.5,20516
1751033400,6225.75,6230,6225.5,6225.75,16793
1751033700,6225.75,6227.5,6222.5,6225,14959
1751034000,6225,6228.25,6222.75,6223,12517
1751034300,6223,6224.25,6220.25,6224,14236
1751034600,6224,6224.5,6220.75,6222.75,10945
1751034900,6222.75,6230.75,6221,6227,23041
1751035200,6227.25,6229.75,6226,6228.75,10400
1751035500,6228.75,6229.75,6227.5,6229,7700
1751035800,6229,6229.25,6222.25,6225.75,12180
1751036100,6226,6226,6220.75,6222.75,11342
1751036400,6222.75,6225.5,6220.75,6225,10893
1751036700,6225.25,6227.75,6224.75,6226.25,7371
1751037000,6226.5,6228.5,6226.25,6226.75,6337
1751037300,6227,6227,6223,6225.5,7540
1751037600,6225.5,6227.75,6223.25,6227.25,5736
1751037900,6227.25,6228.5,6226.25,6228,6005
1751038200,6228.25,6231.75,6227.75,6231.75,10043
1751038500,6231.5,6234.25,6231.25,6234,9740
1751038800,6234,6236,6232.75,6235,11769
1751039100,6235,6235.75,6233,6235.75,7352
1751039400,6235.75,6236,6233.25,6235.25,5401
1751039700,6235.25,6235.75,6233.5,6234,4760
1751040000,6234,6234,6231.75,6233.5,7658
1751040300,6233.75,6235.75,6233.5,6235.5,5266
1751040600,6235.5,6237.5,6234.5,6236.5,6874
1751040900,6236.75,6237,6233.5,6234,9997
1751041200,6234,6236.25,6233.5,6235.5,5933
1751041500,6235.25,6238.5,6235,6238.25,7599
1751041800,6238.25,6239,6237,6238.25,6813
1751042100,6238.25,6238.25,6235.75,6237,6324
1751042400,6237,6237.75,6233.75,6234.75,7827
1751042700,6234.75,6235.75,6231.75,6232.25,9416
1751043000,6232.5,6234.25,6231.25,6233,7199
1751043300,6233.25,6235.5,6232.5,6234.75,6663
1751043600,6234.5,6234.75,6230,6232,9357
1751043900,6232.25,6233,6231.5,6232.5,4617
1751044200,6232.75,6234.5,6232.5,6233.75,5079
1751044500,6234,6234.25,6230.25,6232,4843
1751044800,6232,6232,6227.5,6229.75,9015
1751045100,6229.5,6230.25,6227.75,6229,6069
1751045400,6229,6230.75,6226.75,6227,10161
1751045700,6226.75,6229,6225.25,6228.75,8686
1751046000,6228.75,6230.5,6217.75,6222.75,20849
1751046300,6222.75,6222.75,6210.25,6214,33372
1751046600,6213.75,6217.5,6210,6214,19996
1751046900,6213.75,6217.75,6207.25,6216.5,20317
1751047200,6216.5,6218,6212.75,6215.25,13342
1751047500,6215,6218.75,6214.5,6215.25,10301
1751047800,6215.25,6216.5,6209,6210.75,13252
1751048100,6210.75,6212.25,6202.5,6205.5,15489
1751048400,6205.75,6207.25,6202,6205.25,16519
1751048700,6205.25,6207.25,6198,6198,14573
1751049000,6198.25,6200.75,6192.75,6199.75,26778
1751049300,6199.75,6201,6190.25,6190.5,17456
1751049600,6190.75,6192.75,6185.25,6192.25,27703
1751049900,6192.5,6198,6190.75,6191.5,18212
1751050200,6191.5,6192,6183.25,6187.25,17625
1751050500,6187.25,6188.75,6184.25,6187.25,14386
1751050800,6187.25,6193.25,6185.25,6192.5,16055
1751051100,6192.75,6195.5,6190.25,6193.25,12800
1751051400,6193.25,6199,6193,6198.75,13676
1751051700,6199,6200,6195.25,6196.5,12494
1751052000,6196.5,6200.75,6196.5,6200.75,9412
1751052300,6200.5,6202.75,6198.25,6199.25,10748
1751052600,6199.5,6203.25,6199.5,6202.5,11195
1751052900,6202.5,6205,6200.75,6204.5,9965
1751053200,6204.25,6208.25,6204.25,6207,13107
1751053500,6207.25,6212,6206.5,6207.25,15913
1751053800,6207,6219.5,6206,6217.5,39431
1751054100,6217.5,6226.75,6217.5,6223.25,95124
1751054400,6223.5,6223.5,6217,6219.75,30550
1751054700,6219.75,6221,6218.5,6220.5,7708
1751055000,6220.75,6221.25,6218.5,6219.5,8066
1751290200,6248.25,6248.75,6238.5,6240.5,35759
1751290500,6240.5,6243.25,6236,6242,19037
1751290800,6242,6242,6236.5,6238.25,12085
1751291100,6238.25,6241.75,6234.75,6236,17729
1751291400,6236,6240.75,6235.5,6238,15571
1751291700,6237.75,6241.25,6237,6238.5,11705
1751292000,6238.5,6241,6237.25,6239,13378
1751292300,6239.25,6240.25,6235.25,6238.25,14366
1751292600,6238.5,6242.5,6238,6240.75,10727
1751292900,6240.75,6242.75,6237.5,6240.75,10632
1751293200,6241,6241,6233.25,6237.75,15042
1751293500,6237.75,6242,6236,6241.5,12381
1751293800,6241.75,6242.25,6237.5,6238,10654
1751294100,6238,6238.25,6232.25,6233.75,12796
1751294400,6233.5,6237,6231.25,6233.75,11334
1751294700,6233.5,6236.75,6231.5,6236,9982
1751295000,6236,6236,6233,6234.5,9591
1751295300,6234.5,6236,6233.75,6234.75,7830
1751295600,6234.75,6237.5,6232.75,6237.25,11255
1751295900,6237.25,6240.75,6237.25,6240.25,13966
1751296200,6240.25,6240.5,6232.75,6234.25,10331
1751296500,6234.25,6235,6231.75,6233.25,8301
1751296800,6233.5,6236,6232.5,6235.5,6093
1751297100,6235.5,6238.25,6234.75,6236.5,8339
1751297400,6236.75,6241.75,6235.5,6241,9606
1751297700,6241,6242,6239.5,6241.5,9516
1751298000,6241.5,6243,6239.25,6242,9249
1751298300,6242.25,6244,6241,6242.75,7145
1751298600,6243,6244,6241.25,6241.5,6727
1751298900,6241.5,6242,6238.25,6239.25,7741
1751299200,6239.25,6242.75,6239,6242.75,8098
1751299500,6243,6243.5,6241.75,6243.5,5211
1751299800,6243.25,6243.75,6240.75,6241.25,4731
1751300100,6241.25,6243.25,6235.5,6237.25,8897
1751300400,6237.25,6238.25,6236,6236.75,6717
1751300700,6236.75,6238.5,6236.5,6236.75,4688
1751301000,6236.75,6241,6236.25,6241,7133
1751301300,6241,6242.75,6240.25,6241.5,5510
1751301600,6241.5,6245.75,6241.5,6243.75,7952
1751301900,6243.75,6245.75,6243.75,6244.5,6590
1751302200,6244.75,6245.5,6243.25,6244.5,4910
1751302500,6244.5,6245.25,6240,6241,6981
1751302800,6240.75,6242.75,6239.5,6240.25,7508
1751303100,6240,6240.75,6237.75,6240.25,7799
1751303400,6240.25,6241.75,6239,6239.25,4485
1751303700,6239,6240,6237.25,6238.5,6380
1751304000,6238.5,6239.25,6236.5,6237.75,5315
1751304300,6238,6240,6236.25,6239.5,6151
1751304600,6239.5,6240,6234.75,6235.5,7122
1751304900,6235.5,6237,6234,6235.5,6548
1751305200,6235.5,6237.25,6233.5,6234.25,7208
1751305500,6234,6236,6233.75,6235.25,4777
1751305800,6235,6237,6233.75,6235,6006
1751306100,6235,6239.5,6224.25,6232.5,33558
1751306400,6232.5,6237,6232,6235,10760
1751306700,6235,6238.5,6232.5,6233.25,10911
1751307000,6233.5,6234.25,6230.5,6233.75,10357
1751307300,6233.75,6236.75,6233.25,6235,6852
1751307600,6235,6238.5,6235,6236.75,7593
1751307900,6237,6237.5,6234.5,6234.5,5783
1751308200,6234.5,6235.25,6229.75,6231.25,10370
1751308500,6231.25,6232.5,6230,6231,6634
1751308800,6231,6232.25,6227,6231.25,12952
1751309100,6231,6235.5,6231,6233.5,12690
1751309400,6233.25,6236.75,6233.25,6236.5,7215
1751309700,6236.75,6243.5,6236.5,6243.5,15395
1751310000,6243.5,6246.5,6243,6246.25,12055
1751310300,6246.25,6247.5,6243.75,6245.75,10104
1751310600,6245.75,6248.25,6244.5,6246.75,10221
1751310900,6246.75,6246.75,6243.25,6245.5,11892
1751311200,6245.25,6251.75,6245,6251,18167
1751311500,6251,6256.25,6251,6252.5,20615
1751311800,6252.75,6254,6249.5,6253,19419
1751312100,6253,6254.25,6247,6248.5,14741
1751312400,6248.75,6254.25,6248.25,6251.25,13988
1751312700,6251.25,6258.5,6250.25,6256.5,22693
1751313000,6256.5,6265.5,6253.5,6263.75,49766
1751313300,6263.75,6264.25,6250.25,6251.5,155460
1751313600,6251.5,6254.5,6250,6250.5,42848
1751313900,6250.75,6252.25,6249.5,6250,7825
1751314200,6250,6250,6244,6246.25,9453
1751376600,6235.25,6240.75,6234,6238,30053
1751376900,6237.75,6240.75,6236.25,6239.75,14174
1751377200,6239.5,6241.25,6235.5,6238.25,10042
1751377500,6238.25,6245.5,6238,6244.75,16050
1751377800,6244.75,6249.5,6244.25,6247.75,17413
1751378100,6248,6248,6243,6244,11018
1751378400,6244,6248.25,6240,6244,17456
1751378700,6244.25,6247.5,6242.75,6243.25,11474
1751379000,6243.5,6250.25,6240.5,6249,16064
1751379300,6249.25,6253,6248.25,6250.5,17102
1751379600,6250.75,6250.75,6242.25,6244.75,20920
1751379900,6244.75,6246.25,6239.75,6243.5,15991
1751380200,6243.5,6248.5,6241.25,6241.75,21880
1751380500,6241.75,6244.75,6238.25,6239.5,18443
1751380800,6239.5,6240.75,6237.25,6238.5,16260
1751381100,6238.5,6239.25,6233.25,6236.75,19048
1751381400,6236.75,6238.5,6235,6238,13106
1751381700,6238,6239.75,6235,6237.5,14454
1751382000,6237.25,6244,6235,6243.75,17099
1751382300,6243.75,6245,6230.75,6234,24688
1751382600,6234,6235,6227.5,6229.5,21171
1751382900,6229.5,6236,6228,6235.25,16113
1751383200,6235.5,6241.75,6234.5,6241.25,15005
1751383500,6241,6247.75,6241,6245.5,24290
1751383800,6245.25,6247.75,6243.25,6245.75,12204
1751384100,6245.75,6246.75,6238.75,6239.5,13909
1751384400,6239.5,6240,6233.25,6235.25,16262
1751384700,6235.5,6239.25,6234.5,6236.5,11685
1751385000,6236.5,6242.5,6235.5,6241.25,9551
1751385300,6241.25,6242.5,6240,6242,7237
1751385600,6242,6244.75,6239.75,6240.5,11713
1751385900,6240.5,6245.5,6239.75,6245,10299
1751386200,6244.75,6253.75,6243.75,6252.5,19835
1751386500,6252.25,6253.75,6247.75,6249.5,15151
1751386800,6249.5,6250,6244.75,6248,11048
1751387100,6248,6248.5,6245,6245.75,7357
1751387400,6245.75,6248.75,6243.5,6248.75,8524
1751387700,6248.75,6250.5,6247.25,6248.5,7238
1751388000,6248.5,6249,6245.75,6247.5,9943
1751388300,6247.5,6249.75,6243,6249,11899
1751388600,6249,6254.25,6247.75,6252.25,11193
1751388900,6252.25,6252.75,6243.5,6243.5,12373
1751389200,6243.5,6245.75,6242.5,6245.25,11323
1751389500,6245.25,6250.25,6244.25,6249,8347
1751389800,6249.25,6253.25,6248.25,6251.25,8750
1751390100,6251.25,6253.25,6249.5,6252.5,9072
1751390400,6252.25,6255,6249.75,6253.75,9387
1751390700,6253.5,6255.5,6251.25,6253.75,8300
1751391000,6253.5,6255,6250.5,6251.75,9004
1751391300,6251.75,6253.75,6251.5,6253.5,6434
1751391600,6253.75,6255.75,6252.5,6255.75,5886
1751391900,6255.75,6256.5,6253.75,6255,6115
1751392200,6255.25,6261.5,6254.5,6259,14616
1751392500,6259,6259.5,6257.25,6258.75,6247
1751392800,6259,6260.25,6255.5,6255.75,7391
1751393100,6255.75,6259.25,6255.25,6257.75,8395
1751393400,6257.75,6258,6255.75,6256.25,5498
1751393700,6256.5,6258,6252.25,6254.5,7933
1751394000,6254.5,6255.25,6253,6254.5,5070
1751394300,6254.5,6255.5,6252.75,6253.5,5180
1751394600,6253.25,6258.25,6252.5,6257.5,7258
1751394900,6257.5,6258.25,6254,6255.5,5871
1751395200,6255.5,6257.75,6255,6256.75,5210
1751395500,6256.5,6258.25,6255.75,6256.5,5289
1751395800,6256.75,6258,6255.75,6257.5,4827
1751396100,6257.25,6258,6252.5,6253,10247
1751396400,6252.75,6253,6240,6248.5,41500
1751396700,6248.5,6249.25,6243.5,6246.25,16445
1751397000,6246.5,6249.25,6243.5,6248,13055
1751397300,6248.25,6253.5,6248.25,6252.75,12511
1751397600,6252.75,6256.25,6251.75,6255.75,10332
1751397900,6255.75,6257,6254,6257,9078
1751398200,6257,6257.5,6251.25,6252.5,12377
1751398500,6252.25,6253,6249,6250,12990
1751398800,6250,6254.25,6249.75,6254,10709
1751399100,6254.25,6260.75,6254,6258,16742
1751399400,6258.25,6260,6251,6252.75,26699
1751399700,6252.75,6253.75,6247.25,6249,74129
1751400000,6249,6250,6245.25,6246.5,24521
1751400300,6246.5,6247.25,6245.25,6246.25,4999
1751400600,6246,6246.25,6244,6245,4221
1751463000,6245,6247.5,6238.75,6239.25,30871
1751463300,6239.5,6245,6238.25,6244.75,15445
1751463600,6244.75,6245.75,6241,6243.5,12880
1751463900,6243.25,6248.5,6243.25,6246,17371
1751464200,6245.75,6247.75,6244.25,6247,10835
1751464500,6246.75,6247,6242.75,6245,12169
1751464800,6245.25,6249.25,6244.75,6248.75,13613
1751465100,6248.75,6251.75,6248.75,6250.25,13048
1751465400,6250,6252,6249.75,6251,10447
1751465700,6251,6252.75,6250.75,6251.75,8643
1751466000,6251.5,6254,6250.5,6253.75,8589
1751466300,6253.75,6259.5,6253.25,6258,27819
1751466600,6258,6260.75,6258,6260,13541
1751466900,6260.25,6262,6259.25,6260.75,10464
1751467200,6261,6264,6254.25,6255.5,23835
1751467500,6255.5,6261.5,6254,6260.5,23871
1751467800,6260.75,6263.75,6260,6260.5,13449
1751468100,6260.5,6260.5,6257.25,6259.5,14850
1751468400,6259.75,6263,6259.5,6261.5,12927
1751468700,6261.75,6263.25,6259.75,6260.5,13057
1751469000,6260.5,6260.5,6257.5,6258.75,10803
1751469300,6258.75,6260.75,6258.5,6259.5,8240
1751469600,6259.5,6262.75,6258.75,6261.5,7986
1751469900,6261.5,6263,6259,6259.75,7717
1751470200,6259.75,6263.25,6259.25,6262,7175
1751470500,6261.75,6265.75,6261.75,6263,11479
1751470800,6263.25,6264.5,6262.25,6263.5,4885
1751471100,6263.5,6266.75,6262.5,6265,9211
1751471400,6264.75,6266,6263.5,6263.5,6315
1751471700,6263.5,6265.5,6262.25,6264.75,6750
1751472000,6264.75,6265.25,6260.5,6261,8319
1751472300,6261.25,6265,6260.5,6263.25,7809
1751472600,6263.25,6264,6261.25,6262.25,5568
1751472900,6262.5,6265.25,6261.75,6263.75,6173
1751473200,6263.75,6264.75,6262.5,6264.25,4185
1751473500,6264.25,6265,6261.25,6263.5,9548
1751473800,6263.25,6264.25,6261.75,6264,5345
1751474100,6264,6267.25,6264,6267.25,6980
1751474400,6267.25,6268.25,6265.5,6266.75,7452
1751474700,6266.75,6267.5,6265.25,6267.25,4742
1751475000,6267.5,6268,6265.5,6266.5,4464
1751475300,6266.25,6268,6266,6268,4275
1751475600,6268,6268.25,6266.25,6267,6042
1751475900,6267,6267.5,6264.75,6265,5394
1751476200,6265,6267.25,6264.75,6266.25,5579
1751476500,6266,6266,6264.25,6264.75,5046
1751476800,6264.75,6268.5,6263,6268.25,7691
1751477100,6268,6268.75,6266,6266.5,5354
1751477400,6266.5,6269,6265.5,6267.75,10215
1751477700,6268,6268,6265,6266.5,4341
1751478000,6266.5,6266.75,6264.5,6265.5,4015
1751478300,6265.25,6266.75,6264.5,6266.5,4879
1751478600,6266.5,6269.25,6266.25,6268,6346
1751478900,6268,6268.25,6266,6266,4010
1751479200,6266.25,6266.75,6264,6266.25,8798
1751479500,6266.5,6268,6265.5,6267.75,5193
1751479800,6267.75,6268.5,6266.75,6267,5296
1751480100,6267.25,6268.75,6265.5,6268.25,5850
1751480400,6268.25,6268.75,6266.75,6267.25,4575
1751480700,6267.25,6269,6267,6267.75,4786
1751481000,6267.75,6270.5,6267.75,6269.5,8540
1751481300,6269.75,6270.5,6269,6269.75,5519
1751481600,6269.75,6271.5,6269.5,6271,5829
1751481900,6271,6271.5,6269,6270,6053
1751482200,6270,6270.5,6268.5,6270,5597
1751482500,6270,6271,6269.5,6270.5,4161
1751482800,6270.5,6273.75,6270.25,6272.5,9638
1751483100,6272.75,6273,6271.5,6272.75,5069
1751483400,6272.5,6273.25,6271.25,6272.25,5112
1751483700,6272.5,6272.75,6270.5,6270.75,4760
1751484000,6270.75,6272.5,6270.5,6271.25,4131
1751484300,6271.25,6271.5,6269,6269.5,6089
1751484600,6269.5,6271.75,6269.25,6271,7879
1751484900,6271.25,6272,6269,6269.25,7109
1751485200,6269.5,6270.75,6268,6270.25,10583
1751485500,6270.25,6271,6268.75,6270.25,9668
1751485800,6270.25,6274.75,6269,6273.5,19667
1751486100,6273.5,6276.5,6273,6275.25,78998
1751486400,6275.25,6276,6273,6273,28350
1751486700,6273,6275,6273,6274.25,5434
1751487000,6274.25,6274.75,6272.75,6272.75,5046
1751549400,6293.25,6303.5,6292.75,6302,32082
1751549700,6302,6305.25,6302,6303.25,19986
1751550000,6303.25,6304,6299.75,6303.5,14758
1751550300,6303.75,6307.75,6303.25,6307.5,15978
1751550600,6307.5,6315.25,6305.75,6313.25,21794
1751550900,6313.25,6314.75,6309.5,6310,12800
1751551200,6310.25,6318.5,6309.75,6318,17194
1751551500,6318,6319,6317,6317.75,11892
1751551800,6318,6319.75,6317,6317.25,10954
1751552100,6317.5,6319.25,6315,6319,11561
1751552400,6319.25,6321,6318.5,6319.75,9105
1751552700,6319.75,6320.25,6318.5,6319.75,6869
1751553000,6319.75,6320.75,6317.5,6318.75,9613
1751553300,6318.75,6323,6318,6322.25,10220
1751553600,6322.25,6324.5,6321.75,6324,10686
1751553900,6323.75,6324.75,6322.5,6322.75,8482
1751554200,6322.75,6323.25,6321.75,6323,7914
1751554500,6323,6324.5,6322.75,6323.25,5942
1751554800,6323.25,6326.5,6322.5,6325,9199
1751555100,6325,6328.25,6324.25,6326.5,10122
1751555400,6326.75,6328,6325.75,6327.75,5900
1751555700,6328,6328,6323.75,6324.75,10450
1751556000,6324.75,6326.25,6323,6323.25,8884
1751556300,6323.5,6326,6322,6324.5,10343
1751556600,6324.25,6327.75,6324,6326.75,9478
1751556900,6326.5,6329,6326.25,6327.5,7658
1751557200,6327.75,6331,6327.5,6330.75,8838
1751557500,6330.75,6331.25,6329.5,6330.5,6790
1751557800,6330.5,6331,6329.25,6330,5945
1751558100,6330,6330.5,6327.5,6329.25,8550
1751558400,6329.5,6330.75,6328.75,6329.25,6727
1751558700,6329.5,6330.75,6328.75,6330,5790
1751559000,6330,6330.75,6329,6329.25,4189
1751559300,6329,6329,6326.5,6327.5,6638
1751559600,6327.5,6328.75,6325.5,6327.25,6812
1751559900,6327.25,6329,6326.5,6327.25,7307
1751560200,6327.25,6329.25,6326.25,6329.25,9419
1751560500,6329.5,6330,6328.5,6329.5,7343
1751560800,6329.5,6333.25,6329.5,6331.5,12692
1751561100,6331.25,6331.5,6327,6327.25,13004
1751561400,6327,6329.25,6318.75,6323.75,29125
1751561700,6323.75,6327.75,6322.5,6323,57672
1751562000,6323,6327,6321.75,6324.25,20877
1751562300,6324.25,6325.25,6322.25,6323.25,5238
1751562600,6323,6323.75,6320,6323.5,6454
1751895000,6302,6308.25,6297.25,6300.5,34530
1751895300,6300.75,6304.75,6299,6301.5,13364
1751895600,6301.75,6305,6299.75,6302.75,12976
1751895900,6302.75,6304,6299,6303.5,12964
1751896200,6303.75,6309.75,6302.75,6307.25,13956
1751896500,6307,6308.25,6304.5,6305.25,9411
1751896800,6305,6306.5,6295.5,6299,20941
1751897100,6299.25,6302,6298.25,6299.5,10746
1751897400,6299.5,6301.25,6295.75,6296,11388
1751897700,6295.75,6299.25,6293.5,6298,13122
1751898000,6298,6300.75,6297.25,6300.25,8994
1751898300,6300.25,6302.75,6297.5,6299,11580
1751898600,6299,6299.5,6293.75,6293.75,13773
1751898900,6294,6296.5,6293.25,6295.25,9638
1751899200,6295.25,6297.5,6294.25,6295,7201
1751899500,6295,6297.75,6294,6295.25,8917
1751899800,6295.25,6296.25,6287.75,6291,16096
1751900100,6291,6292.5,6288,6290,12680
1751900400,6289.75,6292.5,6287.25,6289.25,13456
1751900700,6289.25,6290,6287.25,6289,8629
1751901000,6288.75,6289.5,6286.75,6287.5,9473
1751901300,6287.5,6289.25,6284.5,6285.25,9886
1751901600,6285.5,6288,6283.75,6286.75,8551
1751901900,6286.75,6289.5,6286,6289,7431
1751902200,6289,6290.75,6287,6287.75,8210
1751902500,6287.5,6288.75,6286.5,6287.5,5848
1751902800,6287.5,6288,6284.25,6284.75,5734
1751903100,6284.5,6285.75,6280.5,6282.25,11228
1751903400,6282.25,6283.25,6279.75,6282.25,8051
1751903700,6282.25,6287.5,6282,6285.75,10336
1751904000,6285.5,6291,6285.5,6289.75,9818
1751904300,6289.75,6291.25,6289,6290,6848
1751904600,6289.75,6290.25,6286,6288.5,6605
1751904900,6288.5,6290.25,6275.75,6280.5,21983
1751905200,6280.25,6282.25,6260.25,6270,60975
1751905500,6270,6276,6264.25,6274,21254
1751905800,6274,6280,6273.25,6278.5,15981
1751906100,6278.75,6280.75,6273,6275.25,15337
1751906400,6275.25,6277.5,6269.5,6272.5,10419
1751906700,6272.5,6274,6267.25,6269,10782
1751907000,6268.75,6270.25,6264,6264.75,13073
1751907300,6264.75,6268.75,6262.75,6266,11062
1751907600,6266,6270.25,6264,6265,11201
1751907900,6264.75,6270,6263.75,6269.25,6520
1751908200,6269.25,6274,6268.75,6274,9222
1751908500,6273.75,6276.25,6271.75,6276.25,5793
1751908800,6276.25,6278.25,6273,6273.25,8459
1751909100,6273.5,6273.5,6268,6269.75,7308
1751909400,6269.75,6282.5,6268.5,6271,32992
1751909700,6271.25,6271.75,6265.25,6267.75,11166
1751910000,6267.75,6270.75,6263.5,6266.75,9265
1751910300,6266.75,6270,6265,6268.5,6719
1751910600,6268.25,6269.5,6265,6266.75,4840
1751910900,6266.75,6270,6265.5,6268.25,4755
1751911200,6268.25,6271.75,6267.75,6270,6588
1751911500,6270,6271.75,6268,6271.25,5361
1751911800,6271,6271.5,6266.75,6267.25,5421
1751912100,6267.25,6267.5,6253.25,6254.5,21288
1751912400,6254.5,6256.25,6246.25,6253.5,24670
1751912700,6253.75,6256.25,6246.5,6247.25,13670
1751913000,6247.25,6252.25,6246.25,6252,12037
1751913300,6252,6257.5,6251,6256.25,10859
1751913600,6256.25,6263.75,6256,6262.5,11550
1751913900,6262.5,6265,6261.5,6264.75,9041
1751914200,6264.5,6266.75,6263.75,6265.75,8328
1751914500,6265.75,6270.25,6265.75,6269.75,10242
1751914800,6269.5,6272,6266,6266.5,13002
1751915100,6266.25,6267,6261.5,6263,11958
1751915400,6263,6267.75,6262.25,6265.25,9083
1751915700,6265,6267.25,6264.5,6266,6196
1751916000,6266.25,6267.25,6263.5,6263.5,6911
1751916300,6263.75,6265.5,6262.25,6262.5,5907
1751916600,6262.5,6266.5,6262.25,6265,8266
1751916900,6265,6266.25,6263,6263.75,5699
1751917200,6263.75,6265.5,6261.75,6264.75,8873
1751917500,6264.75,6266.5,6262.5,6265.75,9745
1751917800,6265.75,6272.75,6265.75,6270.25,30619
1751918100,6270.5,6278,6269.75,6275.5,79567
1751918400,6275.5,6276,6268.75,6269.25,25453
1751918700,6269,6270,6267,6268,4632
1751919000,6267.75,6269.5,6267,6269.5,4297
1751981400,6281,6281.25,6273.25,6273.25,26758
1751981700,6273.25,6276.75,6272.75,6274,15536
1751982000,6274,6280.25,6273,6278.25,14286
1751982300,6278,6284.25,6277.5,6281.25,16400
1751982600,6281,6282.75,6278,6280.75,12739
1751982900,6280.75,6281.5,6273.75,6274,13147
1751983200,6274,6276.75,6269.5,6272.5,20063
1751983500,6272.75,6273,6266.25,6269.5,21786
1751983800,6269.5,6272.5,6267.5,6270.5,11105
1751984100,6270.75,6274.5,6269.5,6270.25,11575
1751984400,6270.25,6272.25,6264.5,6264.75,14750
1751984700,6264.75,6268.5,6263.75,6267.5,14896
1751985000,6267.75,6279.25,6267.25,6279.25,17637
1751985300,6279.25,6282.5,6277.5,6281,16247
1751985600,6281,6282.5,6275.75,6278.25,13345
1751985900,6278.5,6278.5,6269.25,6273,28809
1751986200,6273,6275.75,6263.75,6266.75,23233
1751986500,6266.5,6271.75,6262.5,6271.75,15913
1751986800,6271.75,6275,6269.75,6273,11004
1751987100,6272.75,6277.25,6272.5,6276.25,10211
1751987400,6276,6278.75,6274.25,6275,10295
1751987700,6275,6276.5,6272,6272.5,8637
1751988000,6272.5,6273.75,6266.25,6267,12634
1751988300,6267,6270.5,6264.5,6267,12341
1751988600,6267,6271.25,6267,6270,12054
1751988900,6269.75,6273.75,6269.25,6273.25,9638
1751989200,6273.25,6274,6271.75,6273,8511
1751989500,6273,6277.25,6272.75,6276.5,8592
1751989800,6276.5,6278.75,6276,6277.25,7221
1751990100,6277.25,6279.75,6276.25,6278,6943
1751990400,6278,6279.75,6277,6277,6856
1751990700,6277,6277.25,6272.5,6273.75,9499
1751991000,6273.5,6277.75,6273.25,6277,7932
1751991300,6277,6279.25,6275.5,6278.25,4789
1751991600,6278.25,6283.75,6277.5,6283.75,10686
1751991900,6283.75,6288.75,6283.5,6286.5,14895
1751992200,6286.5,6288,6279.25,6280.75,27391
1751992500,6281,6282.25,6271.5,6279.25,22201
1751992800,6279.5,6281.75,6276.75,6280,8600
1751993100,6280,6281,6277.25,6279,6253
1751993400,6279,6280.25,6276.5,6279.25,5779
1751993700,6279.25,6280.25,6274.75,6275.25,16452
1751994000,6275.25,6277,6272.5,6274.75,7750
1751994300,6274.75,6274.75,6270.5,6271.25,9825
1751994600,6271,6275.75,6270.25,6274,7621
1751994900,6274,6274.5,6265.75,6270.25,13925
1751995200,6270.25,6274.25,6266.75,6274,9178
1751995500,6274,6276.25,6272.5,6275.75,6339
1751995800,6275.75,6278.75,6269.75,6270.5,9157
1751996100,6270.25,6272.75,6270,6271.25,6067
1751996400,6271.5,6272.75,6269.5,6271.75,4973
1751996700,6271.75,6274.25,6271,6273,4705
1751997000,6272.75,6279.75,6271.5,6278.75,7382
1751997300,6278.5,6280.75,6277.5,6279.25,5653
1751997600,6279,6279.25,6276.25,6278,5659
1751997900,6277.75,6279.75,6277.25,6278.75,5270
1751998200,6278.75,6280.75,6278.25,6279.25,4644
1751998500,6279,6280.25,6278.5,6278.75,4769
1751998800,6279,6279.25,6274.5,6276.5,6849
1751999100,6276.75,6277,6273.5,6274,5190
1751999400,6274.25,6274.75,6270.75,6273,8440
1751999700,6272.75,6276.5,6272.25,6276.5,5278
1752000000,6276.25,6276.75,6271.25,6271.75,5218
1752000300,6271.5,6273.75,6270.5,6273,5411
1752000600,6273,6274.5,6272,6273.5,4485
1752000900,6273.5,6274.75,6272,6272.75,3557
1752001200,6272.75,6274,6271.25,6272.5,5460
1752001500,6272.25,6273.75,6270.25,6271,6484
1752001800,6271,6271.75,6268.25,6270.5,8084
1752002100,6270.25,6271.75,6269.25,6271.25,4640
1752002400,6271.25,6273,6268.75,6269.75,5919
1752002700,6269.75,6273.25,6269,6272.5,4594
1752003000,6272.75,6273,6271,6271.75,5684
1752003300,6271.75,6272.5,6269.5,6270,5400
1752003600,6270,6270.75,6267.75,6269.25,7573
1752003900,6269.25,6274,6268.75,6274,10107
1752004200,6274,6276.25,6267.5,6270.5,17681
1752004500,6270.75,6273.75,6269.5,6270.5,71987
1752004800,6270.5,6274,6269.25,6272.5,20470
1752005100,6272.5,6274.25,6272,6273.25,3876
1752005400,6273.5,6273.5,6271.5,6272.25,3340
1752067800,6295.25,6303.75,6293.75,6303,33936
1752068100,6303.25,6306.5,6301.5,6306,19197
1752068400,6306.25,6309.75,6304.75,6308.25,20622
1752068700,6308.5,6313.75,6308.25,6313.25,22560
1752069000,6313.25,6315.25,6311.25,6312.25,20294
1752069300,6312,6312.5,6308.75,6310,18826
1752069600,6310,6313,6307.75,6308,17962
1752069900,6308,6311.5,6306,6309.75,17669
1752070200,6309.75,6312.5,6307.25,6309.75,14449
1752070500,6309.75,6310.5,6307.25,6307.25,10491
1752070800,6307.25,6308.75,6306.5,6307,9880
1752071100,6307.25,6308.5,6298.75,6301,25251
1752071400,6301.25,6301.25,6289.25,6292.75,49553
1752071700,6292.5,6294.25,6285.5,6292.75,28618
1752072000,6292.75,6293.5,6286,6287.5,17964
1752072300,6287.5,6292.25,6284,6286.25,25738
1752072600,6286.25,6286.25,6280.25,6282.75,22701
1752072900,6282.5,6283.25,6277.5,6281.25,19313
1752073200,6281.5,6287.25,6279,6286.5,22622
1752073500,6286.5,6287,6281,6283.75,13822
1752073800,6283.75,6284.5,6278,6280,13319
1752074100,6280,6281.5,6276,6280.5,15677
1752074400,6280.75,6285,6280.5,6285,10935
1752074700,6284.75,6290.75,6284.75,6288,13675
1752075000,6288,6289.75,6285.75,6288.25,9466
1752075300,6288.25,6289.25,6280,6287.75,13627
1752075600,6287.5,6290.75,6287.25,6290.5,10202
1752075900,6290.25,6292.75,6289.5,6290.25,8444
1752076200,6290,6290.75,6284.25,6284.75,11887
1752076500,6284.5,6288.75,6283.75,6286.5,6577
1752076800,6286.25,6291.25,6285.75,6289.25,8274
1752077100,6289,6290.25,6286.5,6288,8615
1752077400,6288,6289,6282.5,6286,10909
1752077700,6286,6289,6285.5,6288.5,6282
1752078000,6288.5,6288.75,6283.25,6284.5,7691
1752078300,6284.5,6286.5,6283.5,6285,5283
1752078600,6285,6288,6285,6286.5,5465
1752078900,6286.25,6288.75,6284.75,6284.75,5903
1752079200,6284.75,6287.75,6284.25,6287,5392
1752079500,6287,6289.75,6286.5,6288.75,6018
1752079800,6289,6290.75,6288,6290.75,5415
1752080100,6290.75,6291,6287.25,6287.5,5121
1752080400,6287.25,6288.5,6283,6286.25,8543
1752080700,6286.25,6291.5,6285.75,6289.75,6668
1752081000,6289.5,6290.75,6287.75,6288.5,4896
1752081300,6288.25,6293.25,6287.5,6292.75,6369
1752081600,6292.5,6293.5,6290.5,6293,6607
1752081900,6293.25,6294,6288.5,6290.5,8496
1752082200,6290.5,6291.5,6287.75,6289.5,7252
1752082500,6289.75,6292.5,6289.5,6292.5,4577
1752082800,6292.5,6293.5,6290,6290.75,5193
1752083100,6291,6293.25,6288.25,6292.5,8299
1752083400,6292.25,6295.25,6289.25,6291.75,15020
1752083700,6291.5,6293.25,6289.5,6291.75,4280
1752084000,6291.5,6296,6291,6295.5,6354
1752084300,6295.25,6300.75,6295.25,6297.5,12397
1752084600,6297.75,6300.25,6296.75,6298.5,6999
1752084900,6298.75,6299.25,6295.25,6297.25,7733
1752085200,6297,6298.75,6294.5,6297.5,5123
1752085500,6297.25,6298.25,6295,6296,4282
1752085800,6296,6298.5,6295.75,6296.75,5512
1752086100,6296.75,6299.5,6296.25,6298.5,4822
1752086400,6298.5,6298.5,6295.5,6297,5175
1752086700,6297.25,6298.25,6296.5,6297.75,5972
1752087000,6297.75,6301,6297,6299.75,5896
1752087300,6300,6303.25,6299.75,6301.5,7973
1752087600,6301.5,6302.75,6300.75,6301.75,5031
1752087900,6301.75,6302,6298.75,6298.75,6114
1752088200,6299,6300.25,6298.25,6299.25,4627
1752088500,6299.25,6302.25,6299,6302,5104
1752088800,6301.75,6305,6301.75,6303.25,10014
1752089100,6303,6304.5,6302.5,6303.25,5073
1752089400,6303.25,6303.75,6301.25,6303.25,8642
1752089700,6303.25,6305.25,6302.25,6304.75,6530
1752090000,6304.75,6304.75,6302.5,6304.5,7149
1752090300,6304.25,6306,6303.25,6306,7384
1752090600,6305.75,6307.5,6302.25,6305.75,19591
1752090900,6305.5,6309.5,6305.5,6307,55533
1752091200,6307,6309.75,6306,6306,24107
1752091500,6306.25,6309.25,6305.5,6307.5,6427
1752091800,6307.75,6310,6307.5,6309.75,4290
1752154200,6307.75,6310,6302.5,6304.25,25684
1752154500,6304.25,6305.75,6302.25,6303.25,12695
1752154800,6303.5,6305,6301,6304.5,12209
1752155100,6304.5,6306.75,6300.25,6301.5,17512
1752155400,6301.5,6305,6298.5,6300.75,14376
1752155700,6300.5,6303.25,6297,6300,16971
1752156000,6300,6300.75,6296,6297.5,18843
1752156300,6297.5,6300.5,6296,6300.25,14770
1752156600,6300.5,6303.75,6300,6303,14223
1752156900,6303.25,6308.5,6303.25,6307,14531
1752157200,6307.25,6307.75,6302.75,6303.25,12549
1752157500,6303.25,6303.25,6298.75,6303.25,13439
1752157800,6303.25,6307.75,6303.25,6306.25,12244
1752158100,6306.25,6310.75,6305.5,6309.75,12133
1752158400,6310,6314.75,6308.75,6314.5,20202
1752158700,6314.5,6316,6312,6314.25,12582
1752159000,6314.25,6317.25,6314.25,6316,10568
1752159300,6316,6316.75,6313,6314.75,10068
1752159600,6314.75,6318.25,6314.5,6318,10387
1752159900,6318,6319.5,6317.5,6318.25,12164
1752160200,6318.25,6318.75,6315,6317.25,11453
1752160500,6317.25,6320.75,6317,6318.75,8619
1752160800,6318.5,6319.25,6316,6319,7706
1752161100,6319,6322.25,6318.5,6321.75,10274
1752161400,6321.75,6323.5,6320,6320.75,10418
1752161700,6320.75,6323.25,6320.5,6322.5,9494
1752162000,6322.5,6324.25,6321,6324,7603
1752162300,6324,6324.5,6322.25,6323.25,6363
1752162600,6323.25,6324,6322,6323,5546
1752162900,6323.25,6323.75,6322,6323.5,5155
1752163200,6323.5,6324.25,6321.25,6322.75,6967
1752163500,6323,6323.5,6321,6321,5838
1752163800,6321,6321.5,6317.5,6318.5,10452
1752164100,6318.5,6319.75,6316.5,6319,7932
1752164400,6318.75,6320.75,6317.25,6320.75,6352
1752164700,6320.5,6322.75,6320.5,6322.25,5669
1752165000,6322,6323.75,6320.5,6321,5706
1752165300,6321.25,6322.25,6318.75,6322.25,5900
1752165600,6322.25,6324.25,6321.75,6323.5,6102
1752165900,6323.5,6323.5,6321,6321.25,4074
1752166200,6321.5,6323.25,6321.25,6322.75,3883
1752166500,6322.75,6323.75,6321.5,6322,4826
1752166800,6322,6325.75,6321.75,6324.5,6072
1752167100,6324.75,6326.25,6324.25,6324.75,5709
1752167400,6325,6328,6324.75,6325.75,6510
1752167700,6325.75,6327.25,6324.25,6327,4676
1752168000,6327.25,6328.75,6326.25,6328,7050
1752168300,6328.25,6328.75,6327.25,6327.25,4952
1752168600,6327.25,6330.75,6327.25,6330.25,7186
1752168900,6330.25,6331.5,6329.25,6329.5,6028
1752169200,6329.75,6331.25,6329.25,6330.25,4679
1752169500,6330.5,6330.75,6328.5,6330,4679
1752169800,6329.75,6334.5,6329.75,6334.25,9462
1752170100,6334,6334.5,6332,6332.5,5836
1752170400,6332.5,6334,6331.25,6332.5,5781
1752170700,6332.75,6334.5,6332.25,6333.25,4575
1752171000,6333.25,6333.75,6332.5,6332.75,3506
1752171300,6333,6335.25,6332.5,6334.5,4781
1752171600,6334.5,6335.5,6333.5,6334,4170
1752171900,6333.75,6334.75,6332.75,6332.75,4220
1752172200,6332.75,6333.5,6330.5,6331,7828
1752172500,6330.75,6331.5,6330,6330.75,5136
1752172800,6330.5,6332,6330,6330.25,4709
1752173100,6330,6331.75,6329,6329.75,5633
1752173400,6330,6330,6327.75,6329,5756
1752173700,6329,6330,6327.5,6329.25,6176
1752174000,6329.25,6331,6328.5,6330,7304
1752174300,6330,6331.25,6328.75,6331.25,4228
1752174600,6331.25,6331.75,6330,6330.75,4039
1752174900,6331,6331.75,6330,6331.25,4889
1752175200,6331,6332,6329.5,6329.75,4468
1752175500,6329.75,6331,6327.5,6328.25,6085
1752175800,6328.25,6330.75,6327.75,6330.75,6835
1752176100,6330.5,6331.5,6329.75,6331.25,5031
1752176400,6331,6333.25,6331,6331.25,8564
1752176700,6331.5,6331.5,6326.25,6327.75,13519
1752177000,6327.75,6327.75,6318.25,6321.25,31637
1752177300,6321.5,6326.25,6320.75,6324.5,55862
1752177600,6324.5,6325.25,6322.25,6322.75,17121
1752177900,6322.75,6324.5,6322.25,6322.25,3461
1752178200,6322.25,6322.5,6319.25,6320.25,5806
1752240600,6290.5,6298.75,6288.5,6289.5,28678
1752240900,6289.5,6290,6283,6286,16468
1752241200,6285.75,6286.75,6280,6281.5,14939
1752241500,6281.5,6290.75,6278.5,6289.5,19915
1752241800,6289.25,6293,6288,6289.5,15478
1752242100,6289.5,6296.75,6289,6295.75,18063
1752242400,6296,6296.5,6293.25,6295.5,13048
1752242700,6295.75,6298.5,6294,6294.75,12922
1752243000,6295,6301,6293.5,6299.25,12814
1752243300,6299.25,6301.5,6297.75,6300.75,11204
1752243600,6301,6304.75,6299.75,6304.25,11707
1752243900,6304,6306.25,6303,6303.5,9098
1752244200,6303.5,6306.75,6302.25,6306,11041
1752244500,6306,6307.5,6304,6304,9092
1752244800,6304,6304.25,6300.5,6303.25,10623
1752245100,6303.5,6303.5,6298.75,6301.5,9068
1752245400,6301.75,6303,6295.75,6298.25,11587
1752245700,6298.5,6302.75,6298,6302.25,8657
1752246000,6302.25,6302.5,6299.5,6300.5,8416
1752246300,6300.5,6301.25,6297,6298.5,8561
1752246600,6298.5,6299.75,6291.5,6291.5,12857
1752246900,6291.5,6296,6290.25,6295.75,12974
1752247200,6295.75,6301.75,6295.75,6297,12077
1752247500,6296.75,6298,6293,6297.5,10774
1752247800,6297.5,6301.25,6297,6301,8019
1752248100,6300.75,6304.75,6300.5,6304.5,7365
1752248400,6304.5,6310.25,6304.25,6308,13845
1752248700,6307.75,6308.25,6303.25,6303.75,9657
1752249000,6303.5,6303.75,6298.25,6301.25,9153
1752249300,6301.25,6302,6298.25,6301.25,6990
1752249600,6301.5,6304.5,6297.25,6297.75,10738
1752249900,6297.5,6299,6294.75,6297,9595
1752250200,6297.25,6298,6295.25,6298,7200
1752250500,6298.25,6302.5,6297.75,6298.25,7669
1752250800,6298,6303,6298,6301.75,5966
1752251100,6301.75,6303.75,6300.75,6303,5140
1752251400,6303.25,6304.5,6299.75,6303,5984
1752251700,6303,6304.5,6301,6303.25,4661
1752252000,6303,6304.25,6299.25,6299.75,4705
1752252300,6299.5,6302.75,6299.25,6302,5428
1752252600,6302,6305.75,6301.75,6305.5,5647
1752252900,6305.75,6308.25,6305.5,6307.5,8128
1752253200,6307.25,6308.5,6305,6307.75,7184
1752253500,6307.5,6309.75,6306.5,6308.5,6508
1752253800,6308.5,6309,6306.75,6308,6035
1752254100,6308,6309.25,6306.5,6309.25,5138
1752254400,6309.25,6310,6306.75,6306.75,5334
1752254700,6306.75,6310,6306.25,6308.5,5754
1752255000,6308.75,6310,6307,6308.25,5742
1752255300,6308.5,6309.25,6302.25,6303.5,9691
1752255600,6303.75,6305.75,6301.5,6303.5,7721
1752255900,6303.5,6306,6303.25,6305.75,5838
1752256200,6305.75,6308,6305,6307.5,4738
1752256500,6307.5,6309.75,6307.5,6309,4772
1752256800,6309,6311.25,6307,6308.5,7723
1752257100,6308.25,6310.75,6307.5,6308.5,5171
1752257400,6308.25,6310.5,6306.25,6308.5,5414
1752257700,6308.5,6309.5,6306.75,6307.25,3704
1752258000,6307,6309,6306.25,6307.75,3790
1752258300,6307.75,6309.5,6304.75,6307,10008
1752258600,6307,6310,6305.75,6309.5,6110
1752258900,6309.25,6312,6309.25,6310.25,7741
1752259200,6310.25,6312.5,6310,6312.5,5588
1752259500,6312.5,6312.75,6310.25,6311.25,7623
1752259800,6311.25,6312.25,6308.75,6309.75,5228
1752260100,6309.5,6310.25,6306,6307.75,7527
1752260400,6307.5,6307.75,6299.75,6302.5,16805
1752260700,6302.5,6305.25,6295,6305,27257
1752261000,6305,6306,6301.25,6305.25,11845
1752261300,6305.5,6307.75,6304.5,6307,7309
1752261600,6307,6309.5,6306.75,6309.25,6019
1752261900,6309,6311.25,6308.25,6308.5,9381
1752262200,6308.5,6309.5,6306.25,6309,9364
1752262500,6309,6310,6307.75,6308.5,7744
1752262800,6308.75,6309.75,6305.5,6306,8868
1752263100,6306.25,6308.75,6304.5,6308.75,9252
1752263400,6308.5,6308.75,6300.75,6302.75,22416
1752263700,6302.75,6305.5,6298.5,6299,59076
1752264000,6299.25,6300,6296.5,6299.5,21282
1752264300,6299.75,6300,6298,6298,4123
1752264600,6298.25,6298.75,6296.5,6297.25,3623
1752499800,6294.25,6296,6289.25,6290.25,34599
1752500100,6290.25,6294.25,6287.5,6292.75,15633
1752500400,6293,6293.75,6280.5,6281.75,21962
1752500700,6281.5,6295,6280.5,6294.25,21135
1752501000,6294.25,6297.25,6291.5,6294.75,16518
1752501300,6294.75,6295,6287.5,6289,12801
1752501600,6289.25,6291,6285.75,6291,14948
1752501900,6291,6292.75,6288,6291.25,9174
1752502200,6291.25,6292.5,6284.75,6291.75,14418
1752502500,6292,6297.25,6291.75,6295.25,11264
1752502800,6295,6299.75,6294.25,6298,14846
1752503100,6298,6298.25,6288.25,6289.25,15614
1752503400,6289.25,6291.5,6285.75,6288.25,18144
1752503700,6288.5,6293,6287.25,6291.5,11173
1752504000,6291.5,6293.5,6290.5,6292.25,9194
1752504300,6292.25,6294.5,6289,6289.75,10225
1752504600,6289.5,6294.5,6288.75,6293.5,8627
1752504900,6293.75,6298,6293.25,6297.5,10873
1752505200,6297.5,6300.75,6295.75,6296.75,16066
1752505500,6296.75,6299.5,6295.25,6298.5,10616
1752505800,6298.5,6300.5,6298,6299.5,8224
1752506100,6299.25,6300.5,6296.75,6298.75,6950
1752506400,6298.75,6300.25,6297.5,6299.75,6873
1752506700,6299.75,6304.25,6299.25,6304.25,8836
1752507000,6304.25,6305,6301.5,6302.75,9708
1752507300,6302.75,6305.75,6301.25,6305,9919
1752507600,6305.25,6307,6304.25,6304.5,7931
1752507900,6304.25,6304.5,6302.25,6302.75,8794
1752508200,6303,6304,6301.75,6302.5,5704
1752508500,6302.5,6302.75,6300.25,6302,7884
1752508800,6302.25,6304.25,6300.75,6303.25,7174
1752509100,6303.25,6306,6302.75,6305.5,6024
1752509400,6305.75,6306,6300.75,6303,7100
1752509700,6303.25,6303.5,6300.75,6302,4997
1752510000,6302.25,6304,6301.25,6302.25,3998
1752510300,6302,6303.25,6301.25,6301.5,3977
1752510600,6301.5,6302.25,6298.75,6300,5846
1752510900,6299.75,6301.25,6299.75,6300.25,3131
1752511200,6300,6304.25,6299.75,6302.25,5794
1752511500,6302.5,6305.5,6302,6305.25,4366
1752511800,6305.5,6307.25,6304.75,6306.5,4787
1752512100,6306.75,6307.75,6305.5,6305.5,5296
1752512400,6305.5,6309.25,6305.5,6309,6179
1752512700,6309.25,6309.5,6307.25,6308,4839
1752513000,6308.25,6310,6307.5,6310,4885
1752513300,6310,6312.75,6309.25,6311.5,8518
1752513600,6311.75,6312,6309.5,6310.25,5526
1752513900,6310.5,6310.75,6309.25,6310.25,4257
1752514200,6310.25,6312.25,6309.75,6311.5,5122
1752514500,6311.25,6313.25,6310.25,6311.5,5517
1752514800,6311.5,6311.5,6309.5,6310,4707
1752515100,6310.25,6310.5,6307.5,6310.25,7392
1752515400,6310,6312.25,6309.75,6312,4275
1752515700,6312,6312,6309.75,6310,3725
1752516000,6310,6311.25,6309,6311.25,5187
1752516300,6311.25,6312.5,6310.75,6312,3958
1752516600,6311.75,6312.5,6310.25,6310.75,3104
1752516900,6311,6311.25,6310,6310.5,3402
1752517200,6310.25,6312.5,6310,6311.75,3916
1752517500,6311.75,6313.25,6311,6313,3224
1752517800,6313,6314.75,6312.75,6314.5,7730
1752518100,6314.25,6315,6312.75,6313.25,5668
1752518400,6313.25,6314,6312.25,6314,4151
1752518700,6314,6314.25,6312.75,6313,3456
1752519000,6313.25,6314.25,6312.75,6313.25,3947
1752519300,6313.5,6314.25,6312.25,6312.75,4881
1752519600,6313,6314.5,6312.75,6313.5,5794
1752519900,6313.75,6313.75,6311,6311,5814
1752520200,6311.25,6312.75,6310.75,6312.5,6127
1752520500,6312.25,6312.5,6310.75,6311.25,4756
1752520800,6311,6311.5,6307,6309,11099
1752521100,6309,6313,6308.75,6310.25,8392
1752521400,6310.25,6310.25,6308.25,6308.5,7600
1752521700,6308.5,6310.25,6308,6309,5949
1752522000,6308.75,6310,6307.25,6307.5,6533
1752522300,6307.5,6311.5,6306.25,6310.5,10896
1752522600,6310.75,6311.25,6307.25,6309.25,16954
1752522900,6309.25,6313.5,6308,6310.75,65596
1752523200,6310.75,6312,6308.5,6308.5,16999
1752523500,6308.5,6309,6308.25,6308.5,2355
1752523800,6308.25,6309.25,6307.75,6308.5,2970
1752586200,6338,6341.75,6331,6331.5,34198
1752586500,6331.75,6334.25,6327.25,6327.5,23527
1752586800,6327.75,6327.75,6321,6325.75,29438
1752587100,6326,6329,6320.25,6321.75,21648
1752587400,6321.75,6326.75,6321.5,6323.75,15942
1752587700,6324,6325.5,6318,6318.75,17077
1752588000,6319,6320.75,6314.75,6317,23617
1752588300,6317.25,6322,6316.25,6320.25,18532
1752588600,6320,6325,6319.5,6324.5,12836
1752588900,6324.5,6326.5,6319.5,6324.25,15380
1752589200,6324.25,6324.75,6321,6322.5,10628
1752589500,6322.25,6322.5,6316,6317.25,17163
1752589800,6317.25,6318.5,6310.5,6316.5,21395
1752590100,6316.25,6317.5,6310.75,6313.25,14657
1752590400,6313.25,6314.25,6309,6311.25,16282
1752590700,6311,6316,6311,6314,12164
1752591000,6314,6315.25,6302.75,6306,21781
1752591300,6306.25,6306.25,6300,6301,18859
1752591600,6300.75,6306.75,6300.75,6305.25,19390
1752591900,6305.5,6311,6305.25,6308.75,13650
1752592200,6308.75,6310.75,6304.25,6304.75,11991
1752592500,6304.5,6307,6303.75,6305.75,13148
1752592800,6305.75,6312.5,6305.25,6312.25,13402
1752593100,6312,6314.5,6310.75,6313.25,11286
1752593400,6313.5,6314.5,6307.5,6310,13542
1752593700,6310,6311.75,6307.5,6310.25,10439
1752594000,6310.25,6314.25,6309.75,6312.25,8437
1752594300,6312.5,6316,6312,6315.25,7954
1752594600,6315.25,6315.5,6310.25,6310.75,9248
1752594900,6310.75,6311.25,6307,6310.5,9103
1752595200,6310.5,6312.25,6308.75,6311.5,7072
1752595500,6311.5,6312.25,6304.25,6304.25,9544
1752595800,6304.5,6307,6302,6305.5,12071
1752596100,6305.5,6308.25,6304.75,6305.75,8713
1752596400,6306,6309,6304.75,6306.25,6305
1752596700,6306.5,6307,6303.5,6304.75,6659
1752597000,6304.75,6308,6304,6304.25,7054
1752597300,6304.25,6305,6300.25,6302.5,7985
1752597600,6302.5,6304.75,6300.25,6303.5,7342
1752597900,6303.5,6306,6303.5,6304,6803
1752598200,6304,6305.75,6300.5,6301.25,9002
1752598500,6301,6302.75,6292,6294.25,21834
1752598800,6294,6299.25,6293.5,6297,9123
1752599100,6296.75,6298.25,6294.25,6294.25,6078
1752599400,6294.5,6297.75,6294.5,6296,5821
1752599700,6295.75,6297.25,6291.25,6297,9631
1752600000,6296.75,6300.25,6295.75,6299.25,6712
1752600300,6299.25,6301,6297,6300.5,8338
1752600600,6300.5,6303.25,6300.5,6303.25,6174
1752600900,6303.25,6306,6302.5,6305,8809
1752601200,6305.25,6305.75,6301.25,6303,7850
1752601500,6303.25,6304.5,6302.25,6302.5,4646
1752601800,6302.75,6306.5,6301.25,6306.5,5965
1752602100,6306.25,6308.75,6305.75,6308.25,5621
1752602400,6308.5,6309.5,6305.25,6307.75,9295
1752602700,6308,6309.75,6306.75,6309.5,4947
1752603000,6309.5,6311,6308.75,6309.75,5820
1752603300,6310,6311,6308,6308,5842
1752603600,6308.25,6311,6308,6310,4514
1752603900,6310.25,6310.75,6307.75,6308.5,5044
1752604200,6308.5,6310.75,6308.25,6310,6330
1752604500,6310,6310,6305.5,6308,7355
1752604800,6308,6309,6305.25,6306,6169
1752605100,6305.75,6308,6305.25,6306.75,4694
1752605400,6306.75,6307.75,6300.25,6302.25,11123
1752605700,6302,6302.25,6294.75,6295,20738
1752606000,6294.75,6300,6292.5,6298,15299
1752606300,6298,6298.25,6295.25,6296.75,7205
1752606600,6296.75,6298.75,6296,6297.5,6364
1752606900,6297.25,6299,6295.25,6298.75,7267
1752607200,6298.5,6300,6295.5,6297,7993
1752607500,6297,6297.5,6293.25,6295,7578
1752607800,6295,6297.25,6294.25,6294.5,8125
1752608100,6294.25,6296.75,6293.75,6296.25,6910
1752608400,6296.25,6300,6296,6298.75,8994
1752608700,6298.5,6299,6295.5,6298.5,8769
1752609000,6298.5,6300,6291.75,6293,21607
1752609300,6293,6295.5,6282,6282.25,79305
1752609600,6282.25,6284.75,6277.75,6279,31441
1752609900,6279,6280.75,6277.5,6279.25,6515
1752610200,6279.25,6280.25,6276.25,6277.25,5183
1752672600,6298.5,6302,6293.25,6296.25,40356
1752672900,6296,6300.5,6294.25,6298.5,19969
1752673200,6298.75,6299,6290.75,6292.25,18445
1752673500,6292.5,6293.25,6287.25,6287.25,18290
1752673800,6287.5,6288.25,6282.5,6283.5,21940
1752674100,6283.5,6287.25,6281,6281.75,15239
1752674400,6282,6285.5,6281,6283.75,15478
1752674700,6283.75,6286,6277.5,6283,18449
1752675000,6283,6288.75,6282.5,6283,16065
1752675300,6283.25,6288,6281.5,6287.5,13382
1752675600,6287.25,6289.5,6284.75,6286.5,11239
1752675900,6286.25,6288,6282.75,6286,13258
1752676200,6285.75,6291.25,6285,6287.75,17497
1752676500,6287.75,6287.75,6281,6284.25,17742
1752676800,6284.25,6285.75,6281,6285.75,10185
1752677100,6285.5,6290.75,6285.5,6290,9484
1752677400,6290.25,6295,6277.75,6280.5,37232
1752677700,6280.25,6288.75,6276,6282.75,42061
1752678000,6282.75,6290.25,6281.5,6287.75,20607
1752678300,6287.75,6291.75,6286.25,6290,12698
1752678600,6290,6295,6289.25,6294.5,14489
1752678900,6294.5,6294.75,6262.5,6263.75,67615
1752679200,6263.75,6268,6255.25,6259.25,48918
1752679500,6259,6276.75,6258.25,6274,30247
1752679800,6274.25,6275.25,6252.75,6254.5,43461
1752680100,6254.25,6254.5,6241,6248,34043
1752680400,6248.25,6267.25,6245.25,6265,30566
1752680700,6265,6269,6262,6266.5,21087
1752681000,6266.5,6270.25,6260.5,6268.5,18081
1752681300,6268.25,6287.25,6267.25,6281,55389
1752681600,6280.75,6283,6275.5,6277,17323
1752681900,6277,6283.5,6276.25,6279.75,13265
1752682200,6279.75,6281,6273,6276.5,11994
1752682500,6276.5,6280.25,6275.25,6277.25,7273
1752682800,6277.25,6277.25,6272,6276.5,8988
1752683100,6276.5,6278.5,6271.25,6277.75,9915
1752683400,6278,6280.75,6277,6279.25,6151
1752683700,6279.5,6284,6279.25,6283,7886
1752684000,6283,6284.5,6281.25,6281.5,5702
1752684300,6281.5,6283.25,6272.25,6282,11327
1752684600,6282.25,6290.5,6282,6288.5,11181
1752684900,6288.75,6292.75,6288.25,6292.25,7546
1752685200,6292.5,6294.75,6290.25,6293.5,9902
1752685500,6293.5,6297.75,6292.75,6295.75,9886
1752685800,6296,6299.5,6295.5,6297.25,10808
1752686100,6297.25,6298,6294.5,6297,6753
1752686400,6297.25,6297.75,6293.25,6295.25,6586
1752686700,6295.5,6296.25,6291.5,6292.5,8289
1752687000,6292.5,6293.25,6290.5,6291.75,7913
1752687300,6291.75,6295.25,6291.5,6294,6272
1752687600,6294,6294,6291.25,6292.75,5051
1752687900,6292.75,6295.5,6292,6293.75,6292
1752688200,6293.5,6294,6291,6292,5350
1752688500,6291.75,6294,6291.75,6292.5,3750
1752688800,6292.5,6295.5,6290.75,6295,6040
1752689100,6294.75,6296.25,6292,6294,6323
1752689400,6294,6294,6290.75,6293,6516
1752689700,6293.25,6295,6290.75,6291,5383
1752690000,6291,6294.5,6288.5,6293.5,7769
1752690300,6293.25,6296,6292.75,6295.25,4234
1752690600,6295,6298,6294.75,6297.5,6355
1752690900,6297.5,6300,6297.25,6298.75,7137
1752691200,6298.75,6301,6297.75,6299.75,6379
1752691500,6299.75,6300,6297.5,6299,6087
1752691800,6299,6300.5,6298.5,6300.5,3551
1752692100,6300.25,6305.25,6299.75,6305.25,12621
1752692400,6305,6307,6302.25,6302.5,12235
1752692700,6302.5,6304,6301,6303.5,6527
1752693000,6303.5,6304,6301.25,6302.25,5266
1752693300,6302.25,6302.25,6299.75,6301.5,5868
1752693600,6301.5,6302.5,6300,6301,6813
1752693900,6301,6303.5,6301,6302.75,6531
1752694200,6302.75,6303,6300,6301.25,8579
1752694500,6301.25,6306.25,6300.25,6305.5,8504
1752694800,6305.75,6308.75,6305,6307,11808
1752695100,6306.75,6308.25,6304.5,6308,7959
1752695400,6308,6308,6302,6303.5,19953
1752695700,6303.5,6306,6301.75,6302.75,56146
1752696000,6303,6303.5,6299.25,6300.5,21546
1752696300,6300.5,6300.75,6299,6299.5,3924
1752696600,6299.5,6301.75,6298.5,6301,3854
1752759000,6304.5,6309.25,6302,6306.75,28866
1752759300,6306.75,6309.75,6304.75,6308.5,15619
1752759600,6308.5,6317,6307,6316.5,24308
1752759900,6316.25,6320.25,6314.75,6320,16739
1752760200,6320.25,6322.75,6318.75,6321,15086
1752760500,6321,6321.5,6316.75,6318.75,12386
1752760800,6318.5,6322.75,6318,6322,14942
1752761100,6322.25,6323.25,6318.75,6322.25,10932
1752761400,6322.25,6323.25,6318.5,6322.5,12123
1752761700,6322.5,6323,6315.25,6315.25,13793
1752762000,6315.25,6316.75,6308.75,6311.25,25095
1752762300,6311.25,6315.5,6309.75,6315,14753
1752762600,6315,6318.75,6314.5,6317.75,12350
1752762900,6317.5,6318,6310.5,6312.75,12252
1752763200,6312.75,6316,6312.25,6315,8232
1752763500,6315,6319.5,6313.5,6319,9583
1752763800,6319,6319.75,6317.5,6319.25,9167
1752764100,6319.25,6319.75,6317.75,6319,6192
1752764400,6319,6321.75,6318.5,6321.5,8044
1752764700,6321.5,6326.75,6321,6325.25,15422
1752765000,6325.25,6326,6323.25,6324,8233
1752765300,6324.25,6325.5,6322.75,6324.25,7253
1752765600,6324.5,6327.5,6322.75,6327.25,6368
1752765900,6327.5,6328.25,6326,6327.5,8110
1752766200,6327.75,6328.75,6326.5,6327.25,7961
1752766500,6327.25,6331,6326.75,6330.75,9674
1752766800,6330.75,6333,6330.25,6331.25,10759
1752767100,6331.25,6332.25,6329.5,6330.25,7350
1752767400,6330.5,6332.75,6329.5,6331.75,8781
1752767700,6332,6333.75,6331.75,6333.25,6489
1752768000,6333.25,6335.5,6332,6335.25,8339
1752768300,6335.25,6336.5,6333.5,6335.5,8167
1752768600,6335.75,6336.25,6332.75,6333.5,8185
1752768900,6333.5,6333.5,6329,6329.5,7737
1752769200,6329.5,6333,6329,6332.25,9404
1752769500,6332,6332.75,6329,6329.5,6215
1752769800,6329.5,6330.5,6328.25,6329.5,6385
1752770100,6329.5,6330.25,6326.5,6327.5,6195
1752770400,6327.5,6329.75,6326,6329,6164
1752770700,6329,6329.5,6327.25,6328.25,5613
1752771000,6328.5,6329.75,6327,6327.5,4565
1752771300,6327.5,6329.75,6327.25,6329.5,4402
1752771600,6329.5,6330.75,6328.75,6330,6973
1752771900,6330,6330,6328.25,6328.75,4972
1752772200,6328.75,6330,6327.5,6329.5,6790
1752772500,6329.75,6331.25,6328.5,6331,4604
1752772800,6331.25,6332,6330.25,6330.75,5326
1752773100,6330.75,6332,6327.5,6331.5,8973
1752773400,6331.5,6333,6330.75,6332,5883
1752773700,6332,6333.75,6331.5,6333.25,4093
1752774000,6333.5,6334.75,6333.25,6334,4438
1752774300,6334.25,6334.5,6333,6334,4472
1752774600,6334.25,6334.75,6333.25,6334.75,3256
1752774900,6334.75,6335.75,6334.5,6335.5,4133
1752775200,6335.5,6336.25,6334.5,6335.75,6530
1752775500,6335.75,6335.75,6334,6334.75,4986
1752775800,6335,6335.5,6332.5,6332.5,8475
1752776100,6332.5,6336.25,6332.25,6335.75,7346
1752776400,6335.75,6339.25,6335.25,6339,6595
1752776700,6338.75,6340,6337.75,6339.5,6109
1752777000,6339.75,6340.25,6337.75,6339,7346
1752777300,6339.25,6339.5,6337.25,6339.25,5276
1752777600,6339.5,6339.75,6338.75,6339.5,3007
1752777900,6339.5,6341,6338.75,6341,4746
1752778200,6341.25,6342.75,6339.75,6340.75,8164
1752778500,6340.5,6341.5,6340.25,6340.75,4768
1752778800,6341,6345.5,6340.75,6344.25,10812
1752779100,6344.25,6344.5,6342.5,6343.5,7042
1752779400,6343.75,6344,6342.5,6343.5,5307
1752779700,6343.5,6344.5,6341.75,6342,6342
1752780000,6341.75,6342.5,6341.25,6342.25,6002
1752780300,6342,6342,6340.5,6341,6422
1752780600,6340.75,6344,6340.75,6342.25,8237
1752780900,6342.25,6343.25,6341.75,6342.75,5021
1752781200,6342.75,6342.75,6339.5,6340.25,11587
1752781500,6340,6343.75,6338.5,6343.25,11186
1752781800,6343,6344.5,6337.5,6341.75,40294
1752782100,6341.75,6345,6338,6342.25,99813
1752782400,6342.25,6343.5,6338.5,6339.25,22120
1752782700,6339.25,6341.75,6338.75,6341,4894
1752783000,6341,6342.25,6340.25,6340.5,4260
1752845400,6352,6352.25,6345.75,6347.5,38150
1752845700,6347.75,6349.5,6343.75,6347.25,15925
1752846000,6347.5,6348.25,6344.25,6344.5,9114
1752846300,6344.75,6350.75,6344.25,6349.25,11988
1752846600,6349,6350.5,6342.5,6345.5,15457
1752846900,6345.5,6346.75,6344.25,6345,7499
1752847200,6344.75,6353.5,6342,6344,15444
1752847500,6344,6345,6341.75,6343,10374
1752847800,6343,6343.5,6338.25,6339.25,15851
1752848100,6339.25,6340.75,6334.25,6338,23960
1752848400,6338,6340,6334.75,6335.5,19627
1752848700,6335.5,6335.5,6331.25,6332.5,17973
1752849000,6332.25,6336.25,6331.5,6335.75,13294
1752849300,6335.5,6337.75,6331.75,6332,12384
1752849600,6331.75,6333.75,6330.5,6333.5,11228
1752849900,6333.25,6334.75,6331,6332.75,9726
1752850200,6332.5,6335.75,6332.25,6333.5,8072
1752850500,6333.25,6335.5,6329.5,6329.75,10575
1752850800,6329.75,6332.75,6327.25,6331,14986
1752851100,6331,6334.5,6330.5,6333.5,7894
1752851400,6333.25,6335.5,6330.5,6331.75,9800
1752851700,6331.5,6335.75,6331.5,6332,9237
1752852000,6331.75,6334.25,6329.75,6332.5,8784
1752852300,6332.25,6335.25,6332,6334.75,6802
1752852600,6334.75,6338.75,6334.75,6337,10495
1752852900,6337.25,6338,6335.75,6336.25,7282
1752853200,6336.5,6337.5,6334.25,6336.5,5814
1752853500,6336.75,6339,6335.25,6338.25,6817
1752853800,6338.5,6340.25,6338.25,6339.75,6868
1752854100,6340,6340,6337.25,6340,6724
1752854400,6340,6340.5,6336.75,6337,6626
1752854700,6337,6337.75,6333.25,6335.25,10562
1752855000,6335.5,6337,6334,6335.75,6636
1752855300,6336,6336.75,6334.5,6335.25,6369
1752855600,6335.25,6335.5,6329.75,6332.25,16906
1752855900,6332,6333,6324.25,6328.25,23913
1752856200,6328.5,6329,6324.75,6326,12038
1752856500,6326,6328,6323.5,6327.5,12317
1752856800,6327.5,6331.5,6327.25,6330.5,8437
1752857100,6330.5,6332,6327.5,6330,7447
1752857400,6329.75,6332.75,6329,6330,9607
1752857700,6330,6330,6323.75,6325.25,11758
1752858000,6325.25,6327.5,6323.25,6325.5,9465
1752858300,6325.5,6328.5,6324.75,6326.75,9136
1752858600,6326.5,6330.5,6323.5,6330.25,9551
1752858900,6330.25,6330.75,6326.75,6327,7918
1752859200,6327,6329.75,6325.5,6327.5,9301
1752859500,6327.75,6329.75,6325.75,6328,7213
1752859800,6328,6331.75,6328,6331.75,7491
1752860100,6331.75,6333.25,6330,6333.25,5749
1752860400,6333.25,6334.25,6330.5,6330.75,6105
1752860700,6330.75,6331.25,6327.5,6329.25,7147
1752861000,6329.5,6329.5,6326.75,6328.5,5695
1752861300,6328.75,6330.5,6327.5,6329.75,4691
1752861600,6329.75,6333,6329.25,6332.5,7058
1752861900,6332.25,6332.75,6329.25,6330.5,5667
1752862200,6330.5,6330.75,6327.5,6328,5619
1752862500,6328,6329.5,6324.5,6329.5,6901
1752862800,6329.5,6332.25,6329.25,6331.75,4358
1752863100,6332,6332.25,6328.75,6330,4418
1752863400,6329.75,6332.75,6329.25,6330.5,7791
1752863700,6330.25,6331.75,6329.5,6330.75,4237
1752864000,6330.75,6332.75,6330.25,6332,3313
1752864300,6331.75,6333,6330.75,6332.75,4110
1752864600,6332.75,6333,6331,6331.75,4266
1752864900,6332,6332,6329.5,6331.25,7385
1752865200,6331,6332.75,6329.5,6329.75,6907
1752865500,6329.75,6332,6329.25,6331,5720
1752865800,6331,6331,6329,6330.25,4806
1752866100,6330.5,6334,6330.25,6333.75,6767
1752866400,6333.75,6335,6333.25,6334,8163
1752866700,6333.75,6334,6331.75,6333,6564
1752867000,6333,6333.5,6329.75,6330.25,7771
1752867300,6330.25,6332,6329.5,6330.5,6719
1752867600,6330.5,6331.25,6329.5,6330.5,6037
1752867900,6330.5,6332.5,6329.25,6332,7182
1752868200,6332,6335,6331.75,6334.75,21206
1752868500,6334.75,6337,6332.75,6334.75,56438
1752868800,6334.75,6336,6333.25,6335,17754
1752869100,6335,6335.25,6333.5,6333.75,5089
1752869400,6333.75,6334.5,6333.5,6334.25,2841
1753104600,6345.5,6350.25,6344.5,6349,26467
1753104900,6349.25,6352,6348.25,6351.5,14629
1753105200,6351.5,6353.5,6350.75,6352.75,11504
1753105500,6353,6360.25,6352.75,6359.5,22404
1753105800,6359.5,6361.75,6357.25,6361.75,13296
1753106100,6362,6365.5,6362,6364.5,14314
1753106400,6364.25,6369,6364.25,6367.5,17102
1753106700,6367.5,6367.75,6364.25,6364.25,10820
1753107000,6364.25,6365.75,6362.25,6364.75,10476
1753107300,6365,6365.25,6362.75,6365,8062
1753107600,6365,6370.25,6364.5,6370.25,17169
1753107900,6370.25,6372.25,6368.5,6371.25,7907
1753108200,6371.25,6372.5,6368.5,6368.75,11867
1753108500,6369,6370,6368,6368.75,7545
1753108800,6369,6369.5,6366.25,6368.75,8427
1753109100,6369,6369,6366.25,6367.25,7021
1753109400,6367.25,6368,6364.75,6366.25,8681
1753109700,6366.5,6369.25,6365.75,6368.75,8211
1753110000,6368.75,6369.5,6367.25,6368.5,6426
1753110300,6368.5,6369.5,6367.25,6368.5,5738
1753110600,6368.75,6370.75,6367.75,6369.75,7033
1753110900,6370,6370.25,6367.75,6368,5187
1753111200,6368.25,6371,6368.25,6370.75,5163
1753111500,6370.75,6372,6370.25,6371,5987
1753111800,6371,6373.75,6371,6373.25,8744
1753112100,6373.25,6374,6371.5,6372.25,6852
1753112400,6372,6373,6371,6372,7000
1753112700,6372.25,6373.25,6371,6371.5,5451
1753113000,6371.5,6372.75,6370.25,6370.25,7259
1753113300,6370.25,6372.25,6369.5,6370.5,7132
1753113600,6370.25,6370.5,6368,6369.75,8354
1753113900,6370,6370,6365.5,6368.25,9821
1753114200,6368.25,6368.5,6365.25,6367.25,8464
1753114500,6367.5,6369.25,6365.25,6367.25,7690
1753114800,6367.5,6367.5,6364,6364.5,6571
1753115100,6364.5,6366.5,6363.5,6366,7665
1753115400,6366,6368.5,6365.75,6368.25,6531
1753115700,6368.25,6369.75,6366.25,6367,5578
1753116000,6366.75,6368.5,6365.5,6368,4630
1753116300,6368,6369.25,6367.25,6369,3598
1753116600,6369,6371.25,6369,6371.25,4915
1753116900,6371.25,6371.75,6370.25,6370.75,4251
1753117200,6371,6373.5,6370.75,6372,6287
1753117500,6372,6372.5,6371,6371.25,3700
1753117800,6371.25,6373,6370.75,6372.25,4510
1753118100,6372.25,6373.25,6371,6372.75,4350
1753118400,6372.75,6373,6372,6372,3184
1753118700,6372.25,6373,6371.5,6372.25,3561
1753119000,6372.25,6373.75,6372,6373,4632
1753119300,6373.25,6373.25,6371,6371.25,4273
1753119600,6371.5,6371.75,6370.25,6370.5,3362
1753119900,6370.75,6371.75,6370.25,6371.25,3926
1753120200,6371.25,6371.5,6369.25,6370.5,3610
1753120500,6370.5,6371.75,6369.5,6370,4113
1753120800,6369.75,6370.5,6369,6370.25,4611
1753121100,6370.25,6370.5,6369.25,6369.75,3108
1753121400,6369.5,6370,6368.5,6369.5,5110
1753121700,6369.5,6370.5,6369.25,6370.25,3705
1753122000,6370,6370.75,6369.25,6370.5,5084
1753122300,6370.75,6370.75,6369,6370,3966
1753122600,6370,6370.25,6368,6368.25,5245
1753122900,6368.25,6368.75,6367.75,6368,3128
1753123200,6368,6368.75,6365.75,6367,6641
1753123500,6367,6367,6361.25,6363,16017
1753123800,6363,6364.25,6361.25,6364,10944
1753124100,6363.75,6364,6361,6361.5,8066
1753124400,6361.5,6362,6357.75,6359,13767
1753124700,6359,6360,6353.5,6354,12675
1753125000,6354,6355.5,6348.75,6353.5,38054
1753125300,6353.5,6356,6353,6354.75,13041
1753125600,6354.75,6356,6353.75,6355,7274
1753125900,6354.75,6355.25,6351.25,6352.25,9821
1753126200,6352.25,6354.75,6351.25,6351.25,8380
1753126500,6351.25,6352.75,6350,6351.75,9777
1753126800,6352,6353,6345.5,6346.25,16549
1753127100,6346.25,6347,6342.25,6345.25,20519
1753127400,6345.25,6349.25,6343.75,6345.75,22020
1753127700,6345.75,6346.75,6341,6345.25,68484
1753128000,6345.5,6348.5,6343.75,6346.75,21766
1753128300,6346.75,6348.75,6346.5,6348,4266
1753128600,6348.25,6348.25,6346.25,6348,4383
1753191000,6348,6348.25,6339.5,6341.25,30709
1753191300,6341.25,6349.25,6341,6348.25,16568
1753191600,6348.25,6348.5,6344,6346.75,15240
1753191900,6347,6347.25,6336,6337.25,22798
1753192200,6337.25,6339.5,6318.75,6322.25,52678
1753192500,6322.25,6331.5,6321.25,6326,38359
1753192800,6326,6326,6319.25,6323.25,34758
1753193100,6323.25,6329.25,6322.5,6328,19043
1753193400,6328.25,6329.75,6324.25,6328.25,17323
1753193700,6328.25,6331.25,6326.25,6327.5,14466
1753194000,6327.5,6328.75,6325.5,6325.75,12970
1753194300,6325.5,6328.25,6325.25,6328,11245
1753194600,6328,6333.25,6327,6333,15541
1753194900,6333,6337.75,6332.5,6334,19810
1753195200,6333.75,6336.25,6332,6334.5,10151
1753195500,6334.25,6335.75,6330.75,6332.25,12865
1753195800,6332.25,6333.75,6329.25,6331.25,9709
1753196100,6331.25,6337.5,6330.75,6336.75,12671
1753196400,6336.75,6337.5,6332.75,6335.75,11064
1753196700,6335.75,6338.5,6334.5,6335.75,7156
1753197000,6335.75,6337.5,6333,6333.75,7645
1753197300,6333.5,6336,6330.25,6336,10407
1753197600,6336.25,6337,6333.75,6335.25,6493
1753197900,6335.25,6337,6333.25,6333.75,6998
1753198200,6333.5,6337.5,6332.75,6337.5,7600
1753198500,6337.25,6337.5,6332.75,6333.25,8139
1753198800,6333.5,6333.5,6331.25,6333,8371
1753199100,6333,6337.75,6332.5,6335,8905
1753199400,6334.75,6336.5,6334,6335.5,6464
1753199700,6335.5,6336.25,6333.25,6333.75,5269
1753200000,6333.75,6334.75,6331.5,6334.5,8632
1753200300,6334.25,6336.5,6334,6335,4469
1753200600,6335,6335.5,6332.25,6334,6924
1753200900,6334.25,6338.5,6334,6337.25,7639
1753201200,6337,6337.75,6335,6335.5,6026
1753201500,6335.25,6335.25,6327.25,6329.5,14022
1753201800,6329.25,6333.25,6328.5,6332.25,8658
1753202100,6332,6333.75,6331,6332,5233
1753202400,6331.75,6332.75,6327.5,6331.75,7949
1753202700,6331.75,6333.5,6329.75,6333.25,6452
1753203000,6333.5,6337,6332.5,6336,7416
1753203300,6336,6336.75,6334.5,6336,4933
1753203600,6336,6337.75,6335.5,6336.5,6182
1753203900,6336.5,6337.5,6335,6335.75,4441
1753204200,6335.75,6337.5,6335.5,6337.25,3821
1753204500,6337.25,6341.75,6337.25,6341.25,9343
1753204800,6341.5,6343.75,6340.5,6341.5,8869
1753205100,6341.5,6349.75,6341.5,6347.75,18160
1753205400,6348,6349.25,6345.5,6347.5,12750
1753205700,6347.5,6347.75,6346,6346,4957
1753206000,6346.25,6346.25,6340.75,6343.5,10763
1753206300,6343.75,6344.5,6342,6342.75,6513
1753206600,6342.75,6343.75,6340.75,6341.25,5167
1753206900,6341.25,6342.5,6340.25,6341,5212
1753207200,6340.75,6344.25,6340.75,6343,7027
1753207500,6343,6345.25,6342.5,6344.25,4537
1753207800,6344.25,6344.5,6342,6342.25,4067
1753208100,6342.25,6343,6332.5,6339,24690
1753208400,6339,6343.5,6338.25,6341.25,13082
1753208700,6341.25,6342.75,6340.75,6341.75,6020
1753209000,6341.5,6345.75,6341,6345.5,8158
1753209300,6345.25,6349.75,6345.25,6349.5,8053
1753209600,6349.5,6351,6347.75,6348.5,10506
1753209900,6348.5,6348.75,6347,6347.75,6448
1753210200,6347.75,6352.5,6347.75,6352,7911
1753210500,6352.25,6352.75,6350.5,6350.75,5424
1753210800,6350.75,6352,6348.75,6349.5,6247
1753211100,6349.5,6350,6348.25,6350,4086
1753211400,6349.75,6351.25,6347.75,6348,7359
1753211700,6348,6349.5,6347,6349.25,5290
1753212000,6349.25,6351,6348.25,6349.75,6105
1753212300,6349.75,6350.25,6348.5,6349.5,4752
1753212600,6349.25,6350.75,6347.75,6349.75,7325
1753212900,6350,6353.5,6349.75,6352,10226
1753213200,6352.25,6352.5,6350.5,6350.75,8315
1753213500,6350.5,6351.75,6349.75,6350.75,8208
1753213800,6350.5,6351.5,6348.25,6348.5,17478
1753214100,6348.75,6353.75,6344.5,6345.5,82452
1753214400,6345.5,6346.5,6343.5,6346.25,30153
1753214700,6346,6346.25,6344.25,6345.75,5659
1753215000,6345.75,6345.75,6343.75,6344.75,2400
1753277400,6372.75,6373.5,6365,6368,32305
1753277700,6367.75,6371.5,6366.75,6370,16270
1753278000,6370,6370.5,6363.75,6364,16804
1753278300,6364,6364.25,6357.5,6360,22047
1753278600,6359.75,6361.25,6357.25,6359,13840
1753278900,6359,6359.75,6354,6356.25,18046
1753279200,6356.25,6358,6353.5,6356.75,15491
1753279500,6356.75,6361.5,6356,6360,14416
1753279800,6360,6360.75,6355.75,6355.75,13144
1753280100,6356,6360.75,6355.5,6358.75,10686
1753280400,6358.75,6361.25,6357.75,6361,8763
1753280700,6361,6364,6360.75,6364,10027
1753281000,6364,6364.5,6357.5,6357.75,13791
1753281300,6357.5,6360.25,6357.25,6359.5,9333
1753281600,6359.75,6361.75,6358.5,6360,7853
1753281900,6360,6362.25,6359,6360.25,6528
1753282200,6360.25,6363.25,6359,6362.75,6461
1753282500,6362.5,6364.25,6361.75,6363.5,6971
1753282800,6363.25,6366,6361,6363.25,12880
1753283100,6363,6364.75,6361.5,6363.25,9333
1753283400,6363.25,6364,6360.5,6361,7289
1753283700,6360.75,6362.25,6359.5,6361.25,8518
1753284000,6361.25,6364.5,6360.75,6364,7484
1753284300,6364,6365,6363,6364.75,5921
1753284600,6364.75,6366.25,6363.5,6364,8369
1753284900,6364.25,6365.5,6361.25,6363,7536
1753285200,6362.75,6363.75,6361.25,6363,5856
1753285500,6363.25,6366.5,6362.75,6365.75,6538
1753285800,6365.75,6381.75,6365,6374.75,36222
1753286100,6374.75,6385,6371.75,6377.75,53037
1753286400,6377.5,6382.5,6374.75,6382,23811
1753286700,6382.25,6383.25,6379,6380.5,14485
1753287000,6380.5,6381,6374.25,6376,14434
1753287300,6376.25,6378.5,6373,6377.5,13875
1753287600,6377.5,6378.25,6370.5,6373.25,13482
1753287900,6373.5,6375,6371.5,6373.75,5896
1753288200,6373.75,6373.75,6370,6370.75,9456
1753288500,6370.75,6374,6370,6373.5,7311
1753288800,6373.75,6376.25,6372,6376.25,7338
1753289100,6376.25,6377.75,6374,6375.5,6322
1753289400,6375.5,6376.25,6374.25,6374.5,4194
1753289700,6374.25,6377,6374,6375.5,4416
1753290000,6375.5,6378.75,6374.75,6377.75,6479
1753290300,6378,6378.5,6376.5,6377.25,5527
1753290600,6377.25,6377.75,6373.25,6373.5,6212
1753290900,6373.5,6375.75,6371.75,6374.25,7413
1753291200,6374,6378,6374,6377.5,5484
1753291500,6377.5,6378.75,6376.5,6378,4907
1753291800,6377.75,6379.5,6377.25,6379.5,5235
1753292100,6379.25,6380.25,6378.5,6380.25,4979
1753292400,6380.25,6384.5,6379.5,6384,11069
1753292700,6384.25,6385.5,6383,6384.25,9710
1753293000,6384.25,6385.75,6374.5,6382.5,32394
1753293300,6382.25,6384.25,6381.75,6382,7509
1753293600,6382.25,6385.75,6382.25,6384.75,7086
1753293900,6385,6386.75,6384.5,6386.25,8103
1753294200,6386.25,6390,6386,6389.5,12599
1753294500,6389.5,6390.5,6387.75,6388,10548
1753294800,6388,6391.75,6387.75,6391,9157
1753295100,6391,6393.75,6389.25,6389.5,12667
1753295400,6389.5,6390.25,6388,6389,7279
1753295700,6389,6392.25,6388.5,6389.75,6796
1753296000,6389.75,6392.5,6389.25,6390.75,7206
1753296300,6390.75,6391.5,6389.5,6391,4425
1753296600,6391.25,6391.25,6389.75,6390.75,5286
1753296900,6390.75,6390.75,6389,6389.5,6646
1753297200,6389.75,6390.5,6388.5,6388.5,6005
1753297500,6388.75,6390,6386.5,6389.5,9773
1753297800,6389.25,6390.5,6388.5,6388.5,5179
1753298100,6388.5,6389.75,6388,6389,6122
1753298400,6389,6390,6388.75,6389.5,5462
1753298700,6389.75,6391,6389,6390.75,4981
1753299000,6390.5,6390.75,6388.25,6388.75,6798
1753299300,6389,6389.5,6387.5,6389,6150
1753299600,6389,6389,6386.5,6387,9662
1753299900,6387,6390.5,6386.75,6389.75,12339
1753300200,6389.75,6394.5,6388,6392,32421
1753300500,6391.75,6399.25,6390.5,6399,80637
1753300800,6399.25,6406,6392.25,6396,32054
1753301100,6396,6398,6394,6395.25,4699
1753301400,6395.5,6405.25,6393.75,6404,9003
1753363800,6402.25,6405.25,6397.25,6402.5,31964
1753364100,6402.25,6403.5,6397,6398.5,16290
1753364400,6398.5,6402,6396.25,6401.5,13534
1753364700,6401.5,6410.25,6400.75,6408.5,17784
1753365000,6408.5,6409,6402.5,6402.5,16824
1753365300,6402.5,6407.25,6402,6406.75,12107
1753365600,6407,6408.75,6404.5,6405.75,13554
1753365900,6406,6409.75,6403.5,6404.5,14109
1753366200,6404.5,6405.75,6398.25,6399,19761
1753366500,6399.25,6402.5,6396.5,6402.25,17213
1753366800,6402.25,6403.75,6401.25,6402,10963
1753367100,6402,6405,6400.25,6404.25,10911
1753367400,6404.5,6406.5,6403.5,6405,7955
1753367700,6405,6408,6404.25,6407.25,9011
1753368000,6407.25,6408.75,6406.5,6408,6889
1753368300,6408,6410.75,6407.5,6410.5,9951
1753368600,6410.5,6412.25,6410,6412,11254
1753368900,6412,6412.5,6410.25,6411.5,8651
1753369200,6411.75,6415.5,6411.25,6413,15681
1753369500,6413.25,6414.25,6412.25,6414,6966
1753369800,6414,6415.5,6413,6414.75,6889
1753370100,6414.75,6415.5,6411,6411.75,9319
1753370400,6411.75,6413.5,6411.25,6413,6968
1753370700,6413,6413,6410.5,6412,8044
1753371000,6411.75,6412.75,6410,6410.25,8027
1753371300,6410.25,6411.5,6409.25,6411.25,8217
1753371600,6411.5,6411.75,6409.75,6410.75,6515
1753371900,6411,6412.25,6409.25,6411.5,10370
1753372200,6411.5,6413.75,6411,6412.75,8250
1753372500,6413,6413.5,6411.5,6411.75,4745
1753372800,6411.75,6412.25,6407.25,6409,10902
1753373100,6409,6409.25,6406,6406.75,9282
1753373400,6407,6407.5,6403.75,6404.25,8752
1753373700,6404.25,6406,6402.5,6405.5,9807
1753374000,6405.75,6407.25,6403.5,6404.25,7454
1753374300,6404.25,6404.5,6399,6402,14570
1753374600,6402,6403.75,6400.5,6402.25,11130
1753374900,6402,6405.25,6400.75,6405.25,7775
1753375200,6405.25,6406.75,6404.5,6406,8965
1753375500,6405.75,6406.5,6403,6404.75,9043
1753375800,6404.75,6406.5,6402.5,6406.25,6070
1753376100,6406.25,6406.5,6403.75,6405.5,4982
1753376400,6405.25,6407.5,6404,6407.25,5237
1753376700,6407.25,6411,6407,6411,8927
1753377000,6411.25,6415.5,6411,6415,12898
1753377300,6415,6416.75,6412.75,6414.75,11007
1753377600,6414.75,6414.75,6411.75,6413.75,6700
1753377900,6413.75,6414,6410.25,6410.5,6200
1753378200,6410.5,6412.75,6410.25,6412,5043
1753378500,6412,6412.75,6411,6411.25,4269
1753378800,6411.25,6412,6408.75,6409.25,5063
1753379100,6409.5,6411.5,6408.75,6410.5,4751
1753379400,6410.75,6412,6409.75,6411,4321
1753379700,6411.25,6411.5,6407.75,6409,5370
1753380000,6409.25,6414.5,6409,6413.5,9812
1753380300,6413.5,6414.5,6412,6414.5,5108
1753380600,6414.25,6418.25,6414.25,6415.25,12926
1753380900,6415,6416.25,6414.5,6415.5,7584
1753381200,6415.5,6415.5,6412.25,6413.5,7091
1753381500,6413.5,6415.25,6413.5,6414.5,4601
1753381800,6414.5,6416.25,6412.75,6413.5,5548
1753382100,6413.5,6413.5,6411.25,6411.75,4521
1753382400,6411.75,6412.25,6410.25,6410.75,4774
1753382700,6411,6411,6403.5,6408.25,18369
1753383000,6408,6408.5,6405.75,6407.5,6253
1753383300,6407.25,6410.25,6407,6409,7549
1753383600,6408.75,6411,6408,6410.25,6972
1753383900,6410.25,6410.5,6408.5,6409.75,3791
1753384200,6409.75,6412,6409.75,6410.75,5280
1753384500,6410.75,6412.75,6410.75,6412.25,5530
1753384800,6412,6414.25,6411.5,6413.75,6526
1753385100,6413.5,6414.5,6409.75,6411.5,8552
1753385400,6411.75,6412.75,6410.75,6411.5,5887
1753385700,6411.5,6412,6408.75,6408.75,7832
1753386000,6409,6409.5,6405.25,6407.5,12791
1753386300,6407.5,6407.75,6402.5,6406,16095
1753386600,6406,6408.75,6403,6406.5,28652
1753386900,6406.5,6408,6399.75,6401.75,98686
1753387200,6402,6402.75,6399.25,6400,26988
1753387500,6399.75,6402.75,6399.5,6401.25,6040
1753387800,6401.25,6404.25,6400.5,6404.25,4672
1753450200,6405,6407.25,6402.5,6407,21925
1753450500,6406.75,6409.25,6403.75,6407.5,16278
1753450800,6407.5,6408.5,6405.25,6407.5,11018
1753451100,6407.5,6409,6405.5,6408.25,13739
1753451400,6408,6410.5,6405.75,6408.5,13426
1753451700,6408.5,6410,6405.5,6406.75,12740
1753452000,6406.75,6409,6403.25,6403.5,13002
1753452300,6403.25,6407.75,6402.75,6406.25,14274
1753452600,6406,6410.25,6406,6407.25,9031
1753452900,6407.25,6410.5,6406.5,6410.25,7369
1753453200,6410.25,6410.75,6405.75,6406.75,7394
1753453500,6406.75,6409.75,6406.75,6409,5524
1753453800,6409,6414,6407,6410.25,14226
1753454100,6410.5,6413.5,6410.25,6411.5,8250
1753454400,6411.75,6414.25,6411.75,6414.25,6420
1753454700,6414,6416,6413.25,6414,7816
1753455000,6414.25,6414.25,6412.75,6413.25,5490
1753455300,6413.25,6414.25,6410.5,6412.75,8588
1753455600,6412.75,6414,6411.25,6412.75,5566
1753455900,6412.75,6413.75,6411.5,6412,4162
1753456200,6412,6413.75,6411.75,6413.5,4490
1753456500,6413.75,6415.25,6413.25,6413.5,4924
1753456800,6413.75,6414.5,6411.5,6413.75,8947
1753457100,6413.75,6415.5,6413.25,6414.75,7384
1753457400,6414.75,6415,6413.25,6413.25,6380
1753457700,6413.5,6414.25,6412,6413,6152
1753458000,6413,6413.75,6410.75,6411.25,5139
1753458300,6411,6413.25,6410.5,6412.75,5653
1753458600,6412.75,6414.25,6412.5,6413.5,3907
1753458900,6413.5,6414.25,6413.25,6413.75,3548
1753459200,6413.75,6414.25,6412.5,6413.25,4819
1753459500,6413.5,6415.25,6412.25,6415,5640
1753459800,6414.75,6418.75,6414.75,6418,12528
1753460100,6418,6418.5,6416.75,6418,6437
1753460400,6418,6420.75,6416.5,6420.5,8421
1753460700,6420.75,6424.25,6420.5,6422.25,12010
1753461000,6422.25,6424.5,6421.75,6421.75,8120
1753461300,6421.75,6423.25,6421.25,6422.25,4409
1753461600,6422.25,6422.75,6420.75,6422.25,4101
1753461900,6422.5,6423.75,6421.5,6422.75,3859
1753462200,6422.75,6424.25,6422,6423.75,3686
1753462500,6423.5,6424.5,6423.25,6423.25,3351
1753462800,6423.25,6424,6421.75,6423.5,5277
1753463100,6423.5,6424.25,6422.75,6423.25,2602
1753463400,6423.5,6425.25,6423.25,6425,4569
1753463700,6425,6425.25,6422.25,6422.5,5086
1753464000,6422.75,6424.75,6421.5,6424.75,4211
1753464300,6424.75,6426.5,6424.25,6425.5,5394
1753464600,6425.5,6428.75,6425.5,6428.5,7770
1753464900,6428.25,6428.5,6427,6427,6496
1753465200,6427,6427.25,6425.75,6427.25,3708
1753465500,6427.25,6428,6426.5,6427.5,3281
1753465800,6427.5,6427.5,6426.5,6426.75,3089
1753466100,6426.5,6427.75,6426.25,6426.25,3089
1753466400,6426.5,6426.75,6424.75,6426.25,5326
1753466700,6426.5,6427.5,6425.5,6426.75,4501
1753467000,6426.75,6429,6426.5,6428.75,4743
1753467300,6428.75,6429.5,6427.75,6428.5,4648
1753467600,6428.75,6430.25,6428.5,6428.75,6435
1753467900,6429,6429.5,6427.5,6428.25,5296
1753468200,6428,6430.25,6428,6429,4132
1753468500,6429,6429.5,6428.75,6429,2498
1753468800,6428.75,6429.75,6428.5,6429.5,2414
1753469100,6429.5,6430.5,6429,6429.25,3420
1753469400,6429.25,6429.5,6427.5,6428.25,4923
1753469700,6428.25,6428.75,6427,6427.25,8239
1753470000,6427,6428.25,6427,6428.25,6513
1753470300,6428,6428.25,6427.25,6427.75,2476
1753470600,6428,6430,6427.5,6429,5067
1753470900,6429.25,6430.5,6428.75,6430.25,4181
1753471200,6430.25,6431,6428.5,6428.75,5773
1753471500,6428.75,6429.5,6427.75,6428.75,5698
1753471800,6428.75,6429.25,6427.5,6427.5,5901
1753472100,6427.75,6430,6427.5,6429,5857
1753472400,6429.25,6430,6427.75,6427.75,7884
1753472700,6428,6429.5,6427.25,6428,8214
1753473000,6428,6428.25,6423.75,6424.25,24366
1753473300,6424.25,6427.25,6421.25,6425.75,78577
1753473600,6425.75,6426,6421.75,6423,29374
1753473900,6423.25,6423.75,6422.5,6422.75,3769
1753474200,6422.75,6425.25,6422.5,6425,4079
1753709400,6429,6432.25,6426.75,6429,36371
1753709700,6429.25,6430.5,6427,6427.5,14664
1753710000,6427.75,6427.75,6424.25,6426.75,17888
1753710300,6426.75,6430.5,6425,6426.25,17712
1753710600,6426,6428.75,6425.25,6426.5,13196
1753710900,6426.25,6428.5,6424.75,6428,11274
1753711200,6427.75,6430.25,6426.25,6430,13986
1753711500,6430,6433.25,6430,6432,13886
1753711800,6431.75,6433.5,6429.75,6433.5,11441
1753712100,6433.25,6434.25,6431.5,6432,9578
1753712400,6432,6433,6426.75,6428.75,18218
1753712700,6428.75,6432.25,6428,6431.25,9763
1753713000,6431,6432,6429.25,6429.75,10228
1753713300,6429.75,6430.75,6427.5,6430.75,10146
1753713600,6430.75,6432.75,6429.25,6432,7139
1753713900,6431.75,6432,6429.5,6430.25,5552
1753714200,6430.25,6430.5,6426.25,6427,9858
1753714500,6427,6428.75,6425.75,6427.75,8198
1753714800,6427.75,6428.5,6425.5,6426.75,7949
1753715100,6427,6428.75,6426.5,6427.75,5708
1753715400,6427.75,6427.75,6426.25,6427,5373
1753715700,6427,6428.25,6419,6420.5,19718
1753716000,6420.5,6423,6416.5,6423,18592
1753716300,6423,6424.5,6421.5,6424.25,9084
1753716600,6424.25,6426.25,6423.25,6425.5,8416
1753716900,6425.25,6427.25,6425.25,6425.5,7417
1753717200,6425.5,6426.75,6424.75,6426.25,4827
1753717500,6426.5,6427,6425,6427,5320
1753717800,6427,6429,6426.5,6428.75,5284
1753718100,6428.75,6429.25,6427.25,6427.25,5104
1753718400,6427.5,6427.75,6425.25,6426.75,6373
1753718700,6427,6427.75,6424.25,6424.25,5098
1753719000,6424.25,6426.75,6424,6426.25,5509
1753719300,6426.5,6428.75,6426,6428,5997
1753719600,6428.25,6430.25,6427.5,6428.25,6471
1753719900,6428,6428.5,6426.25,6427.75,4135
1753720200,6427.75,6428,6425.25,6426,6049
1753720500,6425.75,6426.25,6424.25,6424.75,4693
1753720800,6425,6426.5,6424.5,6424.75,5300
1753721100,6424.75,6425,6421.5,6422.5,9421
1753721400,6422.75,6423.25,6421,6422.25,6031
1753721700,6422.5,6423.25,6422,6422.5,4671
1753722000,6422.25,6424.25,6421.5,6424,6428
1753722300,6423.75,6425.25,6422.5,6423,5845
1753722600,6423.25,6424.25,6422.5,6423.5,3606
1753722900,6423.5,6423.5,6415.75,6417.5,12814
1753723200,6417.25,6420.25,6416.25,6416.75,8150
1753723500,6416.75,6419,6415,6416.75,8022
1753723800,6416.75,6420.5,6416.25,6419.5,6193
1753724100,6419.5,6420.75,6418.75,6419.5,3966
1753724400,6419.25,6421,6419.25,6420.75,3935
1753724700,6420.5,6421.25,6418,6418,4584
1753725000,6418.25,6419,6416.5,6416.75,6039
1753725300,6416.75,6418,6414.25,6414.75,6873
1753725600,6414.5,6416,6412,6413,11866
1753725900,6412.75,6414,6408.75,6411.5,15987
1753726200,6411.5,6414.25,6410.25,6413.25,7363
1753726500,6413.5,6415.25,6412.75,6412.75,7342
1753726800,6412.75,6413,6411,6411.25,6060
1753727100,6411.25,6414.5,6410.75,6413.75,7007
1753727400,6414,6414.5,6412.25,6413,5782
1753727700,6412.75,6414.5,6412,6413.75,5106
1753728000,6413.75,6415,6413,6413.5,4247
1753728300,6413.75,6415.25,6412.25,6414.5,4313
1753728600,6414.5,6416.5,6414.25,6415.5,7632
1753728900,6415.5,6416.25,6413.75,6414.5,5535
1753729200,6414.25,6414.75,6412.5,6413.5,5531
1753729500,6413.25,6414,6410.5,6411.75,8395
1753729800,6412,6413.75,6411.25,6413.5,5426
1753730100,6413.5,6414,6411.25,6412.75,6287
1753730400,6413,6415.25,6413,6413.75,6241
1753730700,6413.75,6414.5,6413,6414.25,3975
1753731000,6414.25,6415,6412,6412.5,8388
1753731300,6412.5,6415,6412,6414,5290
1753731600,6414,6416.5,6413.75,6416.5,6204
1753731900,6416.5,6418.5,6415.25,6417.75,9548
1753732200,6418,6421,6415.75,6419.75,19720
1753732500,6419.75,6424.25,6419.5,6423,66248
1753732800,6423,6425.25,6421.75,6423.75,23046
1753733100,6423.75,6424.5,6423,6423.5,5292
1753733400,6423.25,6424,6422.25,6423.25,4369
1753795800,6436.75,6440,6433.25,6435.5,28972
1753796100,6435.75,6439,6435,6439,14006
1753796400,6438.75,6439.25,6432.5,6433.75,17012
1753796700,6434,6435.25,6426,6430.25,21545
1753797000,6430.25,6432,6425.5,6431.75,20821
1753797300,6432,6435.25,6429,6432.75,13899
1753797600,6433,6434.5,6429.25,6431,13185
1753797900,6431.25,6432.25,6429,6430.5,9351
1753798200,6430.5,6433,6429,6431.75,9071
1753798500,6432,6433.5,6430.25,6432.25,9530
1753798800,6432.25,6433,6429.25,6431,10031
1753799100,6430.75,6431.5,6426.75,6431,12733
1753799400,6430.75,6431.5,6427.75,6428.25,11928
1753799700,6428.25,6429.75,6426.5,6428.25,8232
1753800000,6428,6429.75,6425,6425.25,9055
1753800300,6425.25,6426.5,6424,6424.75,10092
1753800600,6424.5,6425.25,6418.25,6420.5,20807
1753800900,6420.25,6421.75,6418.5,6420.25,15501
1753801200,6420.25,6423.25,6418,6419,15141
1753801500,6419,6419.75,6416.5,6418,12936
1753801800,6417.75,6420.25,6416.75,6417,11350
1753802100,6417.25,6417.5,6414.75,6415,13532
1753802400,6415,6416.5,6410.75,6412.75,18932
1753802700,6412.75,6413,6405,6406.25,22733
1753803000,6406,6410.5,6404,6408.75,20668
1753803300,6408.75,6409.5,6406,6406,13875
1753803600,6406,6407,6400,6404.25,23584
1753803900,6404.25,6413,6404.25,6411.75,21185
1753804200,6411.75,6415,6410.75,6413.75,18219
1753804500,6414,6415.5,6412,6412.25,9452
1753804800,6412,6413.75,6410.25,6412.75,14639
1753805100,6412.75,6413.75,6410.25,6410.75,8358
1753805400,6411,6412.5,6408.25,6410,10578
1753805700,6409.75,6411.25,6409,6410.75,8832
1753806000,6410.75,6411.5,6409,6409.25,5630
1753806300,6409.5,6411.25,6407.25,6410,10970
1753806600,6410.25,6412.25,6408.25,6408.25,7386
1753806900,6408.5,6409.25,6404,6405.25,9490
1753807200,6405.25,6410.5,6405,6410.25,7315
1753807500,6410.5,6411,6408.5,6408.75,6087
1753807800,6409,6412,6408.75,6411.75,5049
1753808100,6412,6415.5,6411.75,6415,7751
1753808400,6415,6419.25,6414,6417.75,11157
1753808700,6417.75,6418.75,6416,6416.25,8524
1753809000,6416.25,6418,6416.25,6417.25,5127
1753809300,6417.25,6419,6416.25,6416.75,6516
1753809600,6417,6417,6415,6415.5,4948
1753809900,6415.5,6418.5,6413.75,6415.25,11742
1753810200,6415,6417.25,6414.25,6414.5,5711
1753810500,6414.5,6414.75,6406.5,6409.75,17560
1753810800,6409.75,6410.25,6403.25,6405.75,13458
1753811100,6405.75,6407,6403.5,6404,11586
1753811400,6404,6406.75,6402.25,6406.25,9673
1753811700,6406,6409.5,6406,6409,7325
1753812000,6409.25,6410.5,6407.5,6410.25,7015
1753812300,6410.25,6410.75,6406.5,6406.75,9378
1753812600,6407,6408.5,6405.75,6407.75,7016
1753812900,6408,6410.75,6407.25,6409.75,5263
1753813200,6409.75,6410,6404.75,6405.5,8100
1753813500,6405.5,6406.75,6404.5,6406.25,5846
1753813800,6406,6409.75,6405.75,6408.75,7322
1753814100,6408.75,6410.5,6407.75,6410.5,5250
1753814400,6410.25,6411.75,6408.5,6409.5,6406
1753814700,6409.5,6410.25,6407.5,6408.5,4158
1753815000,6408.25,6409.5,6406.75,6407.5,4581
1753815300,6407.5,6407.75,6405,6406.5,6704
1753815600,6406.25,6407.5,6405.5,6407,5562
1753815900,6407.25,6408.75,6406.75,6407.75,5679
1753816200,6407.5,6409,6405.75,6408.75,6040
1753816500,6408.75,6409.25,6405.75,6406.75,7140
1753816800,6406.75,6407.75,6405.25,6406,5524
1753817100,6405.75,6406.25,6403.5,6403.75,7039
1753817400,6403.75,6405.5,6403,6403.25,9678
1753817700,6403.25,6403.5,6396.25,6396.5,23704
1753818000,6396.5,6400.75,6396.25,6400.5,10734
1753818300,6400.5,6404.5,6400.25,6404,12178
1753818600,6404.25,6405.25,6401.75,6404.5,21042
1753818900,6404.75,6408,6401.5,6406,73253
1753819200,6406.25,6407.25,6404,6405.25,18853
1753819500,6405,6405.75,6403.5,6403.5,4703
1753819800,6403.75,6404.75,6403,6403.75,2720
1753882200,6412,6413.25,6405,6410.25,29031
1753882500,6410.25,6413,6408.75,6410.25,12490
1753882800,6410.25,6412.75,6407.75,6412.5,8968
1753883100,6412.25,6414.5,6407,6408,13769
1753883400,6408.25,6408.5,6405.25,6407.75,8936
1753883700,6407.5,6410.5,6405.75,6409.75,9393
1753884000,6409.5,6410.25,6406.25,6407,9539
1753884300,6407,6410.75,6406.75,6408.25,8119
1753884600,6408.25,6410.5,6407.25,6409.25,7222
1753884900,6409.5,6414.25,6409,6414,10445
1753885200,6414,6419.25,6412.75,6418.25,14634
1753885500,6418.25,6418.25,6415,6416,9932
1753885800,6415.75,6421,6415.75,6418,11367
1753886100,6418,6419.75,6416.75,6418,6780
1753886400,6418,6419,6416.75,6417.25,6202
1753886700,6417.5,6418.75,6415.75,6415.75,5771
1753887000,6415.75,6418.75,6415.5,6417.25,8070
1753887300,6417,6418.5,6414.25,6414.75,7414
1753887600,6414.75,6416.25,6410.75,6411,9750
1753887900,6411,6412,6409,6409.75,8429
1753888200,6409.75,6410,6403.25,6403.75,20325
1753888500,6404,6407.5,6402.25,6406.25,13224
1753888800,6406,6408.75,6405.25,6408.5,7243
1753889100,6408.5,6409,6404.25,6405.5,8088
1753889400,6405.25,6406.75,6403,6404.5,7465
1753889700,6404.25,6407.5,6404.25,6405.75,6794
1753890000,6405.5,6409.5,6405.25,6409,6774
1753890300,6408.75,6409.5,6407.5,6409,4059
1753890600,6408.75,6411.25,6408.25,6410.5,6440
1753890900,6410.5,6414,6410,6414,8271
1753891200,6413.75,6414.25,6412,6413,6227
1753891500,6413,6414.25,6412.5,6413.75,4175
1753891800,6413.5,6415.75,6412.75,6415.25,4841
1753892100,6415.25,6418.75,6414.75,6417,8002
1753892400,6417,6419.75,6417,6418.75,6292
1753892700,6418.75,6418.75,6416.25,6418.25,7222
1753893000,6418.25,6419,6416.75,6418,3697
1753893300,6418.25,6418.25,6415.75,6416.5,5736
1753893600,6416.75,6417.25,6414.75,6416,5705
1753893900,6416.25,6417.25,6415.5,6416.5,3091
1753894200,6416.5,6419,6416.25,6417.5,4734
1753894500,6417.5,6417.75,6416,6417,4213
1753894800,6417,6419.25,6416.5,6418.5,4328
1753895100,6418.5,6419,6415.5,6415.75,4053
1753895400,6415.75,6417,6415,6415.75,3819
1753895700,6415.5,6416.5,6414.75,6415.75,3431
1753896000,6415.75,6416,6414,6414.5,3279
1753896300,6414.5,6416,6414.25,6414.75,3295
1753896600,6414.75,6416.75,6413.5,6416.75,4340
1753896900,6416.5,6419.25,6415.5,6419.25,4012
1753897200,6419.25,6422.25,6419,6421.5,5436
1753897500,6421.5,6421.5,6417.75,6418,5343
1753897800,6418,6420,6416.75,6419.25,5308
1753898100,6419.25,6420.75,6417.75,6419.5,3853
1753898400,6419.25,6424,6412.5,6416.5,14169
1753898700,6416.5,6419,6415.75,6418,5959
1753899000,6418.25,6421,6415.25,6415.75,5880
1753899300,6415.75,6417.5,6414.75,6416,4746
1753899600,6416,6418.25,6413.75,6417.25,4623
1753899900,6417.5,6421,6416.75,6420.25,4501
1753900200,6420.25,6427.75,6419.25,6425.75,16942
1753900500,6426,6429.75,6413.25,6415.25,44878
1753900800,6415.25,6418.25,6407.5,6416.25,23542
1753901100,6416.25,6420,6405.75,6407.25,23112
1753901400,6407.25,6407.5,6397.25,6398.25,36521
1753901700,6398,6401.25,6378,6380.25,53893
1753902000,6380.25,6383.25,6369.25,6373,49728
1753902300,6373,6381.25,6366.75,6379.75,32030
1753902600,6379.75,6392,6375.75,6385.5,24774
1753902900,6385.25,6387.75,6376.5,6380,18040
1753903200,6380,6383.5,6370.5,6370.75,21778
1753903500,6370.75,6375.5,6367.75,6372.5,21188
1753903800,6372.5,6380,6372,6375.25,21563
1753904100,6375.25,6377.75,6369.75,6370,13244
1753904400,6370,6376.5,6368,6370.75,17520
1753904700,6370.75,6381.5,6370.75,6378.75,20435
1753905000,6378.75,6388,6378.5,6386.5,29226
1753905300,6386.75,6399,6382.25,6397.5,102366
1753905600,6397.75,6424.75,6393.5,6416,40761
1753905900,6415.75,6430.25,6414.5,6426.25,20123
1753906200,6426.5,6435.25,6426,6431.75,12960
1753968600,6446.75,6448.5,6435.75,6443.25,62212
1753968900,6443.25,6443.5,6435.5,6436.25,31070
1753969200,6436,6436.5,6429.75,6433,19543
1753969500,6433.25,6439.5,6427.5,6436.75,31175
1753969800,6436.75,6447.25,6436.75,6446,21366
1753970100,6446,6451,6444.75,6445.5,24895
1753970400,6445.5,6449.75,6444.25,6445.5,21409
1753970700,6445.25,6450,6444,6447,17556
1753971000,6447,6447.25,6440.25,6444.75,22640
1753971300,6444.75,6447.5,6443.25,6446.25,14506
1753971600,6446,6446.5,6438.5,6442.75,20125
1753971900,6442.75,6443,6436.75,6440,17122
1753972200,6440,6443.5,6436,6437.25,17210
1753972500,6437,6439.5,6434.25,6437.25,17040
1753972800,6437.25,6438,6433.5,6436.5,11602
1753973100,6436.25,6436.75,6429.75,6432.5,17106
1753973400,6432.25,6433.5,6423,6424.25,23135
1753973700,6424.25,6425.5,6417,6418,21459
1753974000,6417.75,6426,6417.5,6423,30165
1753974300,6423.25,6425,6416.25,6417.25,17269
1753974600,6417,6418,6407,6407,27938
1753974900,6407,6410.25,6402.25,6406.25,26374
1753975200,6406,6412.25,6404.5,6406,17103
1753975500,6406,6415,6405.5,6413.5,14307
1753975800,6413.5,6420.5,6412.5,6417.25,15888
1753976100,6417.5,6423.25,6416.75,6423,11497
1753976400,6423,6426,6422,6425.25,12227
1753976700,6425.25,6425.75,6421.5,6422,11573
1753977000,6421.75,6424.5,6420.25,6423.25,10641
1753977300,6423.25,6427.5,6422.75,6427.5,8687
1753977600,6427.25,6429.75,6425.5,6425.75,12084
1753977900,6426,6429,6423.75,6428.25,8961
1753978200,6428.25,6430,6426.5,6429.75,6371
1753978500,6429.5,6431.75,6429.25,6430.25,5771
1753978800,6430.5,6432,6429.5,6431.25,6155
1753979100,6431.5,6434.25,6430.75,6432.75,6056
1753979400,6433,6435.25,6431.5,6433.25,9240
1753979700,6433.5,6435,6430.75,6432.75,7310
1753980000,6433,6435,6432.25,6433,6890
1753980300,6433.25,6433.75,6426.75,6431,10475
1753980600,6431,6431.75,6427.25,6430.75,7237
1753980900,6430.75,6431.5,6429,6430,5459
1753981200,6430,6430,6422.25,6423,11375
1753981500,6423,6428,6422.5,6423.75,10497
1753981800,6423.5,6426,6421.75,6422.5,7795
1753982100,6422.75,6423.75,6416.75,6418.25,10825
1753982400,6418,6419.5,6410,6410.5,12109
1753982700,6410.5,6410.5,6395.5,6400.25,33261
1753983000,6400,6402,6392.25,6398.75,32131
1753983300,6398.75,6408.25,6398.25,6404.25,19818
1753983600,6404.25,6407.25,6401.75,6405.5,10131
1753983900,6405.5,6408.5,6399.75,6401.75,11595
1753984200,6401.75,6401.75,6387,6389.25,28536
1753984500,6389,6390.75,6382.5,6386.5,21618
1753984800,6386.5,6394.5,6384.5,6387.75,19742
1753985100,6387.75,6391.25,6379,6380.75,16900
1753985400,6381,6385.25,6376.75,6376.75,15885
1753985700,6376.75,6378,6365.5,6377.5,30102
1753986000,6377.5,6387.25,6376.5,6385.75,17926
1753986300,6385.75,6394.25,6385,6394,13771
1753986600,6393.75,6399.5,6393,6396,15722
1753986900,6396,6400,6394.25,6396,9552
1753987200,6396,6399.25,6395,6398.75,10361
1753987500,6399,6403,6397.25,6400.25,11360
1753987800,6400.5,6402.5,6397.25,6398.5,10918
1753988100,6398.5,6400.25,6391.25,6393.25,11784
1753988400,6393.25,6400,6393.25,6396.25,11952
1753988700,6396.5,6398.25,6393.5,6394.5,7876
1753989000,6394.75,6396.75,6385.25,6387.25,14108
1753989300,6387.25,6390,6381.5,6387.75,13191
1753989600,6388,6391,6381.25,6382.5,13186
1753989900,6382.75,6384.5,6377.5,6379.25,12143
1753990200,6379.5,6384.75,6379.5,6382.5,15260
1753990500,6382.75,6384,6377,6378,13266
1753990800,6378.25,6387.25,6378,6387,17733
1753991100,6387.25,6388.25,6373.75,6374.75,22764
1753991400,6374.25,6379.25,6359.5,6361.75,55866
1753991700,6362,6377.25,6358.25,6371,161666
1753992000,6371.25,6394.75,6366.75,6371.25,43006
1753992300,6371.25,6371.75,6366.75,6368.25,12012
1753992600,6368.25,6372.5,6365,6366.75,7446
1754055000,6311,6311.5,6288.75,6290.75,67005
1754055300,6290.75,6293.5,6284.5,6285,47292
1754055600,6285,6285,6270,6270.5,41722
1754055900,6270.5,6273.5,6260.25,6260.5,48776
1754056200,6260.5,6267,6258,6263,40875
1754056500,6263,6268.75,6260,6262.25,36116
1754056800,6262.25,6262.75,6243.75,6257.5,63606
1754057100,6257.75,6262.25,6248.5,6260.75,44226
1754057400,6260.75,6273.75,6260.5,6266.5,38120
1754057700,6266.5,6276.75,6265.75,6272.25,30447
1754058000,6272.5,6279.25,6268,6278.25,36950
1754058300,6278.25,6282.75,6273.75,6281,26687
1754058600,6281,6288,6278.5,6285.75,30174
1754058900,6285.75,6287.5,6276.5,6277.75,25863
1754059200,6277.75,6280.75,6269.75,6271.5,33147
1754059500,6271.25,6285,6268.5,6271.5,33507
1754059800,6271.25,6274,6265,6269.25,23502
1754060100,6269.5,6274.75,6265,6267,16948
1754060400,6266.75,6271.25,6261.75,6267,20368
1754060700,6266.75,6273.5,6266.25,6270,17003
1754061000,6270,6277,6266.75,6268.75,17316
1754061300,6268.75,6276.5,6266.75,6268.75,14484
1754061600,6268.5,6272.75,6262.5,6263.25,15664
1754061900,6263,6266.25,6260.5,6262.25,15531
1754062200,6262,6266.75,6261,6262,18321
1754062500,6262.25,6274.5,6261,6273.5,16737
1754062800,6273.5,6283.75,6272.75,6283.25,18924
1754063100,6283.5,6287.5,6280.75,6285,18549
1754063400,6285,6286.25,6281,6284.25,13364
1754063700,6284.25,6287.5,6281.75,6287.25,10453
1754064000,6287,6294,6286,6294,19122
1754064300,6294,6297,6291.5,6292.25,16530
1754064600,6292,6294,6287.75,6292.5,17573
1754064900,6292.5,6294,6288,6292.5,12974
1754065200,6292.5,6294,6288.25,6291.75,11478
1754065500,6291.75,6296.75,6288.5,6289,13994
1754065800,6289,6291,6284.5,6290.75,15889
1754066100,6291,6291.75,6283.75,6284.5,12723
1754066400,6284.75,6285,6276,6278.25,16604
1754066700,6278.25,6283.5,6276.75,6277,13500
1754067000,6277.25,6277.75,6268.75,6270,19557
1754067300,6270,6272,6258.75,6260.25,25845
1754067600,6260,6265,6255,6257,26092
1754067900,6257,6261.5,6253.5,6259.25,19408
1754068200,6259.5,6261.75,6254.75,6255,14861
1754068500,6255,6257.5,6252.25,6253.5,12741
1754068800,6253.5,6260,6252,6255.75,15531
1754069100,6255.75,6256.5,6250,6252.5,13979
1754069400,6252.25,6260.75,6251.5,6255.75,17608
1754069700,6255.75,6256,6248.5,6250.5,12385
1754070000,6250.25,6257.75,6249.5,6253.75,11652
1754070300,6253.5,6257,6249.5,6256.75,12528
1754070600,6257,6260.75,6254.75,6256.25,13730
1754070900,6256,6256.25,6249.5,6252.75,11525
1754071200,6252.75,6255.25,6247.75,6248.75,12221
1754071500,6248.5,6252,6239.5,6244,21118
1754071800,6244,6247.25,6241.75,6243.75,17384
1754072100,6243.75,6251,6243.5,6248,11801
1754072400,6248,6256.75,6245,6256.5,13654
1754072700,6256.5,6265,6255,6263,16797
1754073000,6263.25,6270,6260.75,6267.25,16491
1754073300,6267.25,6273,6265.75,6272.75,12122
1754073600,6272.75,6277.5,6270.75,6277.25,12498
1754073900,6277.5,6278,6269.75,6271.75,19433
1754074200,6271.75,6272.25,6257.5,6258.75,21800
1754074500,6258.75,6265.5,6256,6260.5,19292
1754074800,6260.75,6264.75,6256.25,6257.5,14819
1754075100,6257.25,6264.5,6257.25,6261.5,12044
1754075400,6261.5,6265,6260,6262.25,11331
1754075700,6262,6270,6261.75,6269.25,13866
1754076000,6269.25,6269.5,6259.5,6266.25,15582
1754076300,6266.25,6267.25,6261.5,6264.75,10402
1754076600,6264.5,6266,6255,6264.5,33944
1754076900,6264.75,6266.25,6260.25,6260.75,13358
1754077200,6260.75,6265.75,6260.5,6264.75,10173
1754077500,6264.5,6278.75,6262.25,6275.25,25042
1754077800,6275.25,6280.25,6260.5,6267.75,40630
1754078100,6268,6272.25,6261.75,6263.5,99117
1754078400,6263.75,6267.75,6262.25,6264.25,35336
1754078700,6264.5,6265.5,6262.5,6263.25,8012
1754079000,6263.25,6268.25,6262.75,6268,8476
1754314200,6303.25,6315.75,6302,6315.5,50082
1754314500,6315.5,6322.5,6314.5,6320.25,34106
1754314800,6320.25,6325.75,6317.25,6324.25,26114
1754315100,6324.5,6332.5,6324.25,6330.25,31354
1754315400,6330.25,6331.75,6325.25,6331.5,21254
1754315700,6331.5,6339,6330,6336.75,20633
1754316000,6337,6340.5,6336,6337.25,21024
1754316300,6337.5,6338.75,6331.5,6332,17805
1754316600,6332,6337.75,6329.5,6337.5,17487
1754316900,6337.5,6341,6336.5,6337.5,17478
1754317200,6337.5,6340,6336.25,6338.25,13768
1754317500,6338,6342.5,6335.75,6341,14140
1754317800,6341,6341.5,6336,6338.25,15374
1754318100,6338.25,6340.5,6336.75,6339.75,8193
1754318400,6339.75,6339.75,6333,6334,13648
1754318700,6333.75,6345,6331.5,6342.25,17188
1754319000,6342.5,6343.25,6332.5,6336,25353
1754319300,6336,6339,6334.5,6339,12762
1754319600,6338.75,6341.75,6333.75,6339.5,12197
1754319900,6339.5,6340.5,6336.25,6340.25,8702
1754320200,6340.25,6342.75,6338.75,6341.25,8912
1754320500,6341.5,6341.5,6335.25,6336.5,9862
1754320800,6336.25,6338,6333.25,6337.5,11506
1754321100,6337.5,6340.25,6336.5,6336.75,9100
1754321400,6336.5,6340.25,6335,6339,10133
1754321700,6339,6341,6337.5,6338.5,8778
1754322000,6338.25,6339,6332.5,6335.5,10877
1754322300,6335.5,6338.5,6334,6338,7557
1754322600,6338.25,6342,6336.75,6341.75,8271
1754322900,6341.5,6347.75,6341.25,6345.5,13538
1754323200,6345.5,6348.5,6342.75,6344.5,13565
1754323500,6344.5,6346,6343.75,6344.75,6023
1754323800,6345,6347,6342.75,6344,7577
1754324100,6344.25,6346.75,6343.25,6346.25,6177
1754324400,6346.5,6346.75,6343.75,6345.25,6427
1754324700,6345.25,6346.75,6343.5,6343.75,6137
1754325000,6343.5,6346.5,6343.25,6346.25,7205
1754325300,6346.25,6347.25,6344.75,6345.75,4757
1754325600,6346,6346.25,6344,6345.75,4944
1754325900,6346,6349.5,6345.75,6348.25,6895
1754326200,6348.25,6351.25,6347.5,6350.75,8262
1754326500,6351,6351,6347.25,6348,7883
1754326800,6348,6350.25,6347.25,6348.75,5999
1754327100,6349,6350,6348,6349.5,4859
1754327400,6349.5,6352,6349,6351.75,8274
1754327700,6351.75,6351.75,6349.75,6351,6176
1754328000,6351,6351,6348.25,6351,5716
1754328300,6351,6351,6348.5,6349.5,4766
1754328600,6349.5,6351.25,6349.25,6350,6221
1754328900,6349.75,6350.25,6347.75,6349.5,4614
1754329200,6349.5,6349.5,6345.25,6346,8085
1754329500,6346,6347,6340,6344.75,13572
1754329800,6344.75,6346.75,6343.25,6344.5,7670
1754330100,6344.5,6345,6342.75,6344.5,4637
1754330400,6344.25,6347.75,6343.75,6347.75,8123
1754330700,6347.5,6349.5,6345.75,6346,8540
1754331000,6345.75,6348.5,6343.5,6344.75,7163
1754331300,6344.5,6346.25,6343.75,6344.75,5719
1754331600,6344.75,6347.75,6344.75,6346.5,4858
1754331900,6346.5,6348,6345.75,6346,4829
1754332200,6346.25,6349.5,6345.5,6348.75,6397
1754332500,6348.75,6350.5,6347.75,6349,6655
1754332800,6349,6349.5,6344.75,6345.75,7463
1754333100,6345.75,6347.25,6345.25,6345.75,5179
1754333400,6345.75,6346.5,6344.25,6345,4628
1754333700,6345,6345.75,6343.75,6345.25,5685
1754334000,6345.25,6347,6344.5,6345.25,6960
1754334300,6345.25,6347.25,6343.5,6345.75,7270
1754334600,6345.5,6348.5,6345,6347.75,6732
1754334900,6347.75,6353.75,6347.5,6350.75,15205
1754335200,6350.75,6353.75,6350.5,6352.75,10544
1754335500,6352.75,6352.75,6348.25,6348.75,8463
1754335800,6348.75,6349.75,6345.5,6346.75,11744
1754336100,6346.75,6348.5,6345.5,6348.25,11380
1754336400,6348.25,6351.5,6348.25,6349,10248
1754336700,6349,6352,6348.5,6351,9166
1754337000,6351.25,6355.5,6348.5,6354.5,24200
1754337300,6354.5,6358.5,6353,6357,99004
1754337600,6357.25,6359.75,6355,6357.5,25179
1754337900,6357.5,6365.5,6357.25,6363.75,13305
1754338200,6363.75,6364.5,6362.5,6364,4782
1754400600,6363.75,6365.5,6357.5,6358.25,36485
1754400900,6358.5,6368.25,6358.25,6366.25,22855
1754401200,6366.25,6368.5,6363.5,6365.25,14253
1754401500,6365.5,6371.75,6365.25,6368.5,17832
1754401800,6368.5,6369,6364.5,6368.75,15134
1754402100,6368.75,6368.75,6361.5,6364.75,12358
1754402400,6364.5,6364.5,6351.25,6352.75,30385
1754402700,6353,6355.75,6348.25,6353.5,25916
1754403000,6353.5,6357,6348.5,6349.25,21160
1754403300,6349.25,6352,6344.5,6348.5,21631
1754403600,6348.25,6348.25,6340.75,6340.75,18329
1754403900,6341,6344.5,6337.5,6344.25,23873
1754404200,6344,6344.25,6336,6336.25,20884
1754404500,6336,6336.5,6330.25,6331.5,24371
1754404800,6331.5,6335.25,6321.5,6323.5,35567
1754405100,6323.25,6324.5,6315.75,6316,42519
1754405400,6315.75,6324,6315.5,6318.5,31205
1754405700,6318.25,6325.25,6317.75,6324.25,20227
1754406000,6324,6329.75,6319.25,6327.25,22137
1754406300,6327,6331.5,6327,6328.75,15254
1754406600,6328.75,6332,6322.5,6330.75,21066
1754406900,6330.75,6332,6324.5,6327,17351
1754407200,6327.25,6331,6322.75,6325,12979
1754407500,6325.25,6327.5,6323.25,6325,12772
1754407800,6325.25,6329.25,6323.5,6324.75,12649
1754408100,6325,6325,6316.75,6320.5,18776
1754408400,6320.5,6323.25,6316.75,6322,14373
1754408700,6321.75,6327,6320,6321.25,11739
1754409000,6321,6323.5,6317.5,6323,11799
1754409300,6322.75,6326.75,6322.25,6325.75,8959
1754409600,6325.75,6329,6324.75,6328.75,10128
1754409900,6328.75,6335.5,6328.5,6329.25,14914
1754410200,6329.25,6333.25,6329.25,6331.25,7036
1754410500,6331.25,6334.5,6331,6333.75,6090
1754410800,6334,6337.25,6332.5,6333.25,9817
1754411100,6333.25,6336.25,6333,6335.5,7146
1754411400,6335.75,6342,6335.25,6338.5,20658
1754411700,6338.75,6338.75,6333.25,6335,9563
1754412000,6335.25,6335.5,6327.25,6330,14605
1754412300,6330,6330,6323.25,6328,13139
1754412600,6328,6336.75,6327.5,6336.5,12460
1754412900,6336.75,6337.5,6332.75,6334.5,9341
1754413200,6334.25,6336.75,6332,6334.5,7760
1754413500,6334.5,6337.25,6333.5,6336.5,6997
1754413800,6336.75,6338.5,6336,6337.25,5232
1754414100,6337.25,6339.25,6334,6338.75,6820
1754414400,6338.75,6339,6337,6339,4884
1754414700,6338.75,6343.5,6338.5,6342.5,8728
1754415000,6342.5,6344.25,6340.75,6341.5,8089
1754415300,6341.5,6346.25,6340.5,6345.5,9651
1754415600,6345.5,6346.5,6344.25,6344.75,6054
1754415900,6344.75,6348.75,6344.25,6347.5,7433
1754416200,6347.5,6348,6346,6347,5777
1754416500,6347.25,6348.5,6346.5,6346.75,5147
1754416800,6346.75,6347.75,6343,6344.5,9322
1754417100,6344.5,6346.5,6342.75,6343.5,6466
1754417400,6343.25,6343.5,6339,6339.25,8270
1754417700,6339.25,6339.5,6333.5,6334,18244
1754418000,6334,6335.75,6332.75,6333.25,9511
1754418300,6333.25,6334.5,6331,6332,8388
1754418600,6332.25,6335.25,6327,6332,16023
1754418900,6331.75,6333,6329.5,6331.25,8229
1754419200,6331,6332.5,6327.75,6330.75,9141
1754419500,6330.5,6333.5,6326,6330.75,13314
1754419800,6330.75,6331.25,6323.75,6327.75,11319
1754420100,6327.5,6330.25,6325,6329.5,8618
1754420400,6329.75,6334,6328.75,6333.25,10356
1754420700,6333.25,6334,6330.75,6332.75,7466
1754421000,6332.75,6335.75,6330.75,6333.75,9028
1754421300,6334,6335,6331.25,6334.75,8230
1754421600,6334.5,6336.75,6334,6336.25,6801
1754421900,6336,6336.25,6331.25,6335,8856
1754422200,6335.25,6335.75,6332.75,6334,9523
1754422500,6334,6335,6330.25,6331.25,11605
1754422800,6331.25,6332.25,6328,6328.25,10692
1754423100,6328.25,6330.5,6325.5,6327.25,11760
1754423400,6327.25,6332.25,6326.5,6328,22140
1754423700,6328,6329,6323.25,6325.25,68482
1754424000,6325.5,6328.75,6323.5,6328.5,21592
1754424300,6328.75,6329,6324.5,6328.25,6530
1754424600,6328.25,6329.5,6328,6329.25,3321
1754487000,6335,6338.75,6328.75,6338.75,34752
1754487300,6338.5,6339,6327.5,6329,23479
1754487600,6329,6335.25,6327.25,6335.25,24250
1754487900,6335.25,6341.25,6332,6337.5,24737
1754488200,6337.5,6342.5,6329,6341.5,25140
1754488500,6341.75,6344.75,6333.25,6333.5,33849
1754488800,6333.25,6347.75,6332.5,6347.75,29111
1754489100,6347.75,6351,6345.75,6350.5,18023
1754489400,6350.5,6350.5,6339,6339.25,19481
1754489700,6339.25,6342.5,6335.25,6338.25,21313
1754490000,6338.25,6340.75,6325.75,6328.25,25024
1754490300,6328.25,6334,6325.75,6332.25,18936
1754490600,6332.5,6334.5,6328.25,6333.5,15423
1754490900,6333.25,6345.25,6332.25,6343.75,18896
1754491200,6343.5,6347.25,6342,6345.75,17822
1754491500,6345.75,6349.25,6344.75,6346,12522
1754491800,6346,6351,6343.25,6351,11864
1754492100,6351,6355,6350.5,6353.75,15167
1754492400,6353.75,6355,6350.75,6351.5,10193
1754492700,6351.75,6353.25,6349.25,6352.75,10709
1754493000,6352.75,6355,6348.75,6354.25,12611
1754493300,6354,6358.5,6353.5,6357.25,14070
1754493600,6357.25,6362,6356.75,6360.5,14625
1754493900,6360.75,6365.5,6360,6364.25,15317
1754494200,6364.25,6369.25,6363.75,6367.75,18023
1754494500,6367.5,6368.5,6360.25,6362.25,21756
1754494800,6362.25,6366.5,6356.5,6365.75,24744
1754495100,6365.75,6368.75,6365.25,6367.75,10116
1754495400,6367.75,6374.25,6367.5,6372.5,13353
1754495700,6372.75,6374,6371,6371.75,8043
1754496000,6371.75,6373,6369,6372.5,10686
1754496300,6372.75,6373.5,6371.25,6372.5,6623
1754496600,6372.75,6372.75,6368.75,6370,6435
1754496900,6370.25,6371.5,6369,6371.25,6018
1754497200,6371,6372.75,6367.75,6369.25,7411
1754497500,6369.25,6369.5,6366.75,6369,6152
1754497800,6368.75,6369,6366,6368.5,8400
1754498100,6368.25,6375,6368.25,6371.25,11195
1754498400,6371.25,6372.5,6365.25,6365.75,11905
1754498700,6365.75,6367.75,6363.25,6366.5,11400
1754499000,6366.75,6370,6365,6368.25,7250
1754499300,6368.25,6369,6366.5,6367.5,4626
1754499600,6367.5,6371.5,6365.25,6368.75,10034
1754499900,6368.75,6369.25,6366,6367.25,4479
1754500200,6367.5,6369.25,6365.25,6366.5,4714
1754500500,6366.25,6366.75,6364.25,6366.75,6255
1754500800,6366.5,6368,6365.25,6366,4875
1754501100,6366.25,6368.5,6365.25,6368,4382
1754501400,6368,6370.75,6366.5,6370.75,5998
1754501700,6370.75,6371.25,6369.75,6370.75,4223
1754502000,6370.5,6372,6369.75,6370.25,4439
1754502300,6370.5,6371,6366.5,6367,6282
1754502600,6367,6367.5,6365,6365.25,5969
1754502900,6365.25,6368.5,6365,6367.25,7690
1754503200,6367.25,6372.25,6366.75,6371.5,7043
1754503500,6371.5,6376.25,6370.75,6373.25,8786
1754503800,6373.5,6374,6370.75,6372.75,6452
1754504100,6373,6374.25,6371.25,6371.5,4335
1754504400,6371.75,6374,6371.25,6373.5,4013
1754504700,6373.75,6376,6373,6374.25,5495
1754505000,6374.25,6376.75,6372.5,6376,8033
1754505300,6376,6377,6373,6373.25,8218
1754505600,6373.25,6374.5,6371.5,6373.25,6787
1754505900,6373.25,6374.25,6371.75,6373,4764
1754506200,6373,6375,6371.75,6374,5010
1754506500,6374.25,6374.5,6369.5,6371,8470
1754506800,6371.25,6374.25,6370.5,6373.25,7859
1754507100,6373.25,6373.25,6371,6371.75,5210
1754507400,6371.75,6373.5,6371.25,6372,6693
1754507700,6372.25,6374.75,6371.75,6374,5945
1754508000,6373.75,6376.5,6373.75,6375.75,6991
1754508300,6375.75,6375.75,6374,6375,5739
1754508600,6375,6379.5,6374.5,6378.25,11795
1754508900,6378,6378.5,6376.5,6378,6381
1754509200,6378,6378.5,6374,6374.25,10801
1754509500,6374.25,6375,6372.25,6374.5,12134
1754509800,6374.5,6374.5,6370.5,6372.75,25697
1754510100,6372.75,6373.5,6368.75,6371.75,65631
1754510400,6371.75,6372.5,6368.75,6370,18881
1754510700,6370,6371.75,6369,6371,5305
1754511000,6371,6371.25,6370,6370,3430
1754573400,6407.25,6414.25,6401.75,6411.75,35285
1754573700,6412,6412,6405.75,6412,19938
1754574000,6412.25,6414.5,6404.25,6406.5,21962
1754574300,6406.5,6407.25,6397.25,6401.5,22916
1754574600,6401.5,6405.75,6400.25,6401.25,18431
1754574900,6401.25,6410,6398.75,6409.25,22040
1754575200,6409.25,6412.75,6402.5,6402.5,20248
1754575500,6402.75,6404.75,6393.25,6393.5,27700
1754575800,6393.5,6394.5,6387.25,6391,31251
1754576100,6391,6391.75,6385.25,6387.75,21129
1754576400,6388,6389.75,6378,6379,24654
1754576700,6379,6382.5,6375.25,6382.25,33644
1754577000,6382,6382.5,6376.25,6381,21747
1754577300,6381,6384,6376.75,6383.25,18344
1754577600,6383.25,6384.25,6379.25,6384,15384
1754577900,6383.75,6386.25,6373,6380,23907
1754578200,6380,6380.5,6371.5,6373.75,14568
1754578500,6373.75,6373.75,6367.5,6371.25,17470
1754578800,6371,6375.5,6365.25,6369,18103
1754579100,6369,6371.5,6366.75,6368.75,11581
1754579400,6368.5,6373,6364.5,6365.5,15539
1754579700,6365.5,6372.25,6361.75,6370.25,19431
1754580000,6370,6374.5,6370,6373,12869
1754580300,6372.75,6373.75,6361,6363.25,17516
1754580600,6363.5,6368.25,6359.5,6362.5,16858
1754580900,6362.25,6366,6360.25,6363,11195
1754581200,6363,6364,6360,6361.75,9395
1754581500,6361.75,6363.25,6357,6357.25,12174
1754581800,6357,6365.5,6357,6365.25,12691
1754582100,6365,6366.5,6362.25,6362.25,9300
1754582400,6362,6364,6354.75,6361,14035
1754582700,6361,6362.5,6358,6358.75,10507
1754583000,6358.75,6367.25,6356.25,6366,12350
1754583300,6365.75,6369,6363.25,6364.5,10028
1754583600,6364.5,6368.75,6363.75,6368.75,6392
1754583900,6368.75,6369.5,6365.25,6366,7102
1754584200,6366.25,6369.5,6364.25,6368,6630
1754584500,6368,6369.25,6360.75,6362.25,7824
1754584800,6362,6362,6348,6349,24927
1754585100,6349,6352.25,6344,6351.25,21657
1754585400,6351.5,6362.5,6351.25,6362,14626
1754585700,6362,6364,6355.5,6355.75,13644
1754586000,6355.75,6362.5,6347.5,6352,15947
1754586300,6352,6355.75,6349.75,6352.5,10305
1754586600,6352.5,6354,6347,6349.5,10104
1754586900,6349.25,6351.75,6344.75,6347.25,9102
1754587200,6347,6354.5,6346.75,6353,8091
1754587500,6352.75,6353.5,6343.25,6343.5,12951
1754587800,6343.5,6346.25,6340.25,6342.75,14415
1754588100,6342.75,6346.75,6340.25,6346.25,11935
1754588400,6346,6349.75,6345,6348.25,10946
1754588700,6348,6350.25,6346,6348.75,7819
1754589000,6348.75,6352.75,6346.5,6352.75,8843
1754589300,6352.5,6354.5,6348.75,6351,7196
1754589600,6351,6354,6346.25,6350.75,9951
1754589900,6350.75,6351.75,6344.25,6345.25,8236
1754590200,6345.5,6345.75,6339,6342.25,10690
1754590500,6342.25,6342.5,6334.75,6336.25,14092
1754590800,6336.25,6339.5,6334.5,6336.5,8507
1754591100,6336.25,6343.5,6335.5,6342.75,9351
1754591400,6342.5,6342.5,6338,6341.75,9292
1754591700,6341.75,6347,6341,6344.5,9629
1754592000,6344.5,6345.25,6338.75,6339.25,9768
1754592300,6339.25,6344.5,6338.5,6343.5,8112
1754592600,6343.75,6348,6341.25,6347.25,9315
1754592900,6347.25,6352.25,6347,6348.75,11623
1754593200,6348.75,6351.75,6346.25,6348.5,8936
1754593500,6348.5,6349,6345,6348.75,6767
1754593800,6348.75,6349,6345.5,6345.75,5450
1754594100,6345.75,6348,6343.5,6346,7481
1754594400,6345.75,6348.75,6345.5,6347.75,6976
1754594700,6347.5,6348.75,6343.75,6346.5,7012
1754595000,6346.5,6353,6346.25,6350.75,14795
1754595300,6350.5,6356.25,6349.25,6349.5,13887
1754595600,6349.75,6357,6349.75,6356.75,9005
1754595900,6356.5,6359.5,6355,6356.75,12639
1754596200,6356.75,6359.5,6352.75,6354.75,20115
1754596500,6354.5,6368.5,6354.25,6367.5,73167
1754596800,6367.5,6372.5,6366.25,6368,35370
1754597100,6368.25,6372.25,6367.75,6372,6625
1754597400,6372,6375.5,6370,6374.5,8332
1754659800,6383,6387.75,6379.75,6383.25,31359
1754660100,6383.25,6387,6381.75,6385.25,18818
1754660400,6385.25,6390.5,6383,6388.75,20289
1754660700,6388.75,6397.5,6388.75,6395.25,23338
1754661000,6395.25,6399.75,6392,6396.75,20455
1754661300,6397,6401.5,6396.75,6401,15833
1754661600,6401,6406.5,6399.75,6406.25,23319
1754661900,6406,6410.5,6404.5,6410,33035
1754662200,6410,6410.5,6402.5,6403.75,22339
1754662500,6404,6404.75,6400,6403.25,16150
1754662800,6403,6404.75,6401.75,6403.25,12053
1754663100,6403.25,6407.25,6401.5,6406.75,12619
1754663400,6406.75,6413,6406.5,6411.75,15002
1754663700,6411.75,6413,6409,6409,11689
1754664000,6409.25,6410.75,6405.5,6407.5,13490
1754664300,6407.5,6408.25,6405.25,6406.75,10288
1754664600,6407,6407,6402,6402.75,11378
1754664900,6402.75,6403,6399.25,6400.5,13251
1754665200,6400.25,6403.25,6397.75,6402.5,17042
1754665500,6402.75,6407.25,6401.5,6405.5,11678
1754665800,6405.5,6406,6401,6405.75,11246
1754666100,6406,6406,6401.75,6402.25,8049
1754666400,6402,6403.25,6400,6402.25,8878
1754666700,6402.25,6404.25,6400.75,6402.25,8066
1754667000,6402.25,6402.5,6396.75,6399.25,13436
1754667300,6399.25,6399.5,6392.25,6393.75,18285
1754667600,6393.75,6394.5,6390.5,6391.75,15289
1754667900,6391.75,6398.25,6390.75,6397,14796
1754668200,6397,6403,6396.5,6402.5,11880
1754668500,6402.5,6406.75,6402,6405.75,12465
1754668800,6406,6409.75,6405,6408.5,15066
1754669100,6408.5,6410.25,6407.75,6409.5,10606
1754669400,6409.5,6411,6407.5,6410,9918
1754669700,6410,6416,6409.5,6414.75,15416
1754670000,6414.75,6415,6411,6412.75,11032
1754670300,6413,6413.25,6409.5,6411.25,9745
1754670600,6411.25,6412.75,6408.5,6410,11414
1754670900,6410.25,6411.5,6409.5,6411.25,8327
1754671200,6411.25,6413.75,6410.25,6412.5,7908
1754671500,6412.75,6413.5,6409.5,6410.5,8312
1754671800,6410.5,6410.75,6406.5,6407.5,9965
1754672100,6407.5,6409.5,6407.25,6408,6506
1754672400,6408,6408,6403.5,6406.75,12150
1754672700,6406.75,6409.25,6405.75,6408.75,6998
1754673000,6408.5,6409.5,6405.75,6407.75,8207
1754673300,6407.75,6407.75,6403.75,6405.25,10060
1754673600,6405.5,6410.75,6405,6409.5,10221
1754673900,6409.5,6409.75,6406,6406.5,9273
1754674200,6406.25,6410.25,6406.25,6409.25,8098
1754674500,6409,6411,6408.5,6410.5,5009
1754674800,6410.25,6414.5,6410.25,6413.5,9732
1754675100,6413.25,6414.75,6411.75,6413.5,6457
1754675400,6413.5,6415.25,6412.75,6414.75,4890
1754675700,6414.75,6415.75,6413.75,6414.25,5369
1754676000,6414.5,6419,6414.5,6417,13060
1754676300,6417.25,6418.75,6416.5,6416.75,7172
1754676600,6416.75,6418,6415.75,6416,5289
1754676900,6416,6418.25,6415.25,6417,5720
1754677200,6417,6417.5,6415.25,6415.25,4188
1754677500,6415.5,6415.5,6411.5,6414.75,8200
1754677800,6414.75,6417.5,6414.5,6417.25,5690
1754678100,6417.5,6417.75,6414.5,6415,5295
1754678400,6415.25,6416.5,6414.75,6415.75,3626
1754678700,6416,6417.25,6414.75,6416.75,4612
1754679000,6416.75,6417.25,6414.75,6416.5,4923
1754679300,6416.75,6416.75,6414.5,6415.25,5161
1754679600,6415,6415.5,6413,6413.5,6204
1754679900,6413.75,6414.5,6413,6414.25,4891
1754680200,6414.5,6415.5,6413.5,6414.75,5975
1754680500,6414.5,6417.5,6414,6417.5,6580
1754680800,6417.5,6419,6415,6415.75,10907
1754681100,6415.5,6416.75,6414.5,6415.25,5594
1754681400,6415.25,6415.25,6411.75,6412.25,10091
1754681700,6412.25,6412.5,6409.5,6410.25,9822
1754682000,6410.5,6411.25,6405.5,6406.5,14057
1754682300,6406.5,6406.75,6403.5,6405.75,15970
1754682600,6405.5,6413.5,6402.75,6413.25,29325
1754682900,6413,6415.5,6409.5,6414,75606
1754683200,6413.75,6419.25,6413.25,6418.5,19937
1754683500,6418.75,6421.25,6418.75,6420.25,7213
1754683800,6420.5,6425.25,6419.5,6425.25,6585
1754919000,6416.25,6417.5,6410,6412.25,29988
1754919300,6412,6416.75,6411.5,6416.25,15470
1754919600,6416.5,6419.25,6413.25,6417.25,18228
1754919900,6417.25,6418,6414.5,6416.5,11562
1754920200,6416.75,6416.75,6410.25,6412.75,15412
1754920500,6412.75,6418.5,6412.25,6418.5,14638
1754920800,6418.25,6419.75,6415.25,6416.25,13999
1754921100,6416.25,6419,6415,6417.5,9797
1754921400,6417.5,6421,6415.5,6416.5,13455
1754921700,6416.5,6421.25,6415,6421,14767
1754922000,6421,6421.5,6415.5,6415.75,8655
1754922300,6415.75,6416.75,6413.5,6414,10582
1754922600,6414,6416,6413.25,6414,9498
1754922900,6414,6415.25,6412.5,6413.5,10363
1754923200,6413.25,6414.5,6411.75,6414,9716
1754923500,6414.25,6415,6406.75,6409.25,17432
1754923800,6409.25,6412.5,6408.25,6410,12018
1754924100,6410.25,6410.75,6409,6409.25,8026
1754924400,6409.25,6411.75,6407.25,6408.75,11009
1754924700,6408.75,6409.75,6406.75,6407.5,7258
1754925000,6407.5,6413,6406.75,6412.75,9032
1754925300,6413,6414,6411.5,6413.75,8259
1754925600,6413.75,6414.5,6411,6412.5,8678
1754925900,6412.5,6413.5,6411.5,6412.25,5494
1754926200,6412.25,6413.25,6410,6413,8996
1754926500,6413,6413,6409.75,6410.25,7530
1754926800,6410.25,6413.5,6409.25,6412,7827
1754927100,6412,6415,6410.75,6414.25,9264
1754927400,6414.25,6418.5,6414,6418.25,11359
1754927700,6418.25,6420.5,6417.5,6420.25,8565
1754928000,6420.25,6421.25,6419.5,6420.75,7065
1754928300,6420.75,6429.75,6420.25,6429.25,20242
1754928600,6429.25,6431.5,6427,6427.75,15947
1754928900,6427.75,6428.25,6425,6425.5,8457
1754929200,6425.5,6428.25,6424.75,6428,7323
1754929500,6428,6428,6425.5,6427,6044
1754929800,6427.25,6427.75,6424.25,6424.75,6140
1754930100,6425,6425,6421,6421.75,8665
1754930400,6421.75,6422,6414.75,6415.25,15728
1754930700,6415.5,6417.75,6414.5,6416,11002
1754931000,6416.25,6419.5,6415.75,6416.25,10944
1754931300,6416,6416.5,6414.5,6414.75,7483
1754931600,6414.75,6416.5,6414,6415.75,7511
1754931900,6415.75,6417.5,6415.5,6415.75,5335
1754932200,6416,6416,6412.25,6412.5,6694
1754932500,6412.5,6414,6410.25,6413,9778
1754932800,6413,6414.75,6411.5,6414,5535
1754933100,6414,6414,6412,6413.25,5889
1754933400,6413,6415.75,6412.75,6413.25,7733
1754933700,6413.25,6414.75,6407.25,6409.25,11267
1754934000,6409.25,6409.5,6405.25,6409,13482
1754934300,6409,6411.5,6405.25,6410.75,8730
1754934600,6410.75,6411.75,6409,6409.75,5548
1754934900,6409.75,6411,6407,6409,6195
1754935200,6409,6410,6406,6407,10883
1754935500,6407.25,6408,6404.5,6406,9453
1754935800,6406.25,6407.75,6403.75,6406.75,7535
1754936100,6407,6409,6405.75,6406.25,7459
1754936400,6406.25,6407,6404.25,6405,6024
1754936700,6404.75,6409.75,6404.75,6406,15710
1754937000,6406,6410,6406,6406.5,8705
1754937300,6406.5,6409.25,6405.75,6409,5411
1754937600,6408.75,6409,6397.75,6397.75,11824
1754937900,6397.75,6405.25,6396.25,6405,14612
1754938200,6404.75,6406.25,6402.5,6404.75,6354
1754938500,6404.75,6407.75,6403.75,6406.25,5813
1754938800,6406.25,6407,6405,6406.25,4629
1754939100,6406.25,6407,6404.75,6406.5,4767
1754939400,6406.5,6407.5,6404.25,6404.5,5654
1754939700,6404.5,6405,6401,6404,8836
1754940000,6404,6406.5,6404,6405.25,7285
1754940300,6405.25,6405.75,6402.75,6403.75,6142
1754940600,6403.75,6405,6401.5,6402.5,8009
1754940900,6402.5,6403.5,6400.5,6401.5,7681
1754941200,6401.5,6402.75,6400.25,6401.75,8418
1754941500,6402,6402.25,6398.5,6401,11069
1754941800,6400.75,6402.5,6388.5,6391.25,38003
1754942100,6391.25,6401.25,6387.5,6400,86831
1754942400,6400.25,6401.75,6396.75,6398.5,21958
1754942700,6398.5,6399.5,6398,6398.75,4230
1754943000,6399,6399.5,6396.75,6397,4303
1755005400,6423.75,6435.25,6419.75,6434.5,36215
1755005700,6434.75,6439.5,6431.25,6438.75,28902
1755006000,6438.75,6439.75,6419.25,6422.75,33836
1755006300,6422.5,6429.5,6413,6416.75,41876
1755006600,6416.75,6423.5,6410.25,6423.25,29607
1755006900,6423,6426.25,6413,6414,22823
1755007200,6414.25,6420.75,6408.5,6420.25,29979
1755007500,6420.25,6430,6418.75,6425,24197
1755007800,6425,6430.75,6420.5,6430,18145
1755008100,6430.25,6433.75,6426.75,6432,22195
1755008400,6432,6436.5,6430.75,6433.25,17163
1755008700,6433.25,6436.25,6431.5,6433.75,13688
1755009000,6433.75,6435,6429.5,6430.25,17471
1755009300,6430.25,6433,6429.25,6432.5,11193
1755009600,6432.5,6435.5,6430.25,6434.75,12651
1755009900,6435,6438.5,6431.75,6437.75,15059
1755010200,6438,6443.25,6436.5,6438.75,22706
1755010500,6439,6440,6435.75,6439.75,13754
1755010800,6439.75,6444.5,6439,6443.25,16224
1755011100,6443.5,6447.75,6443.25,6444.75,17355
1755011400,6445,6449,6445,6446.5,15152
1755011700,6446.5,6451.25,6446.25,6449,15855
1755012000,6449,6450,6447.5,6448.5,10365
1755012300,6448.5,6450,6443.5,6446,17404
1755012600,6445.75,6449.75,6444,6449.75,15574
1755012900,6449.75,6451.5,6448.25,6450.5,10848
1755013200,6450.5,6451,6448.5,6450.5,7786
1755013500,6450.5,6451.75,6448.75,6449.25,7478
1755013800,6449,6451.25,6447.25,6449.5,7684
1755014100,6449.75,6453.75,6449.25,6453.25,10772
1755014400,6453.5,6453.5,6450.5,6451.75,8221
1755014700,6451.75,6453.25,6450.5,6450.5,5736
1755015000,6450.75,6451.75,6449.5,6451.5,5187
1755015300,6451.25,6453,6450.75,6452.75,5602
1755015600,6452.75,6455,6452,6454.5,8367
1755015900,6454.5,6456.5,6453.5,6455,7865
1755016200,6454.75,6457.5,6454.75,6457.25,6925
1755016500,6457,6457.25,6455.5,6455.5,5304
1755016800,6455.5,6456.5,6454.75,6456,4984
1755017100,6456.25,6459.5,6456,6458.25,7854
1755017400,6458.5,6459.75,6457.75,6459,5895
1755017700,6459.25,6461.25,6457.75,6458,7215
1755018000,6458,6458.5,6456.25,6457.25,7800
1755018300,6457.5,6459,6455.5,6456,5513
1755018600,6456,6458.5,6455.25,6457.5,5659
1755018900,6457.5,6458.75,6457.25,6457.75,4071
1755019200,6457.75,6459.5,6456.5,6458,5330
1755019500,6457.75,6458.75,6456,6456.5,5661
1755019800,6456.5,6461,6455.25,6460.5,8435
1755020100,6460.5,6460.75,6457.25,6458.25,6101
1755020400,6458.5,6460.25,6457.5,6458.75,4204
1755020700,6459,6462,6458.75,6461.5,5578
1755021000,6461.5,6462.5,6460.75,6462,4735
1755021300,6461.75,6462.25,6460.5,6461.75,3373
1755021600,6461.5,6464.25,6461.5,6462.75,8310
1755021900,6463,6465.25,6462.5,6464,6508
1755022200,6464,6464.5,6462.5,6464.25,4592
1755022500,6464,6466.75,6463.75,6465.75,7029
1755022800,6465.75,6467.25,6463.75,6464.75,8471
1755023100,6464.5,6464.75,6462.5,6463.5,4560
1755023400,6463.5,6463.75,6460.75,6462.25,7154
1755023700,6462.25,6464,6461,6461.25,5687
1755024000,6461.25,6462.75,6460.75,6462.5,5225
1755024300,6462.5,6463.75,6461.25,6462.75,6837
1755024600,6462.75,6463.25,6462,6463,3663
1755024900,6463,6463.75,6461,6461.5,5264
1755025200,6461.5,6462.75,6460.75,6462.25,6214
1755025500,6462.25,6464.25,6462,6463.25,4882
1755025800,6463,6463.25,6461.25,6462.5,4872
1755026100,6462.5,6464.75,6462.5,6464.25,5945
1755026400,6464.25,6465.25,6463.5,6464.25,7203
1755026700,6464.25,6464.5,6462.75,6464.25,5200
1755027000,6464,6465.75,6464,6465.25,7486
1755027300,6465.25,6467.75,6464.5,6466,8712
1755027600,6466.25,6466.25,6461.75,6462.5,10514
1755027900,6462.5,6464.5,6462.25,6464,10845
1755028200,6464,6469,6460.75,6466.75,32937
1755028500,6467,6470,6465,6467.5,70935
1755028800,6467.5,6469,6466,6466,23451
1755029100,6466,6468.75,6465.5,6468.5,8085
1755029400,6468.25,6468.5,6466.5,6466.5,4033
1755091800,6489.5,6493.5,6485,6492,30697
1755092100,6492,6496,6490,6493.75,17890
1755092400,6493.75,6496,6492.25,6495.75,14332
1755092700,6496,6499.5,6494.25,6499,17803
1755093000,6499.25,6502.5,6499,6501,16555
1755093300,6501.25,6501.25,6494,6496.75,22370
1755093600,6496.75,6496.75,6491.5,6492.25,20056
1755093900,6492.25,6497.5,6491.5,6494.5,16035
1755094200,6494.5,6494.5,6488.75,6491.5,16874
1755094500,6491.5,6492.75,6490,6490.75,12924
1755094800,6490.5,6492,6485,6485.25,13595
1755095100,6485.25,6486.5,6479.5,6482.25,24019
1755095400,6482.25,6483.25,6478.5,6480.25,15625
1755095700,6480.25,6483.5,6478.5,6480.75,16464
1755096000,6480.75,6484,6478,6482.5,15747
1755096300,6482.25,6483.25,6476,6479.25,18040
1755096600,6479.25,6480,6475.5,6477.5,11330
1755096900,6477.5,6479.5,6477,6478,9611
1755097200,6478,6480,6475.25,6476.25,13181
1755097500,6476.25,6477.75,6473,6473,15286
1755097800,6473,6475.75,6472.5,6473.25,13681
1755098100,6473,6476.25,6470.5,6476,14832
1755098400,6476,6481.25,6475.25,6479,17602
1755098700,6479.25,6480.75,6474.75,6476.5,12793
1755099000,6476.75,6480.5,6474.75,6478.75,11662
1755099300,6478.75,6479,6474.75,6476.75,9650
1755099600,6476.75,6482.75,6476.75,6482,9124
1755099900,6482.25,6482.5,6479.25,6480.5,7541
1755100200,6480.75,6481,6474,6475,8483
1755100500,6475,6475.5,6473.25,6474.25,7960
1755100800,6474,6478.25,6473.5,6478,9403
1755101100,6478,6479,6476.5,6477.75,5861
1755101400,6477.75,6479,6476.25,6477.75,4120
1755101700,6477.75,6479,6474,6474,6076
1755102000,6474,6475,6472.25,6473.75,6998
1755102300,6473.75,6475.25,6472.5,6472.5,4953
1755102600,6472.75,6475,6469.5,6474.5,10089
1755102900,6474.5,6475.75,6472,6472.25,6402
1755103200,6472.25,6473.25,6470.25,6471.5,5448
1755103500,6471.75,6471.75,6469.25,6470.25,7474
1755103800,6470,6471.5,6466.75,6471,10081
1755104100,6470.75,6470.75,6468.25,6470.25,6887
1755104400,6470.25,6475.5,6469.75,6475.25,13516
1755104700,6475,6475.25,6469,6469,7688
1755105000,6469,6469.75,6467.75,6468,6264
1755105300,6467.75,6472.5,6467,6472.25,6683
1755105600,6472.25,6476,6472,6475.25,7584
1755105900,6475.25,6477.25,6474.5,6476.5,6389
1755106200,6476.5,6477.75,6467.75,6467.75,10206
1755106500,6468,6470.75,6467.5,6469.75,7866
1755106800,6469.75,6470.75,6468.75,6469,6122
1755107100,6469,6471.75,6468.75,6471.25,4560
1755107400,6471.25,6473.75,6470.5,6473.25,5930
1755107700,6473.25,6476.75,6472,6475.5,6848
1755108000,6475.75,6478.5,6473.75,6477.75,7403
1755108300,6478,6478,6476,6477,6051
1755108600,6477,6482,6476.75,6481.5,10378
1755108900,6481.25,6481.75,6479,6479,6379
1755109200,6479.25,6480.5,6478,6480.5,4391
1755109500,6480.75,6481.25,6478.75,6479,5499
1755109800,6479,6482.75,6479,6481.75,6581
1755110100,6482,6482.25,6472.5,6477.5,24224
1755110400,6477.5,6479.25,6474.75,6479,9243
1755110700,6478.75,6480.25,6478,6479.75,4638
1755111000,6479.75,6480.75,6478.75,6480.5,3757
1755111300,6480.5,6483.25,6479.75,6480.25,6869
1755111600,6480.5,6481.25,6478.5,6480.75,6295
1755111900,6481,6481.25,6479.25,6479.5,4667
1755112200,6479.75,6483.25,6479.5,6483,6000
1755112500,6483.25,6484.25,6482.5,6483,6588
1755112800,6483.25,6487.5,6483,6484,13066
1755113100,6484,6484.75,6482.25,6483.25,7124
1755113400,6483.25,6484,6481.25,6482,6971
1755113700,6481.75,6483.5,6479.5,6480.25,8635
1755114000,6480.5,6483.75,6480,6481.75,10166
1755114300,6481.75,6484.75,6481.5,6484.25,8851
1755114600,6484.25,6489.75,6484.25,6488.5,23230
1755114900,6488.75,6491.25,6486.75,6489,70336
1755115200,6489,6493.25,6489,6490.75,20140
1755115500,6490.5,6490.5,6487.75,6488.5,6700
1755115800,6488.5,6488.5,6486.75,6486.75,3301
1755178200,6467.5,6470.75,6462.75,6470.75,34493
1755178500,6470.5,6473.75,6468.75,6472,24545
1755178800,6471.75,6474.25,6467.75,6473.25,23129
1755179100,6473,6476.5,6470.5,6475.75,17038
1755179400,6475.75,6482,6475.25,6475.25,22692
1755179700,6475.25,6480.25,6470.5,6479.75,18727
1755180000,6479.75,6481.75,6478.25,6480.25,14284
1755180300,6480.25,6482.5,6477,6480,16443
1755180600,6480,6481.5,6476.25,6477.25,12614
1755180900,6477.5,6485.25,6477.25,6484.5,13753
1755181200,6484.5,6485.75,6477.25,6479.25,14393
1755181500,6479.25,6482.5,6476.5,6481.75,9273
1755181800,6482,6488.25,6481.5,6486,15316
1755182100,6486.25,6489.25,6484.25,6489,11891
1755182400,6489,6490.5,6486,6488,12709
1755182700,6488,6495.25,6487.25,6494.25,16999
1755183000,6494.25,6494.25,6489.75,6490,11111
1755183300,6490.25,6491.25,6484,6487,14405
1755183600,6487,6487.5,6484.25,6484.75,12227
1755183900,6485,6485.75,6482.5,6483.25,9295
1755184200,6483.25,6484,6480.75,6482.5,10845
1755184500,6482.75,6485.5,6482,6482.5,8764
1755184800,6482.75,6482.75,6479,6479.25,12323
1755185100,6479,6479.25,6469,6472.5,29963
1755185400,6472.75,6477.75,6471,6473.25,15344
1755185700,6473.5,6474.75,6470.25,6470.75,12023
1755186000,6470.75,6473.75,6469,6473.5,11812
1755186300,6473.25,6480.5,6471,6479.25,14378
1755186600,6479.5,6480.5,6477,6478.75,8516
1755186900,6478.5,6482,6476.5,6479.75,8022
1755187200,6479.75,6480.25,6475.5,6476.25,9964
1755187500,6476,6477,6473,6474.5,11295
1755187800,6474.25,6474.75,6465.5,6466.5,16072
1755188100,6466.25,6473.25,6465.75,6471,10524
1755188400,6470.75,6476.25,6468.75,6473.75,10395
1755188700,6473.5,6475.75,6469.5,6470.25,8070
1755189000,6470,6474,6469,6473,7064
1755189300,6473.25,6475,6469.75,6472.5,5519
1755189600,6472.5,6473.5,6469.25,6473,6183
1755189900,6473,6475.75,6471.5,6475.25,7447
1755190200,6475.25,6480.5,6475,6480.25,8011
1755190500,6480.5,6482.25,6477.75,6481,8319
1755190800,6481.25,6483.25,6480.25,6482.75,7042
1755191100,6482.75,6484,6481.5,6483.5,5292
1755191400,6483.5,6484.75,6482.5,6484.5,4114
1755191700,6484.75,6488,6484,6485.75,10207
1755192000,6486,6487.5,6484,6486.5,7787
1755192300,6486.5,6490.25,6486.5,6489.75,8877
1755192600,6489.75,6490.25,6487.5,6488.25,6964
1755192900,6488.25,6488.25,6485.5,6486.25,8346
1755193200,6486.25,6486.5,6482,6485.5,8878
1755193500,6485.75,6488.25,6483.5,6484.75,8578
1755193800,6484.75,6485.25,6482,6485.25,6609
1755194100,6485,6487,6483.5,6486.75,6229
1755194400,6486.75,6486.75,6484,6485,7513
1755194700,6485,6487,6484.25,6485.75,6882
1755195000,6485.5,6486,6481.25,6481.5,8045
1755195300,6481.5,6483.25,6478.5,6483,10612
1755195600,6483,6484.75,6481.25,6483.75,6174
1755195900,6483.75,6483.75,6479.25,6480.5,6757
1755196200,6480.5,6481.75,6479,6481.5,7186
1755196500,6481.5,6483,6480.25,6482.5,5587
1755196800,6482.25,6486.5,6482,6486.25,8839
1755197100,6486.25,6487.75,6483.75,6487.5,7454
1755197400,6487.75,6489,6484.75,6485.25,10705
1755197700,6485.25,6486,6483.75,6485.5,6306
1755198000,6485.75,6487.25,6484.25,6486.5,5946
1755198300,6486.25,6489.25,6484.25,6488.75,7247
1755198600,6488.75,6489.25,6487,6489,4149
1755198900,6489,6493.75,6488.25,6493.5,10961
1755199200,6493.5,6494.25,6491,6491.25,9633
1755199500,6491.25,6492,6488.5,6489.5,8536
1755199800,6489.75,6489.75,6487.75,6488,8075
1755200100,6488,6492.5,6487.75,6491.25,9222
1755200400,6491.5,6492.5,6489.25,6491.75,9313
1755200700,6491.5,6494.5,6491.25,6492,10701
1755201000,6492,6494.75,6490.75,6494.75,14914
1755201300,6494.5,6496,6488.25,6488.75,63711
1755201600,6488.75,6489,6482.25,6483,38454
1755201900,6482.75,6486.75,6482.75,6486.75,5474
1755202200,6486.75,6487,6481.5,6481.5,7274
1755264600,6496.75,6498,6488.25,6488.25,38249
1755264900,6488.5,6492.5,6487.5,6489,16945
1755265200,6489.25,6491.25,6487.5,6488.5,13064
1755265500,6488.75,6488.75,6474.75,6475.75,32600
1755265800,6475.75,6479.5,6473.5,6476.5,22146
1755266100,6476.5,6480,6475.25,6477.25,14887
1755266400,6477,6482,6468.25,6480.5,24039
1755266700,6480.5,6482,6476.5,6481,12380
1755267000,6481,6481.75,6478,6481,11572
1755267300,6481,6483.25,6476.75,6477,14717
1755267600,6476.75,6479,6474.75,6475.75,12434
1755267900,6475.75,6481,6472.75,6478.75,11454
1755268200,6478.75,6480,6474.5,6475.75,11368
1755268500,6475.75,6478.5,6474,6478.25,9461
1755268800,6478.5,6479.25,6474.25,6475.5,9406
1755269100,6475.25,6475.5,6471.75,6473.5,12882
1755269400,6473.25,6474.5,6471,6472.75,8224
1755269700,6472.75,6474.75,6470.25,6472.75,10226
1755270000,6472.5,6473.75,6470.5,6471.5,8733
1755270300,6471.75,6472.75,6469.25,6472.25,8166
1755270600,6472.25,6476,6471.75,6475.25,9981
1755270900,6475,6479.5,6474.25,6477.5,10794
1755271200,6477.75,6479,6471,6471.25,9832
1755271500,6471.25,6473.75,6470.75,6471.5,8203
1755271800,6471.5,6477,6471.25,6475.75,9506
1755272100,6475.75,6476.25,6469.25,6469.5,8898
1755272400,6469.5,6470.5,6461.5,6462.75,20254
1755272700,6462.75,6471.25,6462.5,6470.75,12329
1755273000,6470.75,6477.75,6470.25,6476.75,15441
1755273300,6476.75,6478,6469.75,6470.75,15078
1755273600,6470.5,6472.25,6467.25,6469.25,11446
1755273900,6469.25,6473,6469,6472,8359
1755274200,6472.25,6476,6471.25,6476,5763
1755274500,6476,6476,6469.75,6471,8814
1755274800,6471.25,6472,6469.5,6471.25,6732
1755275100,6471.25,6474.5,6468.25,6469.5,9104
1755275400,6469.5,6473,6469.5,6472.75,5768
1755275700,6472.5,6473,6470,6472.75,5320
1755276000,6472.5,6475,6471.5,6474.25,5917
1755276300,6474.25,6477,6472.75,6476.5,8701
1755276600,6476.5,6478.5,6475.75,6476.5,7720
1755276900,6476.5,6479.5,6475,6477.5,6900
1755277200,6477.5,6478.5,6476,6477.5,6635
1755277500,6477.25,6479.75,6475.5,6478,5154
1755277800,6478.25,6478.25,6475.5,6477.75,4595
1755278100,6477.5,6478.75,6474.25,6474.75,4585
1755278400,6474.5,6476.25,6474,6475.75,4520
1755278700,6475.75,6479.25,6475,6478.25,6701
1755279000,6478.25,6482.25,6478.25,6480.25,11150
1755279300,6480.5,6480.5,6478.25,6479.25,5764
1755279600,6479.25,6480.5,6478.25,6479,4637
1755279900,6479.25,6480.25,6477.75,6480,4382
1755280200,6480.25,6481.25,6479.25,6481,5509
1755280500,6481,6485,6480.75,6484.25,9151
1755280800,6484.5,6485.5,6478.5,6481.25,16464
1755281100,6481.25,6482.5,6479.75,6482,5868
1755281400,6482.25,6483.25,6480.5,6481,4527
1755281700,6481.25,6481.25,6477.25,6477.75,8948
1755282000,6478,6480,6476.5,6480,5432
1755282300,6480,6482.75,6479,6481.75,4780
1755282600,6481.75,6483,6481,6481.5,4676
1755282900,6481.25,6482,6478.75,6480,5538
1755283200,6480,6480.75,6478.25,6479.5,3987
1755283500,6479.25,6480.5,6477,6478,5542
1755283800,6478.25,6481.5,6478,6480.75,5204
1755284100,6480.5,6481.25,6474.75,6479.25,11846
1755284400,6479.25,6479.5,6470.25,6473.25,18279
1755284700,6473,6475,6469.75,6474.5,10846
1755285000,6474.75,6476.5,6474.75,6475.75,5981
1755285300,6475.75,6477,6471.75,6474,7878
1755285600,6474.25,6477,6473,6475.25,7018
1755285900,6475,6476,6473.5,6474.5,4790
1755286200,6474.5,6475.5,6472.75,6474.5,6265
1755286500,6474.25,6476,6472.75,6473,5508
1755286800,6472.75,6477.25,6472.75,6476,8223
1755287100,6476,6477.25,6475.5,6476.75,7323
1755287400,6476.75,6478.25,6469.75,6470.75,24313
1755287700,6470.75,6472.75,6467.75,6471.5,81045
1755288000,6471.5,6472.25,6464,6466.5,22546
1755288300,6466.25,6467,6465,6465.5,5899
1755288600,6465.75,6469,6465,6468.5,4335
1755523800,6464.5,6470.5,6463.75,6469.75,20852
1755524100,6470,6471.75,6466.5,6469,14835
1755524400,6469.25,6470,6463.75,6467.75,13384
1755524700,6468,6474,6467.5,6471.5,14496
1755525000,6471.25,6471.5,6463.75,6465.5,17568
1755525300,6465.75,6467,6461,6462.75,14403
1755525600,6462.75,6469,6462.75,6468.5,14306
1755525900,6468.5,6470,6466,6467.25,9779
1755526200,6467.25,6468.75,6465,6468.75,7439
1755526500,6468.75,6470.25,6466,6467.25,8849
1755526800,6467.5,6475.25,6466.75,6474,13545
1755527100,6474.25,6475.25,6465.75,6465.75,16718
1755527400,6465.75,6469.25,6461.75,6468,15487
1755527700,6468,6470,6467.25,6468,8175
1755528000,6467.75,6469.5,6466,6466.25,8246
1755528300,6466.5,6467,6458.5,6464,19016
1755528600,6464,6470,6464,6469.5,9917
1755528900,6469.75,6470,6465,6468.25,12755
1755529200,6468,6470.5,6467.75,6469,7886
1755529500,6469,6469.25,6466,6468.75,6925
1755529800,6468.75,6469,6464.25,6464.5,6373
1755530100,6464.5,6465.5,6463,6465.5,8004
1755530400,6465.25,6468.5,6465,6466.75,7711
1755530700,6466.75,6467,6461.75,6463,6599
1755531000,6463.25,6463.75,6461.5,6463.25,9515
1755531300,6463,6466.25,6460.75,6465.5,7568
1755531600,6465.25,6465.5,6463,6464.25,4213
1755531900,6464,6466.25,6463.75,6465.75,4889
1755532200,6465.5,6466,6463,6464.75,4664
1755532500,6464.5,6464.75,6462,6463.25,4616
1755532800,6463,6466,6462.75,6463.25,5523
1755533100,6463,6466,6462.5,6465.25,4448
1755533400,6465.25,6468.75,6464,6465,8226
1755533700,6465,6467,6463.25,6467,4932
1755534000,6466.75,6468.75,6466.5,6468.5,4860
1755534300,6468.5,6468.75,6466.25,6467.25,5323
1755534600,6467.25,6469.75,6465.75,6466.25,8011
1755534900,6466.25,6466.25,6459.5,6462,10488
1755535200,6461.75,6463.75,6461,6462,5409
1755535500,6462,6462.75,6457.25,6460.5,11210
1755535800,6460.5,6462.25,6458.5,6460.5,6380
1755536100,6460.5,6461.5,6459.5,6460.75,2823
1755536400,6460.75,6465,6460.5,6464.5,6332
1755536700,6464.25,6465,6462,6463.5,4866
1755537000,6463.5,6466.75,6463,6466,6193
1755537300,6466,6467.75,6465.75,6467.25,4559
1755537600,6467.25,6467.25,6464.5,6465.75,5124
1755537900,6466,6468,6465.5,6467.75,3648
1755538200,6467.5,6474.25,6467.5,6470,17275
1755538500,6470,6471.5,6463.75,6464,11595
1755538800,6463.75,6465.5,6462.75,6464.75,7727
1755539100,6464.75,6465,6463,6464.5,5346
1755539400,6464.25,6464.5,6462.25,6464.5,4958
1755539700,6464.5,6465,6462.75,6463.5,4488
1755540000,6463.75,6463.75,6460.75,6462.5,6742
1755540300,6462.75,6465.25,6462,6464.5,4652
1755540600,6464.5,6466,6462.5,6463,5514
1755540900,6462.75,6463.75,6460,6462.25,5359
1755541200,6462.25,6464.25,6461.25,6463.75,4224
1755541500,6463.75,6465.5,6462,6463.5,5206
1755541800,6463.25,6466.5,6463.25,6465.5,4942
1755542100,6465.25,6467,6464,6465,4706
1755542400,6464.75,6467.75,6463.75,6467.25,5524
1755542700,6467.25,6468.25,6466,6467.25,5595
1755543000,6467,6471.25,6467,6470,9687
1755543300,6470.25,6471.75,6469.75,6470.5,8081
1755543600,6470.25,6471.5,6469,6470.5,6791
1755543900,6470.5,6471.75,6469.25,6469.75,5101
1755544200,6469.75,6470.5,6467,6467.5,5739
1755544500,6467.75,6470.25,6466.5,6469.75,6505
1755544800,6469.75,6470.25,6468.25,6468.75,4642
1755545100,6468.5,6469.25,6467.25,6468.75,4531
1755545400,6468.5,6469,6467.5,6468.5,4685
1755545700,6468.25,6472,6468.25,6469.25,7875
1755546000,6469.25,6471,6469,6470.5,5201
1755546300,6470.5,6473.25,6470.5,6472,9606
1755546600,6472,6474.5,6469.25,6474,15219
1755546900,6474.25,6474.75,6467.75,6468.75,61649
1755547200,6468.75,6470.5,6468,6469.5,17412
1755547500,6469.5,6470.75,6469,6469.75,4087
1755547800,6469.75,6470.25,6468.75,6469,1861
1755610200,6466.25,6467.75,6454.75,6456.25,30431
1755610500,6456.25,6462.5,6455,6461,19159
1755610800,6461,6469.5,6460.25,6463.5,22788
1755611100,6463.5,6463.75,6458.25,6460.25,19480
1755611400,6460.5,6466.75,6458.75,6465.75,16080
1755611700,6465.5,6467.25,6463,6463.75,12648
1755612000,6463.75,6476.25,6463.25,6476.25,31195
1755612300,6476,6476.25,6472.25,6475.25,18812
1755612600,6475.25,6476.25,6470.75,6472.75,13322
1755612900,6472.5,6474.25,6470,6473,16035
1755613200,6472.75,6474.25,6471.25,6473,8312
1755613500,6473.25,6474,6463.25,6465.5,26577
1755613800,6465.25,6470.5,6462.5,6468.75,20986
1755614100,6468.75,6468.75,6461.25,6461.75,19946
1755614400,6461.75,6463.75,6453.75,6457.5,27583
1755614700,6457.75,6457.75,6451.25,6453.75,25293
1755615000,6453.75,6456.5,6451.75,6456.25,17364
1755615300,6456.25,6457.75,6446.5,6446.75,21681
1755615600,6446.75,6448.5,6439,6448,30080
1755615900,6447.75,6449.5,6444.75,6448,13936
1755616200,6447.75,6450.5,6443.25,6448.75,13772
1755616500,6448.75,6451.25,6446.75,6450.75,10181
1755616800,6450.5,6451.25,6445.75,6446.25,9995
1755617100,6446.25,6451.75,6445.5,6450.75,9136
1755617400,6451,6453.5,6449.75,6453.25,8614
1755617700,6453,6453.75,6447.25,6447.75,10223
1755618000,6447.75,6450,6445.75,6448,8577
1755618300,6447.75,6449,6445,6446,6433
1755618600,6445.75,6445.75,6441.5,6443,13091
1755618900,6443,6444.25,6440.75,6442.25,9334
1755619200,6442,6446,6441.75,6443,8295
1755619500,6442.75,6443.75,6438,6439,10766
1755619800,6438.75,6440,6436,6436.75,11287
1755620100,6436.75,6442,6436.75,6440.25,9789
1755620400,6440.25,6443.25,6439,6441,8042
1755620700,6441,6442.25,6437,6438,8957
1755621000,6438.25,6439.5,6436,6438.75,9631
1755621300,6438.75,6440.75,6434.5,6434.75,9607
1755621600,6434.75,6435.75,6430.5,6432.5,15669
1755621900,6432.25,6433.25,6427.75,6431.75,15280
1755622200,6431.5,6435,6429.5,6430.5,12539
1755622500,6430.5,6431.75,6429.25,6431.25,10296
1755622800,6431.25,6432.25,6427.5,6427.75,11249
1755623100,6427.5,6428.75,6422.5,6424,22529
1755623400,6423.75,6430.25,6423.5,6430.25,9936
1755623700,6430,6430.25,6425,6426.5,11055
1755624000,6426.75,6430.75,6426,6429.25,7426
1755624300,6429.5,6433.25,6429.25,6431.75,8023
1755624600,6431.5,6433.75,6431,6432.5,5896
1755624900,6432.5,6435.75,6432.5,6433.5,6555
1755625200,6433.25,6435.5,6433.25,6434,6561
1755625500,6434,6435,6430.75,6432.25,7019
1755625800,6432.5,6434.75,6431.5,6432,5684
1755626100,6431.75,6435,6431.75,6432.75,5244
1755626400,6432.75,6433.5,6422.5,6427,15982
1755626700,6426.75,6432.25,6425.75,6431.75,8735
1755627000,6431.75,6432.25,6426.25,6426.25,7570
1755627300,6426.25,6428,6425,6425.75,4819
1755627600,6425.5,6426.25,6423.75,6425.25,4885
1755627900,6425.25,6427.75,6424,6425.5,5587
1755628200,6425.5,6426.75,6422.75,6423.5,5593
1755628500,6423.75,6425,6421.75,6422.75,6244
1755628800,6422.75,6425.75,6421.25,6423.75,8764
1755629100,6423.75,6424.75,6422.25,6422.75,4930
1755629400,6422.75,6426.5,6421.75,6426.5,4899
1755629700,6426.25,6427.75,6424.5,6425.75,6871
1755630000,6426,6426,6419.25,6423,12798
1755630300,6423,6424.25,6421,6422,6604
1755630600,6422,6423.75,6421.25,6422,6090
1755630900,6421.75,6423,6420.5,6422.75,5256
1755631200,6422.5,6427.25,6421.75,6427,9078
1755631500,6427,6427,6425,6426.5,9760
1755631800,6426.75,6429.25,6426,6427.75,10777
1755632100,6427.75,6428.5,6426.5,6427.25,8026
1755632400,6427.5,6429.25,6426.5,6429,7454
1755632700,6429,6429,6425,6426.25,10096
1755633000,6426.25,6427.25,6421.75,6422.5,22274
1755633300,6422.75,6434.25,6422.5,6432.75,82065
1755633600,6432.75,6436.5,6432.5,6435,24865
1755633900,6435.25,6436,6434.25,6435.25,4699
1755634200,6435.25,6435.25,6433.25,6433.75,4032
1755696600,6428,6430.75,6417.75,6421.75,33170
1755696900,6421.75,6424.75,6418.75,6419,17007
1755697200,6419,6422.75,6415,6415.75,19938
1755697500,6415.75,6416,6407.5,6407.75,30361
1755697800,6407.75,6407.75,6387.75,6388.75,55838
1755698100,6388.75,6393.5,6383,6387.25,41875
1755698400,6387.25,6396.5,6386.25,6389.25,35268
1755698700,6389,6390,6375.75,6377.25,38798
1755699000,6377,6381.75,6375.5,6378,28721
1755699300,6378,6381,6370,6379.5,30931
1755699600,6379.5,6385.75,6378,6382,23112
1755699900,6381.75,6385,6372.25,6372.75,22782
1755700200,6373,6375.25,6369.25,6374.5,25355
1755700500,6374.5,6377.75,6370.75,6372.25,17113
1755700800,6372.25,6373,6367.25,6368.75,17992
1755701100,6368.75,6372,6363.75,6366.75,25039
1755701400,6366.75,6369,6362.75,6364.75,16204
1755701700,6364.75,6368.25,6363.25,6367.25,20047
1755702000,6367.5,6371,6365.25,6370.75,18568
1755702300,6370.75,6380.75,6370.25,6379.75,18536
1755702600,6379.75,6382.5,6377.25,6381.75,15635
1755702900,6381.75,6389.75,6381.75,6388.5,24179
1755703200,6388.5,6396.75,6388.5,6396,22669
1755703500,6396.25,6398,6392.25,6397,24887
1755703800,6397,6402,6394.25,6401,21569
1755704100,6401,6402.75,6396,6396,17212
1755704400,6396.25,6402.25,6395.25,6396.5,14931
1755704700,6396.5,6398.75,6392.75,6394,13606
1755705000,6393.75,6394,6383,6384.75,23126
1755705300,6385,6387,6380.75,6385,13962
1755705600,6385,6392.5,6384.5,6390.25,16149
1755705900,6390.5,6391.5,6387.25,6389.75,9032
1755706200,6390,6397.25,6389,6397,11646
1755706500,6397.25,6401.5,6396.5,6401.25,11187
1755706800,6401.25,6405.25,6400.5,6403.75,12890
1755707100,6403.5,6408.5,6403,6408,11949
1755707400,6408,6408.25,6401.5,6404,12844
1755707700,6403.75,6405.5,6399.75,6403,8886
1755708000,6403,6405,6398.25,6403.75,10441
1755708300,6404,6405.25,6398.75,6400,9529
1755708600,6400,6402.25,6396.5,6399.5,9731
1755708900,6399.75,6399.75,6393,6397,9878
1755709200,6396.75,6403.25,6395,6402.25,9964
1755709500,6402.25,6405.25,6397.75,6404,7501
1755709800,6404.25,6404.5,6398,6398.5,7446
1755710100,6398.5,6403.25,6396.25,6402.25,9039
1755710400,6402.25,6406,6398.5,6399,10159
1755710700,6399,6400.25,6396.5,6399.25,6687
1755711000,6399.25,6409.75,6398.75,6408.5,12353
1755711300,6408.5,6409.5,6405.5,6408.5,10991
1755711600,6408.5,6410.25,6407,6409.75,9319
1755711900,6410,6413.25,6409,6410,14652
1755712200,6410,6411.25,6406.75,6408.5,9931
1755712500,6408.5,6408.75,6403.75,6406,7312
1755712800,6406,6407.25,6390.75,6395.25,22201
1755713100,6395.5,6398,6391.25,6397.5,15062
1755713400,6397.5,6398.75,6390,6393.75,12725
1755713700,6393.75,6394.25,6388.5,6389,12697
1755714000,6389,6393.5,6385.5,6392,15137
1755714300,6392.25,6394.75,6390.25,6392,7990
1755714600,6391.75,6396.75,6390.75,6396.25,8908
1755714900,6396,6400.5,6393.25,6400.25,9532
1755715200,6400.25,6402,6398.25,6400.75,7924
1755715500,6401,6407,6400.25,6405.5,9809
1755715800,6405.25,6407.25,6402.5,6404,8514
1755716100,6404.25,6406,6399.5,6400.5,10192
1755716400,6400.5,6405,6400.25,6404.25,8278
1755716700,6404.5,6408.75,6403,6408.25,7396
1755717000,6408,6416.75,6407.75,6415.5,16332
1755717300,6415.25,6417.75,6413.5,6416,12278
1755717600,6416,6422.25,6415,6421.5,12916
1755717900,6421.25,6421.5,6414.75,6416.75,13511
1755718200,6416.5,6421.75,6415,6420.5,12190
1755718500,6420.5,6422.75,6417.75,6418,9583
1755718800,6418.25,6421.5,6417.75,6421.25,7525
1755719100,6421.25,6423.5,6419.5,6422.75,9810
1755719400,6422.75,6424.25,6417.25,6421.75,24714
1755719700,6421.75,6423.75,6411.25,6413.75,83464
1755720000,6414,6415.5,6411.5,6414,20306
1755720300,6414,6414.5,6412.75,6413.25,3721
1755720600,6413.5,6414.25,6411.75,6413.25,4599
1755783000,6395.25,6397.75,6385,6391.25,40870
1755783300,6391.5,6396.25,6388,6396,20077
1755783600,6396.25,6396.25,6389,6392,12698
1755783900,6392.5,6395,6375.5,6393.75,42967
1755784200,6394,6394.25,6385.75,6391,28977
1755784500,6391,6392.5,6383,6384,15434
1755784800,6383.75,6402,6378.5,6400,29206
1755785100,6400,6405.25,6399,6403.5,19271
1755785400,6403.5,6406.75,6400,6403.75,17072
1755785700,6403.75,6410.5,6402.5,6407.75,20243
1755786000,6407.75,6410,6405.75,6409.25,11879
1755786300,6409.25,6412.25,6404.5,6411.5,18860
1755786600,6411.5,6411.5,6402.25,6404.5,14965
1755786900,6404.5,6404.75,6394.75,6395.25,14258
1755787200,6395,6400.75,6393.25,6400.75,15207
1755787500,6400.5,6403,6396,6396,15573
1755787800,6396.25,6403.25,6396.25,6403,9833
1755788100,6403,6405,6400.25,6404.25,9842
1755788400,6404,6407,6400.75,6402.25,11032
1755788700,6402.25,6402.5,6398.5,6400.25,9065
1755789000,6400,6401,6386.75,6387.5,23201
1755789300,6387.5,6395.75,6385.25,6395.25,14345
1755789600,6395,6405.5,6392.75,6402.5,17988
1755789900,6402.75,6403.5,6396.5,6399.5,14360
1755790200,6399.5,6406.75,6398.5,6405.5,13063
1755790500,6405.25,6407.25,6403.75,6404.75,7752
1755790800,6404.5,6408.5,6402.5,6406,9477
1755791100,6406,6406.5,6399.75,6401.75,9271
1755791400,6401.75,6402.25,6389,6390.25,14716
1755791700,6390.25,6391.25,6386.5,6388.25,14921
1755792000,6388,6389.5,6383.25,6383.25,16893
1755792300,6383.25,6387,6383,6384.25,10116
1755792600,6384,6389.25,6382,6386.75,11112
1755792900,6386.75,6391.25,6386.25,6390.25,7638
1755793200,6390.25,6390.25,6386.75,6389.5,7403
1755793500,6389.5,6389.5,6382,6384.75,9171
1755793800,6384.75,6389.25,6382.75,6384.5,10181
1755794100,6384.25,6388,6382,6387.25,8656
1755794400,6387.25,6389.75,6384.75,6386.75,6068
1755794700,6386.75,6388.25,6382.5,6385.5,6377
1755795000,6385.25,6392.75,6385,6390.75,9640
1755795300,6390.75,6392.25,6378.75,6381,12077
1755795600,6381,6384.75,6378.75,6384.25,8330
1755795900,6384.25,6387.25,6382.5,6384.5,6910
1755796200,6384.5,6384.75,6378.25,6379,7666
1755796500,6378.75,6380.5,6374.25,6376.25,10847
1755796800,6376,6377.75,6372.25,6373.25,10263
1755797100,6373.25,6377.5,6370.25,6376.5,10289
1755797400,6376.5,6382.5,6375.5,6382.5,10136
1755797700,6382.25,6388.75,6381.75,6387.75,11788
1755798000,6387.5,6391,6387.25,6390,11977
1755798300,6389.75,6394.5,6389.25,6391.25,9690
1755798600,6391.25,6392.75,6386.5,6389.75,8424
1755798900,6389.75,6392.5,6389.25,6391.5,6026
1755799200,6391.5,6393.25,6389.5,6391.25,7638
1755799500,6391,6392.75,6387.25,6389.5,7048
1755799800,6389.25,6392.75,6386.75,6391.25,7443
1755800100,6391.25,6394,6389.5,6393.25,5707
1755800400,6393.25,6394.5,6389.5,6392.75,5563
1755800700,6392.5,6392.75,6387,6387.25,5524
1755801000,6387.5,6388.75,6383,6388.25,9299
1755801300,6388.25,6392.5,6387.75,6391.75,6785
1755801600,6391.5,6392.75,6388,6388,4570
1755801900,6388.25,6388.25,6384.25,6387.75,6308
1755802200,6388,6393.5,6386.5,6391.25,8092
1755802500,6391.5,6395.25,6388.75,6393.75,8117
1755802800,6393.5,6396,6392.5,6393.75,7168
1755803100,6394,6397.5,6393.5,6396,7041
1755803400,6396,6397,6394.25,6395.5,4641
1755803700,6395.75,6395.75,6392,6393.75,6607
1755804000,6393.75,6395.25,6392.5,6395,5600
1755804300,6395,6395.5,6391.25,6392,6280
1755804600,6391.75,6392.25,6389.25,6389.75,8098
1755804900,6389.75,6390.25,6386.5,6388.25,7479
1755805200,6388,6389.75,6384.75,6386.75,8469
1755805500,6386.75,6388.75,6384.75,6387.5,7984
1755805800,6387.5,6391.25,6385.5,6389,21297
1755806100,6389.25,6391.5,6383,6388.25,64999
1755806400,6388.5,6389.75,6386,6388.25,18409
1755806700,6388.25,6389,6387,6387.75,2967
1755807000,6387.75,6391,6387.25,6391,2995
1755869400,6407.75,6411.25,6402.5,6407,30034
1755869700,6407.25,6415.75,6406,6415.5,18040
1755870000,6415.75,6424.5,6413.75,6424.25,26270
1755870300,6424.25,6427.75,6419.5,6426,26701
1755870600,6426.25,6427.5,6421.25,6422.5,15409
1755870900,6422.5,6423.25,6411.5,6414.25,16930
1755871200,6414.25,6472,6414.25,6459.75,78684
1755871500,6460,6474,6456,6471.75,47948
1755871800,6471.75,6480.25,6468.25,6477.75,32541
1755872100,6477.75,6486.25,6469.75,6471.5,41028
1755872400,6471.75,6474,6461,6469,37247
1755872700,6469,6477.75,6465.25,6471.75,29525
1755873000,6472,6482.5,6471.75,6480.25,26098
1755873300,6480.25,6484.5,6477.5,6479,18119
1755873600,6479,6487.5,6477.5,6486,23041
1755873900,6486,6491,6484.25,6485,27474
1755874200,6485.25,6489,6483.25,6488.5,17172
1755874500,6488.5,6492.75,6487.25,6487.25,16916
1755874800,6487.5,6493.5,6486.75,6492.75,14870
1755875100,6493,6493.25,6487.25,6488,12716
1755875400,6488.25,6493.25,6485.75,6486.25,14739
1755875700,6486.25,6491.75,6485.75,6490.5,10411
1755876000,6490.5,6493,6488.25,6488.5,10532
1755876300,6488.75,6491.75,6487.25,6491.25,11457
1755876600,6491,6496.25,6490.75,6495,12676
1755876900,6494.75,6495.75,6489,6490.25,12364
1755877200,6490.5,6492.75,6489,6491.75,9308
1755877500,6491.75,6494,6488.5,6489.75,10063
1755877800,6490,6490.5,6487.25,6488.5,9333
1755878100,6488.5,6490,6484,6485,13367
1755878400,6485.25,6490,6484,6489.75,12767
1755878700,6490,6490,6486.5,6487.25,9978
1755879000,6487.25,6488.75,6483.25,6485.25,7812
1755879300,6485,6486,6478.5,6482,13940
1755879600,6482,6485.75,6481,6482,9579
1755879900,6482.25,6482.5,6477.75,6478.75,8955
1755880200,6478.75,6483.75,6478.5,6482.5,7205
1755880500,6482.75,6485.5,6481,6481.25,7337
1755880800,6481.25,6483.25,6480,6482,6031
1755881100,6482,6483.75,6480.75,6481.5,4385
1755881400,6481.75,6482.75,6477.25,6478.5,7042
1755881700,6478.75,6479.25,6473.75,6478,11212
1755882000,6477.75,6485,6477.75,6483.75,11250
1755882300,6483.75,6486.75,6483,6484.5,12916
1755882600,6484.75,6488.5,6483.5,6487.25,11292
1755882900,6487.5,6489.5,6486.75,6489,5996
1755883200,6488.75,6492.5,6488.25,6491,7440
1755883500,6491,6493.75,6490.5,6492.25,7394
1755883800,6492.5,6493.25,6489.25,6490.25,8953
1755884100,6490.5,6493,6490,6492.25,6340
1755884400,6492.5,6493.5,6490.75,6493.5,5103
1755884700,6493.5,6495,6491,6491,7450
1755885000,6491.25,6493,6491,6492.75,5178
1755885300,6493,6494,6488,6489,6923
1755885600,6489,6491.5,6488.75,6490.5,6504
1755885900,6490.5,6490.75,6486.5,6488,7667
1755886200,6488.25,6489.25,6486.5,6487.5,5474
1755886500,6487.5,6487.75,6485,6485.5,5832
1755886800,6485.5,6487.25,6484,6486.25,7676
1755887100,6486,6488,6484.5,6485,5404
1755887400,6485.25,6488.5,6485,6488,6058
1755887700,6487.75,6489.75,6486,6487,6737
1755888000,6487,6487.25,6483.75,6485.25,6644
1755888300,6485.25,6489,6484.75,6487.75,7602
1755888600,6487.75,6489,6485.5,6487.75,5313
1755888900,6487.75,6488,6484.25,6485.75,5649
1755889200,6485.75,6487.75,6485.25,6487,7220
1755889500,6486.75,6487.5,6484,6484.75,4944
1755889800,6484.75,6485.25,6483,6484.25,6407
1755890100,6484.25,6485,6482.25,6482.75,7467
1755890400,6482.75,6484.5,6481.75,6484.25,7209
1755890700,6484.25,6485.25,6481.5,6481.75,7848
1755891000,6482,6483.75,6479,6481.25,11266
1755891300,6481.5,6481.5,6474.75,6475.75,14365
1755891600,6476,6479.75,6474,6479.25,15754
1755891900,6479.25,6483.75,6478.75,6481.5,15111
1755892200,6481.5,6485.75,6481.25,6483,31140
1755892500,6483,6485.5,6476.75,6483.25,97024
1755892800,6483,6485.25,6480,6483.25,25008
1755893100,6483.5,6486.75,6482.25,6486.25,7777
1755893400,6486.25,6486.25,6483.5,6484.25,3649
1756128600,6470,6472.5,6463.75,6467,33671
1756128900,6467,6473.25,6466.75,6470.5,20070
1756129200,6470.75,6473.5,6467.75,6471,16687
1756129500,6471,6471.25,6465.75,6470.5,17866
1756129800,6470.5,6471.5,6467,6468.5,15280
1756130100,6468.5,6473.25,6467.25,6473.25,11187
1756130400,6473,6476.75,6469.25,6472.75,20509
1756130700,6472.5,6475,6471.25,6474.25,11921
1756131000,6474,6474.25,6467.75,6471.75,14720
1756131300,6471.5,6472.75,6470,6470.5,10543
1756131600,6470.5,6472.75,6467.25,6470.5,12301
1756131900,6470.5,6472.75,6468.75,6471,10903
1756132200,6471.25,6472.5,6469.25,6470.75,10318
1756132500,6470.75,6473.5,6470.25,6470.5,8791
1756132800,6470.5,6471.5,6467.5,6469.5,11528
1756133100,6469.25,6473.75,6466.75,6473.25,11906
1756133400,6473.25,6474.25,6470.75,6472,8433
1756133700,6471.75,6474.25,6469.25,6474,6871
1756134000,6473.75,6475.25,6471.75,6475,9672
1756134300,6474.75,6476,6473.75,6475.5,6708
1756134600,6475.5,6477.75,6473.25,6477.5,12222
1756134900,6477.25,6479,6476.75,6477,9192
1756135200,6477,6480.25,6477,6479.75,8447
1756135500,6479.5,6480.25,6478.75,6479,5988
1756135800,6478.75,6479.75,6477,6477.5,7281
1756136100,6477.5,6478.5,6475.25,6477.25,8338
1756136400,6477,6477.75,6474.75,6477,6917
1756136700,6477.25,6478,6475.25,6475.75,5715
1756137000,6476,6480,6475.5,6478.5,6858
1756137300,6478.5,6480.25,6477.5,6479.25,5977
1756137600,6479.25,6480.75,6478.75,6479.75,6887
1756137900,6479.75,6481.25,6479,6479.75,4336
1756138200,6479.5,6480.5,6478.25,6480.25,3805
1756138500,6480,6480.75,6477.5,6478,4916
1756138800,6477.75,6480.5,6477.75,6480,4458
1756139100,6480,6480.75,6478.75,6479.25,3666
1756139400,6479,6479.75,6478,6479.75,4507
1756139700,6479.75,6480.25,6478,6480,4304
1756140000,6479.75,6482.25,6479.5,6481.75,5001
1756140300,6481.75,6482.75,6480,6481,4466
1756140600,6481,6481.25,6478.5,6479.75,5390
1756140900,6479.75,6480.75,6478.75,6479.75,4395
1756141200,6479.5,6480,6473.5,6475.25,11555
1756141500,6475.25,6477.75,6474.75,6477.5,7453
1756141800,6477.5,6479.25,6476.75,6477.25,5190
1756142100,6477,6478,6476.25,6477,3943
1756142400,6477,6477.5,6475.25,6476.25,5272
1756142700,6476.25,6476.25,6474,6476.25,6224
1756143000,6476.25,6478,6475,6475,5716
1756143300,6475,6475.75,6473.25,6473.5,5614
1756143600,6473.5,6473.75,6469.75,6473.25,10846
1756143900,6473.25,6476.25,6473.25,6475.5,6430
1756144200,6475.5,6477,6474.75,6475.75,6127
1756144500,6475.5,6476.25,6474,6474.75,4458
1756144800,6474.5,6475.25,6472.25,6473.25,7106
1756145100,6473,6474.75,6471.75,6474,4963
1756145400,6474.25,6475.25,6472.75,6474.75,3482
1756145700,6475,6475.25,6472,6472,4148
1756146000,6472,6473.25,6469,6471.75,10087
1756146300,6471.75,6472.75,6469.75,6471.25,5350
1756146600,6471.25,6471.75,6470.25,6470.75,5206
1756146900,6470.75,6472.25,6470.25,6470.5,3882
1756147200,6470.5,6471.25,6469.5,6470,5277
1756147500,6470,6472.25,6468.5,6471.25,7471
1756147800,6471.5,6472.5,6470.5,6470.75,4603
1756148100,6470.75,6471.75,6468.75,6468.75,4426
1756148400,6469,6470,6467.25,6468.5,7960
1756148700,6468.5,6470,6467.75,6470,6757
1756149000,6469.75,6471,6469.25,6469.25,6182
1756149300,6469.5,6469.75,6465.5,6466.75,10484
1756149600,6466.75,6468,6466,6466.5,5170
1756149900,6466.5,6467.75,6465.5,6466.25,3706
1756150200,6466.25,6467.25,6465.25,6466.25,5522
1756150500,6466.25,6467.5,6465.5,6467.25,5547
1756150800,6467.25,6468,6465,6465.25,6733
1756151100,6465.5,6466,6463.75,6465,9052
1756151400,6465,6467.25,6463.25,6465,21748
1756151700,6464.75,6465.25,6453.25,6454.75,88404
1756152000,6454.75,6460,6453,6459,27992
1756152300,6459,6460.5,6459,6459,4398
1756152600,6459.25,6460,6458.5,6459,3537
1756215000,6450.75,6457,6448,6455,31857
1756215300,6455,6455.5,6448.5,6451.75,17746
1756215600,6452,6457.5,6451.5,6456.25,13741
1756215900,6456.25,6456.75,6444.5,6446.5,26743
1756216200,6446.25,6456.75,6445.75,6455,20025
1756216500,6455,6455.5,6451.5,6454.25,10708
1756216800,6454.25,6457.5,6453.75,6456,13137
1756217100,6455.75,6457.25,6453.75,6455.25,10086
1756217400,6455.25,6459.25,6452.75,6457,13124
1756217700,6456.75,6459.5,6455.5,6456,12376
1756218000,6456,6461.75,6456,6460.5,13703
1756218300,6460.5,6461.75,6458.25,6459.5,10667
1756218600,6459.5,6460.75,6457,6457.75,10330
1756218900,6457.75,6460,6455.5,6455.75,9947
1756219200,6455.75,6458,6453.75,6458,12831
1756219500,6458,6459,6454.25,6456.25,10085
1756219800,6456.25,6457.5,6455,6457.25,6879
1756220100,6457.5,6460,6455.5,6456,9467
1756220400,6455.75,6457.75,6454.5,6456.5,8132
1756220700,6456.25,6457.75,6454,6454.5,5685
1756221000,6454.5,6456.75,6452.25,6456.5,11508
1756221300,6456.25,6457,6452,6455.25,7421
1756221600,6455,6457.75,6454.75,6457.25,6235
1756221900,6457.25,6457.75,6453,6453.75,8746
1756222200,6453.5,6455.5,6452.25,6452.25,8716
1756222500,6452.5,6456.5,6452,6456,6079
1756222800,6455.75,6456.5,6454.75,6455.75,5013
1756223100,6456,6456.75,6453.25,6453.75,5636
1756223400,6454,6457.5,6453,6456.75,6292
1756223700,6456.75,6458,6456,6456.5,5168
1756224000,6456.5,6460,6456.5,6459.25,6965
1756224300,6459.25,6460,6458,6459,5832
1756224600,6458.75,6461.5,6458.25,6461.5,5570
1756224900,6461.25,6463.75,6461,6463,9397
1756225200,6463.25,6464.75,6460.75,6461.25,8047
1756225500,6461.5,6463,6459.75,6462.5,7442
1756225800,6462.25,6463.25,6462,6462.5,4031
1756226100,6462.75,6463.5,6461.75,6461.75,3425
1756226400,6462,6464.25,6461.75,6463,5087
1756226700,6463.25,6464,6461.25,6461.25,5070
1756227000,6461.25,6463,6459.75,6461.5,6926
1756227300,6461.25,6463,6460.5,6462.25,4396
1756227600,6462.25,6463.5,6461,6463,4121
1756227900,6463,6464,6460.75,6460.75,4398
1756228200,6460.75,6462.25,6458,6462,9346
1756228500,6462,6462,6460,6460.5,4370
1756228800,6460.25,6462.75,6460.25,6462.5,3404
1756229100,6462.25,6465.25,6462,6464.25,6723
1756229400,6464,6465.25,6460.75,6461.25,7192
1756229700,6461,6462.25,6460,6460.5,5359
1756230000,6460.75,6460.75,6457.75,6459.25,5843
1756230300,6459.5,6459.75,6457.75,6458.5,5364
1756230600,6458.5,6459.5,6453.5,6454.25,10538
1756230900,6454.25,6458.5,6453.5,6457.75,8781
1756231200,6457.75,6459.75,6456.75,6459,5536
1756231500,6458.75,6460.75,6458,6460.5,5131
1756231800,6460.5,6463.25,6460,6462,8000
1756232100,6462,6464,6461.75,6463.75,6291
1756232400,6464,6464,6462.25,6463,4292
1756232700,6463.25,6464.75,6462.75,6464.5,4140
1756233000,6464.5,6466.75,6464.25,6465.25,10353
1756233300,6465.25,6466.75,6465.25,6466,5133
1756233600,6466,6468,6465.75,6466.75,6390
1756233900,6466.5,6467.5,6465.5,6467,5156
1756234200,6467.25,6467.25,6465.25,6467,3897
1756234500,6467.25,6469.5,6467,6468.25,7573
1756234800,6468.5,6468.5,6466.25,6467.25,5654
1756235100,6467.25,6467.25,6465.5,6466.75,5374
1756235400,6467,6468.75,6466.5,6468.5,5294
1756235700,6468.5,6469.25,6467.75,6468.5,5169
1756236000,6468.5,6476.75,6468.25,6474.75,23805
1756236300,6474.75,6476,6472,6475.25,12675
1756236600,6475,6478.5,6474,6475.75,14077
1756236900,6476,6476,6471,6471.5,11366
1756237200,6471.5,6471.5,6468.25,6468.75,14039
1756237500,6468.5,6472.5,6468.5,6471.75,12509
1756237800,6471.75,6480.75,6470.75,6477.25,47622
1756238100,6477.25,6485,6477,6481,114225
1756238400,6480.75,6483.5,6479.25,6481.75,23598
1756238700,6481.75,6486,6481.5,6485,8243
1756239000,6484.75,6486.5,6484.5,6486,4245
1756301400,6474,6479.75,6472.75,6479,24736
1756301700,6479.25,6482.75,6477.25,6481.75,17782
1756302000,6482,6483.75,6478.75,6482.25,18075
1756302300,6482.5,6482.5,6476.5,6477.75,22447
1756302600,6477.75,6483,6476.5,6482.5,12202
1756302900,6482.25,6482.5,6478.5,6482,10896
1756303200,6482,6484.5,6481,6482,13110
1756303500,6482.25,6485.5,6481.25,6485,10483
1756303800,6485.25,6487.25,6483.75,6487,9790
1756304100,6487,6491.25,6486.75,6490.75,15845
1756304400,6491,6492,6488.25,6490.75,15936
1756304700,6490.75,6491.5,6488.75,6489.75,10188
1756305000,6489.5,6492.75,6489,6492,11312
1756305300,6492,6492.5,6489.5,6490.5,8669
1756305600,6490.5,6491,6489,6489.25,7157
1756305900,6489.25,6490,6486,6489.25,11987
1756306200,6489.25,6491.5,6488.5,6491.25,7779
1756306500,6491.25,6492.5,6490,6490.5,7030
1756306800,6490.5,6492.5,6490.25,6490.5,7665
1756307100,6490.75,6492.75,6490,6492.5,9195
1756307400,6492.5,6493.5,6491.5,6492.25,6162
1756307700,6492.5,6493.5,6491.5,6491.75,5074
1756308000,6492,6494,6491.75,6493.5,5498
1756308300,6493.75,6493.75,6491,6491.5,5576
1756308600,6491.75,6492.75,6489.5,6492,6816
1756308900,6492,6494,6491.5,6493.5,5161
1756309200,6493.75,6493.75,6487.5,6492,12798
1756309500,6491.75,6495.25,6491.5,6494.75,7063
1756309800,6494.75,6495.5,6493.5,6493.75,5068
1756310100,6494,6495.5,6493.5,6494.25,6641
1756310400,6494.25,6494.5,6493.25,6494,4542
1756310700,6494,6494.75,6493.25,6494.25,4071
1756311000,6494.5,6494.5,6492.25,6493,3098
1756311300,6493.25,6493.25,6491.25,6491.25,4172
1756311600,6491.5,6491.75,6486.25,6486.75,12347
1756311900,6486.75,6488.25,6483.25,6488.25,20816
1756312200,6488,6489,6486,6487,8080
1756312500,6486.75,6488.25,6482,6486.5,11510
1756312800,6486.5,6488.25,6485.75,6486,6634
1756313100,6486,6491,6485.75,6490.75,7076
1756313400,6491,6493.5,6490.5,6493.25,7414
1756313700,6493,6493.75,6491,6491.5,8105
1756314000,6491.5,6492.5,6488.75,6492.25,7388
1756314300,6492.25,6493,6491.5,6493,3157
1756314600,6492.75,6494,6492.5,6493.25,4063
1756314900,6493.25,6493.5,6491.5,6492,4483
1756315200,6492.25,6493,6490.5,6492.5,6451
1756315500,6492.75,6493.75,6492,6492.75,2274
1756315800,6493,6495,6492.75,6493.75,4711
1756316100,6494,6495.25,6493.5,6494.75,3339
1756316400,6495,6495.5,6494,6494.5,3239
1756316700,6494.5,6495.5,6493.5,6494.75,3534
1756317000,6494.5,6496.25,6494.25,6495.75,3222
1756317300,6495.75,6496.75,6494.5,6496.25,3532
1756317600,6496.25,6496.75,6494.5,6494.75,4486
1756317900,6495,6496.5,6494.25,6495.75,4994
1756318200,6495.75,6501.5,6495.75,6500.5,14059
1756318500,6500.5,6502.25,6499.75,6500,8488
1756318800,6499.75,6502.25,6499.25,6501.75,5460
1756319100,6501.75,6502.25,6500.75,6501.25,4731
1756319400,6501,6501.75,6500,6500.5,4269
1756319700,6500.75,6501.5,6500,6500.75,3366
1756320000,6500.75,6501,6500,6500.5,3311
1756320300,6500.5,6501.75,6500.25,6500.5,3975
1756320600,6500.75,6501.5,6499.25,6499.5,4710
1756320900,6499.5,6500.5,6498.5,6498.75,5341
1756321200,6499,6499.25,6497,6497.75,6790
1756321500,6498,6498.25,6496.5,6497,5666
1756321800,6497,6497,6486.5,6489.75,29326
1756322100,6490,6495,6489.5,6494.75,13361
1756322400,6494.75,6495.25,6492.25,6494.25,7007
1756322700,6494,6495.75,6493.75,6495.25,6322
1756323000,6495.25,6496.75,6495,6496.5,6061
1756323300,6496.25,6499.5,6496.25,6499.5,9461
1756323600,6499.5,6501.5,6499,6500.25,7746
1756323900,6500.25,6501,6498.75,6499.5,8762
1756324200,6499.75,6502.25,6498.25,6499,20487
1756324500,6498.75,6502.5,6494.25,6494.5,60314
1756324800,6494.25,6495.75,6492.25,6492.5,23361
1756325100,6492.75,6495,6491.5,6494.5,5500
1756325400,6494.5,6494.75,6492.5,6493.75,3847
1756387800,6500,6508.5,6496,6505.75,37647
1756388100,6505.5,6505.75,6497.25,6502.5,27343
1756388400,6502.25,6503.75,6498,6499.5,19599
1756388700,6499.5,6500.75,6492.75,6492.75,25198
1756389000,6492.75,6493.75,6484.5,6487.75,39156
1756389300,6487.75,6488.75,6480.75,6487,22655
1756389600,6486.75,6489.75,6483.5,6483.75,21067
1756389900,6484,6494.5,6483.25,6490.25,24612
1756390200,6490.5,6493.75,6489.5,6491.25,12520
1756390500,6491.25,6493.5,6487,6488.25,15643
1756390800,6488.25,6493.75,6488.25,6490.75,11272
1756391100,6490.5,6490.75,6486,6487.25,11682
1756391400,6487.25,6494.5,6487,6491,14399
1756391700,6491,6491.5,6487,6491.25,10016
1756392000,6491.25,6497.25,6491.25,6495.75,12318
1756392300,6495.5,6498.75,6492.75,6496.25,12812
1756392600,6496.5,6498,6493.5,6497.25,9982
1756392900,6497.5,6499.5,6496.25,6496.5,10469
1756393200,6496.75,6498.5,6495.75,6496.25,10146
1756393500,6496.25,6497,6494.25,6496,8177
1756393800,6495.75,6499.5,6495.5,6499.5,7136
1756394100,6499.5,6504.25,6498.25,6501,18346
1756394400,6500.75,6501,6492.75,6495,15782
1756394700,6494.75,6495,6488.5,6490.25,20582
1756395000,6490,6497,6490,6496.25,13248
1756395300,6496,6498.75,6494.75,6495.5,10464
1756395600,6495.75,6497.75,6495,6496.5,6872
1756395900,6496.25,6497.5,6494,6496.25,6909
1756396200,6496.5,6498.25,6495,6497.5,5961
1756396500,6497.25,6499.75,6496.75,6498,6466
1756396800,6498,6498.75,6497,6498.5,6325
1756397100,6498.75,6501.75,6497.5,6501,7001
1756397400,6501.25,6505.75,6500.75,6505.25,9794
1756397700,6505.5,6506.25,6502.25,6502.75,12929
1756398000,6502.75,6505.5,6502.75,6505.25,5898
1756398300,6505.25,6513,6504.75,6509.5,16442
1756398600,6509.25,6510.5,6504.75,6505.5,11972
1756398900,6505.75,6508,6505,6507.75,6867
1756399200,6507.75,6508.25,6506.25,6508,4813
1756399500,6508,6509.5,6507,6509.25,7925
1756399800,6509,6511.5,6508.75,6510.75,5709
1756400100,6510.75,6510.75,6503.75,6504.25,9987
1756400400,6504.5,6505.75,6502.25,6505.25,8644
1756400700,6505.25,6506.5,6503.5,6506,6981
1756401000,6506.25,6506.25,6503.75,6505.75,4340
1756401300,6505.75,6507,6504.75,6505.5,5079
1756401600,6505.5,6508,6505.25,6507.75,4181
1756401900,6507.5,6509.25,6506.5,6509,4854
1756402200,6509,6511.25,6508.5,6509,7237
1756402500,6508.75,6511.5,6508.75,6509.75,4874
1756402800,6509.75,6511.75,6509.75,6511.5,3796
1756403100,6511.5,6512.5,6511,6512,4714
1756403400,6512,6513,6511,6512.25,6129
1756403700,6512.25,6512.5,6510.5,6511.75,4235
1756404000,6511.5,6512.75,6511,6512.25,5587
1756404300,6512.25,6513.5,6511.75,6512.75,5926
1756404600,6512.5,6513.5,6511.5,6512.5,6707
1756404900,6512.5,6513,6511.25,6512.25,4578
1756405200,6512,6513.75,6512,6513,4764
1756405500,6513,6514.75,6512.5,6514.25,5540
1756405800,6514.5,6516.5,6514,6516,7403
1756406100,6516,6516.75,6515,6516.5,6628
1756406400,6516.5,6517.75,6515.5,6515.75,7922
1756406700,6516,6517,6515.5,6515.5,5307
1756407000,6515.75,6517.5,6515.5,6517.25,5060
1756407300,6517.25,6518.5,6516.5,6517.75,6345
1756407600,6517.5,6519.5,6517.5,6517.75,8022
1756407900,6518,6519.5,6516,6519,7460
1756408200,6519,6520.5,6518.75,6519.5,6356
1756408500,6519.5,6519.75,6517.25,6518.5,7060
1756408800,6518.25,6518.75,6517.25,6517.25,5713
1756409100,6517.25,6518.5,6516.5,6517.75,5411
1756409400,6517.5,6517.75,6515.75,6517,7018
1756409700,6516.75,6517.75,6515.25,6517.5,9162
1756410000,6517.5,6519.5,6517,6519.25,7166
1756410300,6519.25,6522,6519,6519.5,17072
1756410600,6519.5,6523,6516,6522.5,31561
1756410900,6522.75,6522.75,6516.5,6517,80881
1756411200,6517,6518,6514,6517.75,28356
1756411500,6517.75,6518.25,6515.5,6517,8100
1756411800,6517,6517.75,6516.75,6516.75,3180
1756474200,6499,6502.75,6497.25,6498.5,30374
1756474500,6498.25,6498.75,6492.75,6492.75,23053
1756474800,6492.75,6497,6492.25,6494.25,16835
1756475100,6494.5,6494.5,6484.75,6485.25,37309
1756475400,6485.25,6487.75,6482,6484,30577
1756475700,6483.75,6486,6477,6479.25,29839
1756476000,6479.75,6485,6470.25,6470.5,35384
1756476300,6470.25,6471.75,6461.75,6464.75,42479
1756476600,6464.5,6468,6462.5,6467.5,31990
1756476900,6467.25,6467.5,6460.25,6465.25,24483
1756477200,6465.5,6472.25,6465,6468.25,23180
1756477500,6468.25,6471,6462.25,6471,18524
1756477800,6471,6473.5,6467.5,6472.5,19338
1756478100,6472.25,6474.25,6469.25,6474,15742
1756478400,6473.75,6475.75,6465.75,6466.25,17773
1756478700,6466,6467.75,6459.25,6461.25,18311
1756479000,6461.25,6462,6455.5,6461.5,23358
1756479300,6461.25,6464.5,6459.25,6462.5,17766
1756479600,6462.5,6467,6461,6464.75,14517
1756479900,6465,6471.25,6464.5,6470.5,14400
1756480200,6470.5,6471.75,6467.5,6467.75,12834
1756480500,6468,6470.25,6466.25,6467.5,8639
1756480800,6467.5,6470.5,6466,6470,8176
1756481100,6469.75,6472,6467,6468.25,9890
1756481400,6468.5,6469.75,6464.25,6464.75,10583
1756481700,6464.75,6469.5,6464.75,6467.5,9723
1756482000,6467.5,6469,6465.25,6465.5,6748
1756482300,6465.5,6466.75,6463.75,6464,8129
1756482600,6464,6465.5,6461.25,6463.25,9327
1756482900,6463.25,6465.25,6461.5,6462.25,8481
1756483200,6462,6468.5,6461.75,6467.5,8989
1756483500,6467.5,6468.25,6464,6467.5,6165
1756483800,6467.5,6471,6466.75,6469.5,7062
1756484100,6469.5,6471.75,6468,6469.5,6742
1756484400,6469.5,6471.25,6469,6470.75,4236
1756484700,6470.75,6471,6465,6466.25,6490
1756485000,6466,6472,6466,6471.25,5579
1756485300,6471,6473.75,6470.75,6473.5,6261
1756485600,6473.25,6473.75,6471.5,6473.75,4739
1756485900,6473.5,6474.75,6470.25,6471,7015
1756486200,6471.25,6472.75,6470,6472.5,5435
1756486500,6472.25,6473.5,6471,6471.25,5272
1756486800,6471.25,6471.5,6463,6463.25,12273
1756487100,6463.5,6467,6462,6466.5,8578
1756487400,6466.5,6466.5,6462,6462.5,7789
1756487700,6462.5,6463.75,6458.5,6461.25,9781
1756488000,6461.25,6465,6461.25,6463.25,7255
1756488300,6463,6465.25,6463,6464.25,4601
1756488600,6464.25,6467,6462.5,6464,6224
1756488900,6464,6466.75,6463.25,6466.5,4559
1756489200,6466.25,6468.5,6466,6467.75,5337
1756489500,6467.5,6470.75,6467.5,6470,6807
1756489800,6470,6474.5,6469.25,6472,10247
1756490100,6472,6472.75,6468.25,6470.75,9073
1756490400,6470.5,6470.75,6466.5,6466.5,9201
1756490700,6466.5,6470.75,6466.25,6470.25,6004
1756491000,6470.25,6471.25,6468,6469.5,6827
1756491300,6469.5,6470.75,6468.5,6469.5,4901
1756491600,6469.5,6469.5,6465.75,6468.25,7967
1756491900,6468.25,6469.25,6466.25,6466.75,4031
1756492200,6467,6470.75,6466.75,6470.5,5655
1756492500,6470.75,6471.75,6468.75,6468.75,3887
1756492800,6469,6469.75,6466.75,6467,4089
1756493100,6466.75,6469,6466.75,6468,3433
1756493400,6468,6468.75,6465.75,6468.25,5083
1756493700,6468.25,6469.25,6466.5,6469.25,3275
1756494000,6469,6470.5,6467,6470.25,5294
1756494300,6470.25,6472.75,6469.75,6471,6275
1756494600,6471.25,6472.25,6469.5,6470.25,5523
1756494900,6470.25,6473,6470,6472.75,4990
1756495200,6472.75,6474.25,6470.5,6472,8122
1756495500,6472,6472.25,6468,6470,7927
1756495800,6470,6472.25,6468.75,6469,10201
1756496100,6469,6469.25,6465.25,6469,11580
1756496400,6469,6473.5,6468,6472.5,12978
1756496700,6472.25,6476,6469.75,6470.5,19845
1756497000,6470.75,6473,6462.5,6463.25,38041
1756497300,6463.25,6475.75,6462.25,6475.25,133617
1756497600,6475.25,6479.25,6472.5,6473.5,39340
1756497900,6473.5,6474,6471.5,6472,4994
1756498200,6472,6474.75,6470.75,6474.75,5953
1756819800,6398.25,6398.75,6383.25,6386.75,59354
1756820100,6386.75,6396.25,6386.25,6391.25,32155
1756820400,6391.25,6397.25,6388.5,6393.5,24649
1756820700,6393.75,6402,6387.25,6401,28059
1756821000,6400.75,6414.5,6399.25,6414.25,34843
1756821300,6414,6416.5,6411,6414.5,20922
1756821600,6414,6425,6411,6416.25,35333
1756821900,6416.5,6417.5,6411.25,6412.5,20411
1756822200,6412.75,6418.25,6409.5,6411.75,19927
1756822500,6411.75,6416,6407.25,6412,18047
1756822800,6412,6417.5,6406.5,6407.25,16103
1756823100,6407.25,6418,6404.5,6417.75,21862
1756823400,6417.75,6419.25,6412.25,6418.25,16637
1756823700,6418,6418.75,6411.25,6412.75,13404
1756824000,6412.75,6413,6402.5,6404,19133
1756824300,6404,6405.75,6396.5,6397.25,22909
1756824600,6397.25,6399.75,6395,6397,19113
1756824900,6396.75,6400.5,6395,6399.25,16664
1756825200,6399.5,6402.5,6395.25,6395.5,13286
1756825500,6395.5,6396,6391.5,6394.25,16974
1756825800,6394,6398,6391.75,6392.75,12648
1756826100,6392.75,6393.75,6386.5,6388.25,15495
1756826400,6388.25,6388.75,6384.25,6387.75,17092
1756826700,6387.5,6391,6386.75,6388.5,16198
1756827000,6388.25,6388.5,6384.5,6385,12610
1756827300,6385,6385.5,6377,6377.5,21293
1756827600,6377.75,6380.5,6376.75,6377.5,11937
1756827900,6377.5,6380.25,6376.5,6376.75,14566
1756828200,6376.75,6377,6372.25,6374.25,19124
1756828500,6374.25,6378.25,6371.75,6374.5,16323
1756828800,6374.75,6378.75,6372.5,6373.25,14827
1756829100,6373.25,6377.5,6373,6373.5,11314
1756829400,6373.5,6379.5,6373.5,6378.25,11778
1756829700,6378.25,6382.75,6378,6382.75,11906
1756830000,6382.5,6383.5,6380,6380.25,10538
1756830300,6380,6381.75,6378,6378.75,9365
1756830600,6378.75,6381.5,6378.5,6379.75,7797
1756830900,6379.75,6384,6378.75,6380.75,7853
1756831200,6381,6388,6381,6384,11522
1756831500,6384,6385.5,6379.25,6381.75,9935
1756831800,6381.75,6387.75,6381.5,6386.25,10237
1756832100,6386.25,6392.5,6386.25,6392.25,14793
1756832400,6392.25,6394,6391.5,6393,14107
1756832700,6393,6395.5,6391.5,6392.75,11208
1756833000,6393,6393.5,6388,6390.25,10832
1756833300,6390,6392.75,6389.5,6392.5,7636
1756833600,6392.25,6397,6391.5,6396.5,8458
1756833900,6396.25,6401.5,6396,6399.5,14541
1756834200,6399.25,6407.5,6399,6406.5,16513
1756834500,6406.5,6410.75,6405.25,6410.5,15555
1756834800,6410.25,6413,6408.5,6411.75,16258
1756835100,6411.75,6413,6409.75,6412,12336
1756835400,6412,6413.75,6408.25,6408.5,12779
1756835700,6408.75,6409.75,6406.5,6406.75,9758
1756836000,6406.75,6411.25,6405.75,6407.75,9458
1756836300,6407.75,6408,6403.75,6404,8374
1756836600,6404.25,6406.5,6402.75,6404,8762
1756836900,6404.25,6405,6400.75,6401.25,9008
1756837200,6401.25,6405.25,6400.5,6403,7624
1756837500,6402.75,6403.75,6399.5,6400.25,7324
1756837800,6400.5,6404,6399.75,6400.5,9363
1756838100,6400.5,6400.75,6397.75,6399.5,7776
1756838400,6399.25,6399.75,6396,6398.25,7025
1756838700,6398,6405.5,6397,6402.75,12033
1756839000,6402.5,6412.5,6402.5,6409.25,17055
1756839300,6409.25,6409.5,6402.25,6403.75,10318
1756839600,6403.75,6409,6403.5,6408,14877
1756839900,6407.75,6409,6406.25,6408.5,5580
1756840200,6408.25,6411.25,6406.25,6410.75,8821
1756840500,6410.75,6414.75,6409.5,6414.25,9173
1756840800,6414.25,6416.5,6411.25,6412,10218
1756841100,6411.75,6415.5,6410.5,6414.75,9020
1756841400,6414.5,6417.75,6413.5,6414.5,10621
1756841700,6414.75,6419,6413.5,6419,9864
1756842000,6419,6421.75,6417.5,6419,12618
1756842300,6418.75,6420.5,6416,6420,10637
1756842600,6420,6425.5,6417.5,6424.5,28690
1756842900,6424.25,6427.75,6421.75,6426,113471
1756843200,6426,6428,6424.25,6425,26414
1756843500,6425,6442.75,6425,6442,26189
1756843800,6441.75,6443.75,6436,6439,12580
1756906200,6448.75,6453.5,6445.75,6450.75,39927
1756906500,6450.75,6454.5,6448.5,6450.75,24178
1756906800,6451,6453.5,6447,6452,22721
1756907100,6452.25,6453,6443,6447.25,28370
1756907400,6447.25,6452.5,6444.25,6446,20797
1756907700,6446,6447.25,6440.25,6441.5,20366
1756908000,6441.75,6450.75,6439.25,6448.5,27473
1756908300,6448.5,6451,6444.25,6446.25,17903
1756908600,6446.25,6450,6437.75,6438,23452
1756908900,6438.25,6449.25,6438,6448.5,20894
1756909200,6448.25,6451.75,6448,6450.5,16458
1756909500,6450.25,6454.25,6445,6445.5,19909
1756909800,6445.5,6454.75,6445.25,6454.5,17418
1756910100,6454.5,6455.25,6452.5,6454.25,11427
1756910400,6454.25,6461,6454.25,6459,17595
1756910700,6458.75,6463,6457.75,6461.5,19372
1756911000,6461.5,6463.75,6459.25,6461.75,14624
1756911300,6461.75,6463,6459.5,6461.75,11420
1756911600,6461.75,6463.25,6460.25,6462.5,12425
1756911900,6462.5,6464.25,6459.5,6461.75,14137
1756912200,6461.75,6462.75,6457.25,6458.5,11597
1756912500,6458.5,6459,6455.75,6457.25,11087
1756912800,6457.5,6458,6452,6455.5,15391
1756913100,6455.5,6455.5,6444.75,6446.25,27561
1756913400,6446.25,6448.75,6443,6445.25,27320
1756913700,6445.25,6450.25,6445,6450,14364
1756914000,6450,6451.75,6447.75,6449,10758
1756914300,6449,6450,6445.25,6448.25,12480
1756914600,6448.25,6450.5,6445.25,6447.75,10198
1756914900,6447.75,6447.75,6443.25,6445.75,8617
1756915200,6445.5,6447.5,6441.75,6444,12374
1756915500,6444,6447.5,6442.5,6446.75,8767
1756915800,6447,6448,6444,6445,7637
1756916100,6444.75,6449,6443.5,6448.75,7499
1756916400,6448.5,6453.25,6446.5,6446.5,13304
1756916700,6446.75,6449.25,6444,6446.25,10994
1756917000,6446.25,6447.25,6444.5,6445.5,7647
1756917300,6445.75,6446.25,6442.75,6443.25,7176
1756917600,6443.25,6443.5,6439,6440.5,18974
1756917900,6440.5,6442.25,6437.25,6438.5,11554
1756918200,6438.5,6440.25,6436,6438.5,11216
1756918500,6438.75,6443,6438.75,6440,11823
1756918800,6440,6444.75,6439.75,6443.25,9969
1756919100,6443,6445,6442.5,6444,7185
1756919400,6444,6449.75,6444,6447.5,10731
1756919700,6447.25,6450.5,6447.25,6447.5,7439
1756920000,6447.5,6448.75,6445.5,6445.5,6413
1756920300,6445.5,6445.75,6441.25,6444.5,9412
1756920600,6444.5,6446.25,6441.75,6441.75,8389
1756920900,6441.75,6443.25,6439.75,6439.75,7088
1756921200,6440,6441,6433.5,6434,13205
1756921500,6434.25,6436.5,6428,6435.5,24091
1756921800,6435.5,6438.75,6433,6433.5,9434
1756922100,6433.5,6434.25,6428.75,6431.75,9994
1756922400,6431.75,6433.25,6427.25,6431,14338
1756922700,6430.75,6433,6428,6431.25,8363
1756923000,6431,6433.75,6429,6432.5,8331
1756923300,6432.5,6433.5,6429.5,6431,7810
1756923600,6431,6433.25,6429.5,6430.75,7539
1756923900,6431,6434.75,6430,6433,8313
1756924200,6433,6433,6428.75,6431.5,9853
1756924500,6431.5,6432.25,6426.5,6427,9233
1756924800,6427,6433.5,6426.5,6433,9759
1756925100,6432.75,6434.75,6430.75,6431.5,7448
1756925400,6431.5,6433,6429.75,6432,8560
1756925700,6432,6432.5,6429,6431,6537
1756926000,6430.75,6431.75,6427.75,6430.75,7554
1756926300,6430.75,6433.5,6429.75,6430.75,8187
1756926600,6430.5,6431,6428.5,6429.5,4984
1756926900,6429.5,6432.25,6429,6431.75,5899
1756927200,6431.75,6433.25,6430.25,6432.5,5756
1756927500,6432.5,6434.25,6432,6432.25,6630
1756927800,6432.5,6437.75,6432.25,6437.5,13204
1756928100,6437.5,6440.75,6437.25,6440,13554
1756928400,6440.25,6445.25,6439.75,6444.5,14558
1756928700,6444.25,6448.25,6441.75,6447.25,22360
1756929000,6447.25,6452.75,6447,6451.75,33604
1756929300,6451.75,6459.25,6450.75,6458.5,85726
1756929600,6458.5,6461,6457.75,6459.5,38374
1756929900,6459.5,6460.5,6458,6459.5,7384
1756930200,6459.25,6460.75,6458.75,6460.5,5447
1756992600,6465.75,6470.75,6463.25,6470.75,28878
1756992900,6470.5,6474.75,6467,6468.75,29925
1756993200,6468.75,6473,6467.5,6471.75,16935
1756993500,6471.5,6474,6466.25,6470.25,22313
1756993800,6470.5,6473,6468.5,6470,14465
1756994100,6470,6473,6468.25,6470.5,11956
1756994400,6470.25,6472.5,6461.5,6462.25,22921
1756994700,6462.25,6463.75,6459.25,6460,21761
1756995000,6460.25,6466.25,6459.25,6460.5,18463
1756995300,6460.25,6463.75,6456.25,6462.5,23196
1756995600,6462.75,6469.5,6462.25,6469.25,17750
1756995900,6469.25,6472.5,6467,6470.25,18105
1756996200,6470,6475.5,6469.75,6473.25,17279
1756996500,6473.25,6479.25,6473,6477.25,18140
1756996800,6477.5,6478.5,6473.75,6475,14995
1756997100,6475,6479,6474,6478.5,11604
1756997400,6478.5,6478.75,6474.25,6477,12007
1756997700,6477.25,6478.5,6474.5,6477.75,8343
1756998000,6478,6480.75,6477.25,6478,11602
1756998300,6478,6480.5,6477.5,6479.75,9792
1756998600,6479.75,6480.25,6474.75,6476.75,13117
1756998900,6476.75,6482.75,6476.5,6481.5,12384
1756999200,6481.5,6484.25,6480,6482,12073
1756999500,6481.75,6486,6481.5,6483.75,14783
1756999800,6483.5,6484.25,6480.75,6482.75,11795
1757000100,6482.75,6483,6479.75,6481.5,8802
1757000400,6481.5,6485,6480.75,6482.25,8885
1757000700,6482.25,6484.5,6481.5,6484,7505
1757001000,6484,6486.5,6483,6486.25,8370
1757001300,6486.25,6487.75,6483.25,6483.25,11774
1757001600,6483.25,6485.5,6482.75,6484.75,6357
1757001900,6484.75,6486.75,6483.5,6486.75,7447
1757002200,6486.5,6487.25,6485,6485.75,5874
1757002500,6485.75,6486.25,6484,6485.5,5048
1757002800,6485.5,6486.5,6482.75,6483,5937
1757003100,6483,6484,6479.75,6481,8664
1757003400,6480.75,6483,6480.25,6481.25,6707
1757003700,6481.25,6483.25,6480.5,6481.5,5299
1757004000,6481.75,6481.75,6479.5,6481,7436
1757004300,6481.25,6486,6480.75,6485,9155
1757004600,6485,6485.5,6483.25,6484.75,5616
1757004900,6485,6485.5,6480.75,6481,6012
1757005200,6481,6487,6480.75,6486.75,9017
1757005500,6486.75,6490,6485.75,6487.5,11089
1757005800,6487.5,6488,6484.5,6485,5827
1757006100,6485,6488.25,6485,6488.25,5924
1757006400,6488,6490.25,6487.75,6489.5,6461
1757006700,6489.5,6491.25,6488.75,6490,6824
1757007000,6490,6490.75,6487.5,6488,8262
1757007300,6488,6490.25,6487.5,6488.5,7235
1757007600,6488.5,6490.5,6488.25,6489.75,5445
1757007900,6489.75,6491.5,6489.25,6491,5116
1757008200,6491,6496.25,6490.75,6495,13386
1757008500,6495.25,6495.25,6492,6493,8040
1757008800,6493,6495.5,6492.75,6494,7405
1757009100,6494,6494.75,6493,6494,5205
1757009400,6494.25,6496,6494,6495.75,4845
1757009700,6496,6497.75,6495.5,6496,6648
1757010000,6495.75,6496,6494.25,6495.25,4911
1757010300,6495,6495.5,6493.5,6493.75,4796
1757010600,6494,6496.5,6492.25,6496,6812
1757010900,6496,6496.5,6494.5,6494.75,4570
1757011200,6494.5,6496.5,6494,6494,4823
1757011500,6494,6497.25,6493.75,6497,5590
1757011800,6497,6498.25,6496.75,6497.25,6552
1757012100,6497.25,6498.25,6496.25,6498,6600
1757012400,6497.75,6499.25,6497.5,6498.75,7987
1757012700,6499,6500.5,6498.5,6499.75,8833
1757013000,6499.75,6504.25,6499,6503.25,13089
1757013300,6503.25,6503.75,6501.25,6502.25,9359
1757013600,6502.25,6503.5,6501.75,6503,7286
1757013900,6503,6503,6500.5,6500.5,7166
1757014200,6500.5,6501,6499.5,6500.25,8600
1757014500,6500.25,6503,6500.25,6502.75,9524
1757014800,6503,6504.75,6502.25,6504.25,8830
1757015100,6504,6504.25,6501.25,6501.5,9126
1757015400,6501.5,6509.25,6500.5,6508.25,32921
1757015700,6508,6512.75,6507.25,6511.25,95281
1757016000,6511,6512.25,6508.5,6511.5,25861
1757016300,6511.25,6513.5,6511,6512.5,7556
1757016600,6512.5,6516.25,6511.75,6514.75,6156
1757079000,6533.5,6541.25,6533.25,6535.25,36732
1757079300,6535.25,6537.75,6532.75,6536,24348
1757079600,6536,6541,6534.75,6540,22850
1757079900,6540,6541.75,6530.75,6540.75,29841
1757080200,6541,6541,6527.5,6532.5,28793
1757080500,6532.25,6532.5,6524.75,6530,23674
1757080800,6530,6530.25,6517.5,6524.25,36682
1757081100,6524.25,6524.5,6515.75,6517.5,25065
1757081400,6517.5,6518.75,6508.75,6508.75,26727
1757081700,6509,6510,6494,6494.5,39733
1757082000,6494.25,6502.5,6486,6487,40582
1757082300,6487.25,6491.5,6479.25,6484.5,39466
1757082600,6484.25,6485.75,6477.75,6480.25,37183
1757082900,6480.5,6482,6470.75,6472.5,38932
1757083200,6472.5,6479.25,6467.75,6471.25,38985
1757083500,6471,6471,6463,6466,33907
1757083800,6465.75,6477.25,6460.5,6477.25,36139
1757084100,6477,6478.75,6459.5,6460.5,30626
1757084400,6460.25,6464.5,6456.25,6461,33814
1757084700,6461,6466,6456.75,6459.25,25889
1757085000,6459,6468.25,6452,6467.75,31002
1757085300,6467.5,6472.25,6465.5,6468.5,21933
1757085600,6468.5,6477,6467,6476,17428
1757085900,6475.75,6481.5,6472.5,6481,18077
1757086200,6481,6482.5,6474.75,6477.5,18200
1757086500,6477.5,6485.25,6477.5,6481.25,16560
1757086800,6481.5,6488,6481.25,6486.25,12670
1757087100,6486.5,6486.5,6477.25,6483,19003
1757087400,6483,6483.5,6475.25,6478.25,15291
1757087700,6478.25,6481.75,6472,6475.75,15756
1757088000,6475.5,6479.5,6471.75,6476,14376
1757088300,6476.25,6480.25,6472.5,6479.5,10323
1757088600,6479.75,6486.25,6479,6485.25,11532
1757088900,6485.25,6486.25,6477.75,6481.5,11865
1757089200,6481.75,6483.25,6473.75,6481,12396
1757089500,6481,6481.25,6475,6476,7430
1757089800,6476,6478.5,6473,6473.75,8800
1757090100,6473.75,6476.25,6471,6473.75,8767
1757090400,6473.5,6481,6472.75,6480.75,9661
1757090700,6480.5,6482.75,6474.25,6474.5,10581
1757091000,6474.25,6478.75,6473,6476,9079
1757091300,6476,6483.5,6474.25,6483.5,9231
1757091600,6483.5,6483.5,6475,6475.25,11311
1757091900,6475,6480.5,6472.25,6480.5,9637
1757092200,6480.25,6482.5,6478.25,6481,8303
1757092500,6481.25,6484,6478.5,6480.75,9306
1757092800,6480.75,6484.25,6479.25,6483,7674
1757093100,6483.25,6483.75,6476.75,6477.5,8336
1757093400,6477.5,6479.5,6475.25,6478.75,10034
1757093700,6478.75,6479.5,6472.25,6474.5,9075
1757094000,6474.75,6475.5,6464.75,6471,15558
1757094300,6471.25,6473.25,6468.25,6469.5,8975
1757094600,6469.5,6472,6468,6469.25,6298
1757094900,6469.25,6471.5,6466.25,6470.25,7071
1757095200,6470.25,6473.25,6467.5,6469,10119
1757095500,6469,6472.25,6467.75,6469.5,7098
1757095800,6469.25,6473.25,6468.75,6473.25,5811
1757096100,6473,6478.25,6472.5,6477.5,10110
1757096400,6477.75,6478.75,6473.25,6473.5,7195
1757096700,6473.5,6476.5,6471.25,6475.75,5919
1757097000,6475.75,6481.75,6475.75,6478.5,9603
1757097300,6478.5,6481,6476.75,6478.5,7278
1757097600,6478.75,6480.5,6477.25,6479.75,5244
1757097900,6479.75,6481,6477.75,6479.5,4606
1757098200,6479.5,6481.75,6477.5,6478.75,5571
1757098500,6479,6482,6477.25,6481.75,6682
1757098800,6482,6482,6477.75,6481.25,11202
1757099100,6481.25,6486.75,6481,6485.5,11543
1757099400,6485.75,6486.5,6484.5,6485.75,6990
1757099700,6485.75,6492,6485.5,6488,17262
1757100000,6488,6493,6487.5,6491.5,9312
1757100300,6491.5,6492.5,6489.25,6490,8481
1757100600,6490,6490.5,6482.5,6485.75,14329
1757100900,6485.75,6490.75,6485.5,6487,11620
1757101200,6487.25,6488.75,6483.75,6485.75,9697
1757101500,6485.75,6488.75,6484.75,6486.5,13304
1757101800,6486.75,6487.75,6480.25,6483.25,29892
1757102100,6483,6491.5,6481.75,6491,88518
1757102400,6490.75,6491.5,6487.75,6489.75,23739
1757102700,6490,6490,6487.25,6487.5,4270
1757103000,6487.25,6488.5,6487,6488.25,3782
1757338200,6504.5,6507,6499.25,6505,33372
1757338500,6505,6509,6498.5,6499,26166
1757338800,6499,6507,6499,6504.75,21946
1757339100,6504.5,6505.75,6498.5,6504.75,21878
1757339400,6504.75,6506,6499.75,6505.75,20214
1757339700,6505.75,6507.75,6501.25,6501.75,14134
1757340000,6501.75,6502,6497,6501,18324
1757340300,6501,6505.25,6499,6502.25,14919
1757340600,6502.5,6504.25,6500,6500,12035
1757340900,6500,6501,6495.25,6497.25,15467
1757341200,6497.25,6499.75,6495.75,6498.25,13300
1757341500,6498.25,6507.25,6498,6505.75,17692
1757341800,6505.5,6509.75,6504.5,6506,19191
1757342100,6506.25,6511,6505.5,6509,12284
1757342400,6509.25,6512,6508.25,6510.5,11583
1757342700,6510.75,6513.25,6510.25,6512,10182
1757343000,6512,6513.25,6510,6513.25,9204
1757343300,6513.25,6516,6511.5,6512,12138
1757343600,6511.75,6514.5,6511.5,6513.5,10679
1757343900,6513.75,6514.5,6512.75,6514,7223
1757344200,6514,6516.5,6514,6515,10363
1757344500,6515,6515,6509.5,6510.25,12414
1757344800,6510.25,6512.75,6509.5,6512,11080
1757345100,6512,6516.5,6511.5,6516.25,11832
1757345400,6516,6516.5,6512.25,6513,12324
1757345700,6513,6514.25,6510.25,6511.25,9567
1757346000,6511.5,6511.75,6509.75,6509.75,7549
1757346300,6509.75,6510.25,6502.75,6506.75,20249
1757346600,6506.75,6510.5,6505,6510,10519
1757346900,6510,6512.75,6509.75,6512,7046
1757347200,6512,6512,6507.5,6509.25,9316
1757347500,6509.25,6509.75,6505,6505.5,8779
1757347800,6505.5,6508,6505.25,6505.5,7815
1757348100,6505.5,6506,6502.25,6503.75,11187
1757348400,6504,6504.75,6501.75,6503.25,7558
1757348700,6503.25,6504.75,6502,6504.5,10061
1757349000,6504.25,6506.25,6499.5,6500.75,13550
1757349300,6500.75,6501.25,6495.75,6499.75,15035
1757349600,6499.5,6503.75,6498.5,6501.5,12734
1757349900,6501.5,6501.5,6497.5,6499.5,9086
1757350200,6499.5,6504.5,6499.25,6504.5,7744
1757350500,6504.25,6505,6501,6503.5,8719
1757350800,6503.5,6504.25,6499.5,6499.75,7839
1757351100,6500,6500.75,6497.75,6498.5,8050
1757351400,6498.5,6500.5,6498.25,6498.25,6919
1757351700,6498.5,6502.75,6498,6502.75,6449
1757352000,6502.75,6505,6501.75,6504.75,6938
1757352300,6504.75,6505.75,6501.5,6503,7545
1757352600,6503,6505,6502.5,6502.75,5646
1757352900,6502.75,6503.5,6500.5,6500.75,4479
1757353200,6500.75,6501,6498.75,6500,5528
1757353500,6500.25,6500.75,6496,6496.5,6970
1757353800,6496.5,6497.5,6490.25,6495.25,16807
1757354100,6495,6495.25,6492,6493.75,7659
1757354400,6493.75,6494.25,6491.5,6492.25,7915
1757354700,6492.5,6495.25,6491.25,6493.75,6969
1757355000,6493.75,6497.75,6493.5,6497.25,7413
1757355300,6497.5,6501,6497.25,6500.5,10372
1757355600,6500.5,6503.25,6498.5,6500,9674
1757355900,6500,6502.25,6498.75,6501.75,6145
1757356200,6502,6503,6500.25,6501.25,5855
1757356500,6501.25,6502.5,6499.25,6499.25,4796
1757356800,6499.25,6501,6496.75,6500.75,8710
1757357100,6500.75,6503.75,6500.5,6502,6694
1757357400,6502.25,6503.25,6499,6500.5,6049
1757357700,6500.25,6501.75,6499.5,6500.25,4859
1757358000,6500,6500.25,6497.75,6499,6601
1757358300,6499,6500,6497.25,6497.25,5243
1757358600,6497.25,6497.75,6491.25,6493.75,15075
1757358900,6494,6497,6492.5,6495.5,10527
1757359200,6495.25,6496,6492,6493.75,7981
1757359500,6493.75,6494,6492,6493.5,6236
1757359800,6493.5,6497,6492.5,6492.5,10893
1757360100,6492.5,6497.25,6492.5,6496.5,7350
1757360400,6496.25,6500.5,6496.25,6499.25,8866
1757360700,6499.25,6503.75,6499,6503,12924
1757361000,6503,6503.75,6498.25,6503,27108
1757361300,6503,6508,6501.5,6507,80766
1757361600,6507,6508,6504.75,6506,21539
1757361900,6506,6508.5,6505.75,6508.25,5514
1757362200,6508.5,6508.5,6506,6507.5,3636
1757424600,6507.25,6511.5,6505.25,6509.25,27338
1757424900,6509.5,6512.75,6508.25,6509.25,17360
1757425200,6509.5,6510.5,6506.5,6510.5,15284
1757425500,6510.5,6510.5,6506.5,6508.25,15432
1757425800,6508.25,6509,6503.75,6504,14558
1757426100,6504,6509.25,6502.5,6507.5,14893
1757426400,6507.5,6512.5,6501.5,6504.75,30150
1757426700,6505,6509.75,6503.5,6509.5,17104
1757427000,6509.5,6515,6508.75,6511.25,20556
1757427300,6511.25,6512,6505,6506.75,19270
1757427600,6506.75,6508,6505.25,6506.5,11435
1757427900,6506.5,6507.25,6502.75,6505,15833
1757428200,6504.75,6505.25,6493.25,6493.5,23397
1757428500,6493.5,6495.75,6489.75,6493.75,29533
1757428800,6494,6495,6489.25,6494,19065
1757429100,6494.25,6498.5,6493,6496.75,20863
1757429400,6496.75,6501.5,6493.5,6501.5,13945
1757429700,6501.25,6503.75,6499.25,6500.5,17028
1757430000,6500.25,6503.75,6498.25,6498.75,18266
1757430300,6498.75,6500.75,6495,6499.5,12127
1757430600,6499.5,6501.75,6498,6501,8409
1757430900,6500.75,6503.25,6500.5,6502,10665
1757431200,6501.75,6503.25,6501,6502,8928
1757431500,6502.25,6505.5,6502,6505,11509
1757431800,6504.75,6505.5,6502.5,6503.5,10380
1757432100,6503.5,6505,6502,6502,8169
1757432400,6502.25,6502.5,6497.5,6498,10438
1757432700,6498.25,6500.5,6497.25,6497.5,8724
1757433000,6497.75,6505.25,6497.75,6504.75,11345
1757433300,6504.75,6505.5,6499.25,6499.75,10003
1757433600,6499.75,6502,6498.75,6501.75,8427
1757433900,6501.5,6504,6500,6503.75,7495
1757434200,6503.5,6506.25,6503.5,6505.5,8011
1757434500,6505.25,6507.75,6503.75,6504.25,10172
1757434800,6504.25,6504.25,6500,6504,10123
1757435100,6503.75,6506.5,6503.5,6505.75,7290
1757435400,6505.75,6506.75,6504.75,6506.75,6323
1757435700,6506.75,6507.5,6505.5,6507.25,4374
1757436000,6507.25,6508.25,6505.75,6506.75,6329
1757436300,6506.75,6508.75,6505.5,6507.5,6235
1757436600,6507.75,6508.25,6505.5,6506.75,5252
1757436900,6506.75,6509.5,6506.75,6507.75,6749
1757437200,6507.75,6511.5,6507.25,6511,7348
1757437500,6511,6511.5,6509.5,6511,7974
1757437800,6511,6514.5,6510.5,6510.75,17383
1757438100,6511,6513.25,6509.75,6510.25,9134
1757438400,6510.25,6513.75,6509.5,6513.5,7964
1757438700,6513.5,6515.5,6512.75,6513,13432
1757439000,6513,6514.25,6512,6513,8094
1757439300,6513,6514.75,6512,6514.5,6004
1757439600,6514.5,6514.5,6512,6514,6821
1757439900,6513.75,6516.25,6513.5,6514.75,10103
1757440200,6515,6516,6514.25,6515.5,6062
1757440500,6515.75,6517.25,6514.75,6515.25,6689
1757440800,6515.5,6516.75,6515,6516.25,5813
1757441100,6516.25,6517.5,6516,6516.75,5176
1757441400,6517,6517.25,6513,6515.75,11552
1757441700,6515.75,6517.25,6514.5,6515.5,7845
1757442000,6515.5,6517.25,6515,6517,5183
1757442300,6517,6517,6515.25,6515.75,5010
1757442600,6515.75,6517,6514.5,6514.75,7506
1757442900,6514.75,6515.5,6513.75,6514.5,6199
1757443200,6514.75,6516.25,6514,6514.5,5106
1757443500,6514.5,6518.5,6514.5,6517.75,9588
1757443800,6517.75,6518,6516.5,6516.75,7235
1757444100,6517,6517.25,6515.75,6516,4662
1757444400,6516,6517,6515,6516.25,5805
1757444700,6516.5,6516.5,6514.5,6515,4689
1757445000,6514.75,6515,6513,6513,6106
1757445300,6513,6516.25,6513,6515.75,7168
1757445600,6515.75,6517.25,6515.5,6516.5,4829
1757445900,6516.5,6518.75,6516.5,6518,5535
1757446200,6518,6518.75,6517,6518,5890
1757446500,6518,6518.75,6516,6517,6561
1757446800,6516.75,6517.25,6514.5,6516.75,9912
1757447100,6516.75,6518.5,6516.5,6517.5,11898
1757447400,6517.5,6522,6517.5,6521.5,23680
1757447700,6521.5,6526.25,6520,6521,79510
1757448000,6521,6522,6517.75,6519,19149
1757448300,6519.25,6524.5,6516.5,6523.5,11150
1757448600,6523.25,6528.5,6523.25,6528,7024
1757511000,6553.25,6553.5,6543.75,6550,51935
1757511300,6550,6554.25,6547.25,6549,27369
1757511600,6549,6552.75,6546.5,6550,22048
1757511900,6550,6555.5,6547,6554.25,25392
1757512200,6554,6555.75,6544.25,6548,25770
1757512500,6548.25,6553,6546.25,6552.75,13330
1757512800,6552.5,6558.75,6551.5,6558,21001
1757513100,6558.25,6562,6557,6559.25,17829
1757513400,6559.25,6561.5,6557.75,6560.5,15680
1757513700,6560.5,6562.25,6556.5,6560.75,17216
1757514000,6561,6562,6559.25,6561.5,12992
1757514300,6561.75,6561.75,6556,6556,13842
1757514600,6556,6557.25,6552.5,6553.25,17716
1757514900,6553.25,6556,6550.75,6553.5,14477
1757515200,6553.5,6556.25,6551.5,6555,13608
1757515500,6554.75,6556.5,6552.5,6553.25,13162
1757515800,6553.25,6554.25,6549.5,6551.25,15008
1757516100,6551,6553.75,6550.25,6550.75,11942
1757516400,6550.75,6552.75,6548.5,6550.25,12302
1757516700,6550.5,6550.5,6545.75,6547.75,20498
1757517000,6547.75,6549.75,6546.75,6547.75,15154
1757517300,6548,6548,6541.5,6542.25,20976
1757517600,6542,6543.75,6541,6543,14123
1757517900,6543,6546.5,6541.75,6544.75,13944
1757518200,6544.75,6546,6540,6542.25,16012
1757518500,6542.5,6548.25,6541.5,6547.25,12841
1757518800,6547.25,6550.5,6546.25,6550,10424
1757519100,6550,6551.25,6549,6551,9965
1757519400,6551,6553,6550.75,6552.75,7292
1757519700,6553,6553,6549.5,6549.5,7812
1757520000,6549.75,6550.5,6547.5,6548,9137
1757520300,6548.25,6549.5,6546.75,6548.5,8073
1757520600,6548.5,6550.25,6548,6548.75,6766
1757520900,6548.75,6550.75,6547,6547,7091
1757521200,6547,6547.75,6542.75,6545,10194
1757521500,6545.25,6546.25,6542.75,6542.75,6513
1757521800,6542.75,6545,6542.25,6543.5,6047
1757522100,6543.5,6543.5,6540.5,6541,6596
1757522400,6541.25,6541.75,6538.75,6539,11110
1757522700,6539,6541.75,6538,6540,10097
1757523000,6540,6544.5,6539.25,6543.5,9097
1757523300,6543.75,6547,6543.75,6546,7294
1757523600,6546,6550.75,6544,6550.5,11879
1757523900,6550.5,6551,6548,6549.25,6927
1757524200,6549.25,6549.75,6547.5,6547.75,5181
1757524500,6548,6548.75,6544.75,6545,6391
1757524800,6545,6546.5,6541.25,6543,9090
1757525100,6543,6543,6537.5,6539.5,12415
1757525400,6539.25,6542.25,6537.25,6541.75,11923
1757525700,6541.75,6543.75,6539.5,6540.75,8790
1757526000,6540.5,6543,6539.75,6541.25,7349
1757526300,6541.25,6541.5,6538.75,6539.75,6834
1757526600,6539.75,6541.25,6536,6538,9747
1757526900,6538,6540.25,6535.75,6539.75,11267
1757527200,6539.75,6540.75,6538.25,6539.5,7578
1757527500,6539.25,6539.25,6537,6537,6502
1757527800,6537,6538.25,6535.25,6537.75,7273
1757528100,6537.5,6537.75,6532,6533,10469
1757528400,6532.75,6535.5,6531.75,6533.5,13258
1757528700,6533.5,6534.75,6530.75,6533.5,11439
1757529000,6533.25,6537.75,6532.5,6537.5,11107
1757529300,6537.5,6537.75,6532.75,6534,8175
1757529600,6534.25,6537,6534,6534.75,6774
1757529900,6534.75,6536.25,6530.75,6532.5,7700
1757530200,6532.25,6532.75,6530.25,6532,7215
1757530500,6532.25,6537.75,6532,6536.5,9629
1757530800,6536.25,6538,6531.75,6532,10555
1757531100,6532.25,6534,6527.75,6528.5,12948
1757531400,6528.5,6529.75,6524.75,6525.25,15486
1757531700,6525.25,6529.75,6524.75,6529.5,13497
1757532000,6529.5,6529.5,6522.5,6525.75,13106
1757532300,6526,6527,6523.75,6524.75,9712
1757532600,6525,6531.25,6524.75,6529,12925
1757532900,6529,6531.25,6524.25,6524.5,9954
1757533200,6524.5,6534.75,6523.25,6534.75,14646
1757533500,6534.5,6536.25,6532.5,6534.75,15455
1757533800,6535,6540.25,6535,6538.25,25942
1757534100,6538,6543.5,6538,6539.25,74404
1757534400,6539,6541.25,6537.5,6539.25,21951
1757534700,6539.5,6540,6537,6538,6319
1757535000,6538,6538.25,6537,6537.5,2866
1757597400,6557.75,6562.25,6554.5,6561,30091
1757597700,6561,6562,6554,6555.75,22705
1757598000,6555.75,6559.75,6553,6554.5,17032
1757598300,6554.75,6562.75,6552,6561,22266
1757598600,6561,6568,6559,6567.5,22008
1757598900,6567.5,6572.5,6565.25,6572,28775
1757599200,6572,6574,6570,6573.5,24359
1757599500,6573.75,6579,6573.5,6575.75,21855
1757599800,6575.75,6577,6572.5,6573,19993
1757600100,6573,6576.5,6571.75,6573,15340
1757600400,6573.25,6576.75,6573,6576.25,11042
1757600700,6576.5,6577.25,6573.75,6575.75,12262
1757601000,6575.75,6582.5,6574.75,6582,15120
1757601300,6581.75,6585.25,6581.25,6584.75,17584
1757601600,6584.75,6586,6583.75,6585.75,14305
1757601900,6585.75,6586.5,6581.75,6583.25,14661
1757602200,6583.25,6584,6578.75,6581.75,16612
1757602500,6582,6583,6578,6583,16127
1757602800,6582.75,6585.5,6582.25,6584,11531
1757603100,6584,6584.5,6582,6582.25,10013
1757603400,6582.25,6585,6581.75,6584.75,11228
1757603700,6584.75,6592.25,6584,6591.25,22565
1757604000,6591.25,6592,6588.25,6589.75,15600
1757604300,6589.75,6591.25,6589.25,6590.75,8871
1757604600,6590.75,6595,6590.5,6592,12611
1757604900,6592,6592.5,6587.75,6588,11725
1757605200,6588,6589.25,6586.5,6587,9173
1757605500,6587,6587.75,6582.75,6584.25,11028
1757605800,6584.5,6589.5,6584.25,6589,9851
1757606100,6589.25,6590,6588.25,6588.75,5279
1757606400,6588.75,6593.25,6587.5,6592,10233
1757606700,6592.25,6592.5,6590.75,6591.75,5843
1757607000,6591.75,6592.75,6590.75,6591.25,6320
1757607300,6591.5,6593,6590.5,6592,6751
1757607600,6591.75,6593.75,6591.25,6592.25,8237
1757607900,6592.5,6593,6589.75,6590,6056
1757608200,6590,6592,6588.5,6589,7329
1757608500,6589,6590.5,6587.5,6590,6683
1757608800,6590,6590,6587,6588.75,6864
1757609100,6588.5,6589.75,6586.5,6588.75,7073
1757609400,6588.5,6588.5,6585,6587.25,6661
1757609700,6587,6588.75,6586,6588,7149
1757610000,6588,6588,6586,6587,7042
1757610300,6587,6588.5,6585,6588.25,6462
1757610600,6588,6591.25,6588,6590,10379
1757610900,6590.25,6590.75,6587.75,6588.5,6683
1757611200,6588.5,6591.25,6588.25,6590.5,4256
1757611500,6590.5,6592,6587,6587.75,7837
1757611800,6587.5,6591,6587.5,6590,5758
1757612100,6590,6590.75,6588.25,6589,3853
1757612400,6589.25,6592,6589,6591.25,5119
1757612700,6591.5,6591.75,6587.75,6588.25,5933
1757613000,6588.25,6589.75,6586.5,6589.75,7033
1757613300,6589.75,6592.5,6589,6592,5764
1757613600,6592,6593,6591.25,6591.5,7496
1757613900,6591.5,6592.5,6589.5,6590.5,6730
1757614200,6590.25,6592.25,6589.25,6590.5,7887
1757614500,6590.5,6591.75,6588.75,6589,7365
1757614800,6589.25,6590.75,6588,6590.5,5673
1757615100,6590.25,6591.75,6588.25,6589.75,9419
1757615400,6589.75,6590.75,6588.25,6588.25,4917
1757615700,6588.25,6591,6588,6590.75,7473
1757616000,6590.75,6592,6590,6591.5,4164
1757616300,6591.5,6592.5,6591,6591.75,4276
1757616600,6592,6593.25,6591,6592,7890
1757616900,6592,6594,6591.25,6592,7295
1757617200,6591.75,6593.25,6590.75,6592.75,6069
1757617500,6592.75,6593.75,6591,6591,4877
1757617800,6591,6593,6590.25,6592.25,8836
1757618100,6592.25,6594.75,6591.5,6594,11828
1757618400,6594,6594.75,6593,6593.75,6860
1757618700,6593.75,6594.75,6593.25,6594,5382
1757619000,6594.25,6597.75,6593.75,6597,13974
1757619300,6597,6598.25,6596,6597.25,11791
1757619600,6597.25,6597.5,6594.5,6594.75,9540
1757619900,6594.75,6596.75,6594,6596.5,10463
1757620200,6596.5,6600,6594.75,6597.5,27619
1757620500,6597.75,6598.5,6590.5,6592.25,78186
1757620800,6592,6592.75,6590.25,6592.25,22953
1757621100,6592.5,6594.25,6592.25,6593.5,6435
1757621400,6593.5,6594,6591.5,6591.5,3657
1757683800,6589.75,6591.75,6588,6590.5,27684
1757684100,6590.5,6591,6585,6587.75,21875
1757684400,6588,6590.25,6587.5,6588,13391
1757684700,6588.25,6590.5,6586,6589.25,12233
1757685000,6589.25,6590.75,6587.5,6589,10806
1757685300,6589.25,6594.5,6589,6593,11799
1757685600,6593.5,6593.5,6589.25,6592.25,14846
1757685900,6592,6595.75,6591.5,6595.5,12244
1757686200,6595.5,6595.75,6588.25,6588.5,15406
1757686500,6588.5,6591.75,6586.75,6590.5,13124
1757686800,6590.5,6595,6590.5,6593.5,11860
1757687100,6593.25,6594.25,6591,6593.25,7316
1757687400,6593.5,6594,6590.5,6592.75,8787
1757687700,6592.75,6593.5,6591.25,6592.75,6637
1757688000,6592.75,6593.75,6591.25,6591.75,5943
1757688300,6591.75,6595.5,6591.75,6594.5,7769
1757688600,6594.75,6596,6592.25,6596,7825
1757688900,6595.75,6598.75,6595.75,6597.75,13743
1757689200,6597.75,6598,6593,6593.75,10188
1757689500,6593.5,6594.75,6592.75,6594,8217
1757689800,6594,6595.25,6592,6594.75,9807
1757690100,6594.5,6596.25,6593,6593,8300
1757690400,6593.25,6593.5,6590.5,6592.75,9189
1757690700,6592.75,6593.75,6589.75,6590,8757
1757691000,6590.25,6592,6587.75,6590.75,10066
1757691300,6590.5,6591.5,6587.75,6588.5,7276
1757691600,6588.5,6590,6587,6588.5,7050
1757691900,6588.75,6589.75,6585.75,6587.75,8609
1757692200,6587.5,6589,6587.25,6588.5,6302
1757692500,6588.25,6590.75,6588.25,6589.75,7146
1757692800,6589.75,6590,6587.75,6589,7298
1757693100,6588.75,6590.5,6586.5,6590,6027
1757693400,6590,6592.25,6589.75,6590.75,7754
1757693700,6590.75,6593.75,6590.75,6592.5,6981
1757694000,6592.75,6593.25,6590.75,6592.25,5588
1757694300,6592.5,6594.5,6592.25,6594.25,5046
1757694600,6594.25,6595.25,6593.75,6594.25,5639
1757694900,6594.25,6594.25,6591.25,6591.75,5306
1757695200,6591.5,6592.5,6590,6592.25,5704
1757695500,6592.25,6594.5,6592,6593.75,6715
1757695800,6593.75,6594.5,6592.75,6594.5,4342
1757696100,6594.5,6595.75,6593.75,6594.25,7533
1757696400,6594.5,6594.75,6591.75,6592,5729
1757696700,6592,6593,6591.75,6592.25,4153
1757697000,6592.5,6594.75,6592,6594.75,4286
1757697300,6594.75,6595.5,6593.75,6594.5,4646
1757697600,6594.75,6596.5,6594.5,6596.25,4842
1757697900,6596.25,6596.5,6594.5,6594.5,3812
1757698200,6594.75,6595.75,6593.25,6594,4362
1757698500,6594,6595,6592.75,6594.5,7279
1757698800,6594.5,6595.75,6594.25,6594.75,4450
1757699100,6595,6597.25,6594.75,6597,4905
1757699400,6597.25,6597.75,6596.25,6596.5,5489
1757699700,6596.75,6598.5,6596.25,6597.25,5922
1757700000,6597.5,6597.75,6596,6596.5,4900
1757700300,6596.5,6598.25,6596.5,6598,3490
1757700600,6597.75,6598.25,6596.5,6598.25,3173
1757700900,6598.25,6598.25,6596.5,6598,4576
1757701200,6598.25,6598.5,6597,6598,4924
1757701500,6598.25,6599.5,6598,6599,5003
1757701800,6599,6602.75,6598.5,6601.25,10852
1757702100,6601.25,6602.25,6600.25,6602,5681
1757702400,6601.75,6602.75,6601,6601.5,5247
1757702700,6601.5,6602,6597.75,6600.25,11663
1757703000,6600.5,6606,6600.5,6603.75,13466
1757703300,6604,6604,6601.5,6602,6862
1757703600,6602.25,6603.25,6601.75,6603,5698
1757703900,6603,6603.5,6601.25,6602.25,5501
1757704200,6602.25,6602.5,6599.25,6600,8942
1757704500,6600,6600.25,6598,6599.25,9015
1757704800,6599,6600.25,6597,6597.25,8825
1757705100,6597.5,6598.5,6594.5,6595.75,13264
1757705400,6595.75,6597,6589.25,6591.25,22859
1757705700,6591.5,6593,6586.25,6587,13706
1757706000,6587,6591.75,6583,6591.5,24012
1757706300,6591.75,6593.5,6589.5,6592.25,13732
1757706600,6592.25,6597,6592,6597,24639
1757706900,6597,6597,6587.25,6587.75,92365
1757707200,6587.75,6588.25,6585.5,6587.25,25125
1757707500,6587,6588.25,6586.5,6587.5,5033
1757707800,6587.25,6587.75,6587,6587.25,3116
1757943000,6609.25,6614.25,6608,6611.25,11772
1757943300,6611.25,6614.75,6610.5,6614.25,9124
1757943600,6614,6615.75,6607.75,6609.25,7886
1757943900,6609,6617,6609,6615,7802
1757944200,6615,6617.75,6614,6617.5,6001
1757944500,6617.5,6619.75,6616.25,6619.5,6462
1757944800,6619.25,6620.25,6614.75,6615.5,6075
1757945100,6615.5,6616.75,6613.5,6614,5054
1757945400,6613.75,6615.75,6612.75,6615.25,4301
1757945700,6615,6616.25,6613.5,6614.5,3761
1757946000,6614.5,6617.25,6613.25,6616,4337
1757946300,6615.75,6620.25,6615.75,6620,5878
1757946600,6619.75,6622,6616.25,6618,9141
1757946900,6618,6619,6616.75,6618,4244
1757947200,6617.75,6622.25,6617.5,6621.25,3052
1757947500,6621,6623,6620,6621,4710
1757947800,6620.75,6623,6620,6621.75,2764
1757948100,6621.75,6623,6621,6622.5,3216
1757948400,6622.5,6623.5,6621,6622,3886
1757948700,6622.25,6622.5,6619.25,6619.5,3858
1757949000,6619.5,6622.5,6618,6620.75,4424
1757949300,6620.75,6622,6619,6619.5,3027
1757949600,6619.5,6619.75,6615,6616.75,5138
1757949900,6616.75,6620,6616,6616.5,4004
1757950200,6616.25,6617.5,6615.25,6616.75,4234
1757950500,6616.75,6619.75,6616.25,6619.25,3259
1757950800,6619.25,6621.25,6616.5,6617,2902
1757951100,6616.75,6619.25,6615.75,6618.75,3239
1757951400,6618.75,6619.5,6617,6619.25,2680
1757951700,6619.25,6620.75,6618.25,6619,3439
1757952000,6618.75,6619.75,6617.5,6617.75,2188
1757952300,6618,6620.25,6617,6620.25,1839
1757952600,6620.25,6621.5,6619.25,6620.75,2498
1757952900,6620.75,6621.75,6619.5,6619.75,2293
1757953200,6619.75,6621.25,6618.75,6620.5,2074
1757953500,6620.5,6621,6618.25,6618.75,2200
1757953800,6618.75,6621.75,6618.5,6620.5,2422
1757954100,6620.5,6621,6619.25,6620,1616
1757954400,6620.25,6620.25,6618,6618.75,2393
1757954700,6618.75,6618.75,6617,6618,3083
1757955000,6617.75,6618.75,6616.75,6617.25,2163
1757955300,6617.25,6617.5,6613.25,6613.75,3980
1757955600,6613.75,6615.5,6612.75,6614.25,4028
1757955900,6614.25,6616.75,6614,6614.75,2594
1757956200,6614.75,6615,6612,6612.75,2779
1757956500,6612.75,6613.75,6610,6610.25,3584
1757956800,6610.25,6612.5,6607.75,6611.5,5609
1757957100,6611.5,6611.75,6609.25,6610,2643
1757957400,6610,6613.25,6609.5,6612.75,4757
1757957700,6613,6615,6611,6614.5,6461
1757958000,6614.5,6617,6614.5,6616,5518
1757958300,6616,6617.75,6615,6617.25,3888
1757958600,6617.25,6618.25,6616.5,6617,1958
1757958900,6617,6619.5,6616.5,6619,3048
1757959200,6618.75,6619,6616,6617.75,3032
1757959500,6618,6618.25,6614,6614.5,2584
1757959800,6614.5,6615.5,6612.5,6614.75,2488
1757960100,6614.5,6615.25,6612,6613.75,2539
1757960400,6613.75,6615,6612.25,6614,1608
1757960700,6614,6615.5,6611.75,6611.75,1925
1757961000,6611.75,6614,6611.5,6613,2471
1757961300,6612.75,6613.5,6611,6611.25,2307
1757961600,6611.25,6611.75,6605.5,6608.25,5899
1757961900,6608,6611,6606.5,6610.5,4494
1757962200,6610.25,6613.75,6610.25,6613.5,3513
1757962500,6613.5,6613.75,6611.5,6612.75,2342
1757962800,6612.5,6614.25,6610.5,6610.75,3454
1757963100,6611,6612.75,6609.75,6612.5,2372
1757963400,6612.25,6614.5,6611.5,6612.25,2799
1757963700,6612.25,6613.5,6610.5,6613.5,2690
1757964000,6613.5,6614.5,6612,6613,2164
1757964300,6613,6614.5,6612.75,6613.5,2199
1757964600,6613.25,6613.5,6611.5,6613.25,3027
1757964900,6613.25,6614.25,6611.25,6612,2365
1757965200,6612,6614.75,6611.75,6613,3602
1757965500,6612.75,6617,6612.5,6617,4136
1757965800,6616.75,6616.75,6610.5,6615.75,9856
1757966100,6615.75,6622.75,6613,6621.75,33876
1757966400,6621.75,6622.5,6618.25,6619,12743
1757966700,6618.75,6619.25,6617.5,6618.5,2882
1757967000,6618.25,6618.5,6616.75,6617.25,1983
1758029400,6685,6688.25,6682.75,6684.5,29928
1758029700,6684.75,6685,6679,6679.25,18598
1758030000,6679,6681.25,6676,6677.75,20206
1758030300,6678,6679.75,6674.75,6679,23932
1758030600,6679,6679,6670.25,6673,29216
1758030900,6672.75,6674.5,6671,6672.75,16177
1758031200,6672.75,6673,6668.25,6670,19260
1758031500,6670.25,6671.75,6668.75,6668.75,13661
1758031800,6669,6669.75,6666,6669,15947
1758032100,6669.25,6674.5,6669,6671.5,15669
1758032400,6671.75,6675,6669.5,6673.75,13343
1758032700,6673.75,6673.75,6668.25,6669.25,15132
1758033000,6669,6669.75,6667.25,6668.75,12409
1758033300,6669,6672.75,6667.5,6668.75,14235
1758033600,6668.75,6670.25,6667,6667.5,9320
1758033900,6667.75,6670.25,6666.5,6667.75,10206
1758034200,6667.75,6670.75,6667.5,6670,7137
1758034500,6670,6670,6667.75,6668,6911
1758034800,6668.25,6668.75,6663.25,6665,13850
1758035100,6664.75,6669.5,6664.75,6669.25,10576
1758035400,6669.25,6670.75,6667,6668.5,8578
1758035700,6668.5,6668.75,6665,6667.25,10133
1758036000,6667.25,6670.25,6666.75,6667.25,9213
1758036300,6667.5,6668.75,6665,6665.5,8237
1758036600,6665.25,6666.25,6664,6664.25,8123
1758036900,6664.5,6666,6663.5,6665.25,7422
1758037200,6665.25,6666.5,6661.25,6664.5,13657
1758037500,6664.25,6667,6664,6664.75,7631
1758037800,6664.75,6668.25,6663.75,6667.5,7470
1758038100,6667.5,6669,6664.75,6666.25,6396
1758038400,6666,6667.25,6664.75,6665.5,7074
1758038700,6665.5,6668.25,6665.25,6667.75,6095
1758039000,6668,6668.25,6665.75,6666.75,4742
1758039300,6666.75,6669,6666.25,6667.5,5223
1758039600,6667.75,6668.75,6667,6667.75,4474
1758039900,6667.75,6669,6666.75,6668.5,5372
1758040200,6668.25,6668.75,6666.75,6667.25,5765
1758040500,6667.5,6669,6664,6668.25,7326
1758040800,6668.25,6668.75,6665.25,6667,5104
1758041100,6667,6668.75,6666.5,6667.25,4856
1758041400,6667.25,6670,6666.75,6669.75,5924
1758041700,6669.75,6670.25,6668,6669,7379
1758042000,6669,6672.25,6668.5,6671.25,5520
1758042300,6671.5,6672.25,6670.5,6671.75,5388
1758042600,6671.75,6672.25,6670,6672,5485
1758042900,6672,6673.25,6671.5,6672.25,5190
1758043200,6672.5,6673.75,6671.5,6673,4029
1758043500,6673.25,6673.5,6671.75,6672,5491
1758043800,6672.25,6673,6670.75,6672.25,6386
1758044100,6672.5,6673,6670.5,6672.75,5637
1758044400,6672.5,6672.75,6669.5,6670.25,5291
1758044700,6670.25,6671.75,6669.75,6671,4690
1758045000,6671.25,6671.25,6668.5,6670.75,7600
1758045300,6671,6672.5,6670.75,6671.25,5153
1758045600,6671,6671.5,6669.5,6671.25,5261
1758045900,6671.25,6673.25,6670,6671.25,5536
1758046200,6671.5,6672.25,6670.25,6670.25,4616
1758046500,6670.25,6671.75,6670,6670.5,5747
1758046800,6670.25,6671.75,6669.25,6671.25,5155
1758047100,6671,6672,6670.25,6671,4801
1758047400,6671,6672.25,6670,6671.25,6750
1758047700,6671.5,6672.75,6670.75,6671.25,5777
1758048000,6671,6673.75,6671,6672.5,6060
1758048300,6672.5,6674,6672.5,6674,4510
1758048600,6674,6676.25,6673.75,6675.5,8768
1758048900,6675.5,6675.5,6674.25,6674.75,5217
1758049200,6675,6675.75,6674,6674.75,8348
1758049500,6674.75,6676.25,6673.25,6674,7490
1758049800,6674,6675.75,6673.25,6675.25,5329
1758050100,6675.25,6675.25,6673.5,6673.75,4321
1758050400,6673.75,6675.25,6672.75,6673,6300
1758050700,6673,6673,6669.25,6670.5,10563
1758051000,6670.5,6670.75,6667.75,6668.5,11083
1758051300,6668.25,6670.25,6665.75,6668,12099
1758051600,6668,6671.25,6668,6670,12122
1758051900,6670,6673.25,6670,6672.75,10870
1758052200,6672.75,6675.75,6671.75,6672.75,25110
1758052500,6673,6674.25,6665.75,6668.25,88298
1758052800,6668.5,6672,6667.75,6671.25,19466
1758053100,6671.5,6671.75,6670,6671.5,4155
1758053400,6671.75,6671.75,6670.75,6671.5,3026
1758115800,6669,6674.25,6668.5,6671.25,29276
1758116100,6671.25,6673.25,6668.75,6670.25,21523
1758116400,6670.5,6670.75,6666.25,6667.25,20005
1758116700,6667.25,6672,6665,6670.5,18647
1758117000,6670.5,6675.75,6669.75,6671.25,20425
1758117300,6671.25,6672.75,6666.5,6667.75,16555
1758117600,6667.5,6668.5,6663,6664.25,22422
1758117900,6664.5,6665.25,6661.5,6663,13274
1758118200,6663,6664.5,6661.5,6663.25,10832
1758118500,6663.5,6664.75,6659.75,6661.5,12122
1758118800,6661.5,6662.75,6659.75,6661,9680
1758119100,6661,6662.5,6660,6660.25,9088
1758119400,6660.25,6663.25,6659.25,6661.25,12726
1758119700,6661.25,6662.5,6659.75,6662.5,8117
1758120000,6662.5,6663.75,6660.5,6660.5,7856
1758120300,6660.5,6662.25,6659.25,6661.25,8331
1758120600,6661.25,6663.5,6659,6663.25,8004
1758120900,6663,6665.25,6661.5,6661.75,10003
1758121200,6661.75,6663.25,6660.25,6660.25,7453
1758121500,6660.5,6662.25,6658.5,6662,9674
1758121800,6662,6664,6660,6663.75,6060
1758122100,6663.5,6665.25,6662.5,6664,8179
1758122400,6664,6664.25,6661.25,6661.5,5393
1758122700,6661.5,6662,6657,6658,8253
1758123000,6658,6660.25,6657.25,6660,7136
1758123300,6660,6661.25,6657.75,6658,7186
1758123600,6657.75,6661.25,6657.25,6660.75,5959
1758123900,6661,6661.75,6658.25,6659.5,6830
1758124200,6659.5,6660.25,6657.5,6658,4747
1758124500,6658,6661.75,6658,6661.25,4043
1758124800,6661.25,6662.25,6659,6659.25,4607
1758125100,6659.25,6661.25,6658.25,6658.5,6446
1758125400,6658.25,6658.5,6657,6657.25,6961
1758125700,6657.5,6658.75,6656.25,6657.25,8027
1758126000,6657.25,6658,6656,6657.25,5935
1758126300,6657.25,6658.5,6656.5,6658,8570
1758126600,6658,6658.5,6655,6655.25,11359
1758126900,6655.25,6656,6651.75,6652,6274
1758127200,6652,6654.5,6650,6654.5,10571
1758127500,6654.25,6654.5,6650,6651.25,7321
1758127800,6651.5,6654.5,6651.5,6653,6482
1758128100,6653,6653.75,6650.75,6652,4768
1758128400,6651.75,6655,6651.75,6654.75,6067
1758128700,6654.75,6656,6654.25,6654.5,4079
1758129000,6654.5,6655.25,6652.25,6655,5292
1758129300,6654.75,6655.75,6653.5,6654.5,3617
1758129600,6654.5,6655.5,6652,6655,5350
1758129900,6655,6656,6654,6655,3771
1758130200,6655.25,6658.25,6655.25,6656.75,5678
1758130500,6657,6659.5,6656.25,6659.25,5847
1758130800,6659.25,6660.75,6657.25,6657.5,6661
1758131100,6657.75,6658.5,6656.5,6657.75,4594
1758131400,6657.75,6660.25,6656.5,6660,4333
1758131700,6660.25,6667,6659,6665.5,6772
1758132000,6665.5,6686.5,6664.5,6685.25,43927
1758132300,6685.25,6686.5,6670.25,6671.25,32912
1758132600,6671,6673.5,6647,6647,38164
1758132900,6647,6658,6640,6655.5,35398
1758133200,6655.25,6667.25,6645.75,6664.5,22137
1758133500,6664.5,6673,6659.25,6672.75,17725
1758133800,6672.75,6674.75,6647.75,6651.75,34435
1758134100,6651.75,6661.75,6636.25,6637.25,36852
1758134400,6637.25,6650.25,6628.25,6636,48207
1758134700,6635.75,6644.5,6621.5,6637.5,35610
1758135000,6637.5,6640.5,6611,6616.25,38343
1758135300,6616.5,6647,6616.25,6645.75,32589
1758135600,6645.75,6662,6643.25,6657.25,38980
1758135900,6657.25,6671.75,6653,6664,32235
1758136200,6664,6671.75,6646.75,6650.5,24888
1758136500,6650.5,6668.25,6650.25,6660.75,21178
1758136800,6660.75,6673.25,6656.25,6670.75,24782
1758137100,6670.75,6676,6666.5,6671,20481
1758137400,6671,6674.75,6659.25,6663.5,27205
1758137700,6663.5,6672.5,6662.25,6663,22390
1758138000,6663,6668.25,6660.5,6665.25,16394
1758138300,6665.25,6665.75,6658.25,6663.5,14632
1758138600,6663.75,6668,6657,6662.75,22945
1758138900,6662.75,6668,6653.5,6660.25,70836
1758139200,6660.5,6667.5,6660.25,6665,22728
1758139500,6665.25,6669.25,6664.5,6667.25,4787
1758139800,6667,6668.25,6663.75,6664.5,4760
1758202200,6686.75,6690.75,6681.25,6687.75,39753
1758202500,6687.5,6692.25,6684.5,6684.75,23104
1758202800,6685,6686.5,6675.25,6675.5,31143
1758203100,6675.5,6682.5,6670.25,6682.5,33995
1758203400,6682.5,6691,6680.5,6681.25,28564
1758203700,6681.25,6689,6677.25,6688.75,27987
1758204000,6688.75,6696.75,6688,6695.5,23049
1758204300,6695.75,6703.5,6695.75,6703.5,21799
1758204600,6703.5,6706.25,6702.5,6704.75,20318
1758204900,6704.75,6709.75,6703.75,6709.75,22398
1758205200,6709.5,6710.75,6704.75,6709.5,18753
1758205500,6709.5,6713.5,6709,6712.5,15140
1758205800,6712.5,6718,6712.25,6712.5,22139
1758206100,6712.5,6712.75,6706.25,6706.5,19137
1758206400,6706.5,6709,6703,6703,16001
1758206700,6703,6706.75,6701.25,6703.75,20422
1758207000,6704,6704,6696.5,6696.75,18190
1758207300,6697,6699.5,6695,6695.75,14592
1758207600,6696,6700.75,6695.5,6698,15895
1758207900,6698,6701.25,6694,6696.5,19993
1758208200,6696.5,6699.25,6694,6697,11383
1758208500,6697,6706,6695.5,6705.75,14312
1758208800,6705.75,6708.5,6701.25,6702.75,13622
1758209100,6703,6705.5,6700,6701.25,10697
1758209400,6701.5,6708,6701.5,6704.5,10997
1758209700,6704.5,6705.75,6703.75,6705.5,7114
1758210000,6705.5,6706,6701.25,6702.25,8245
1758210300,6702.25,6703,6699.5,6700.25,8205
1758210600,6700.5,6700.5,6690.75,6694.5,16863
1758210900,6694.5,6695.75,6689.75,6694,13199
1758211200,6694,6697.75,6692.75,6697.25,10828
1758211500,6697.25,6698.25,6692,6692.75,9049
1758211800,6693,6699.5,6691,6699,9132
1758212100,6698.75,6702.75,6698.5,6699.75,9223
1758212400,6699.75,6702.75,6698.5,6701.75,7618
1758212700,6702,6704,6700.75,6702.75,6137
1758213000,6703,6706.75,6702.75,6706,5817
1758213300,6705.75,6707.75,6705.25,6707,5835
1758213600,6707.25,6709.25,6706.25,6708.25,6620
1758213900,6708.5,6710.5,6707,6709.25,8024
1758214200,6709.25,6709.5,6707,6708.25,6889
1758214500,6708.5,6710.25,6706.5,6709,8256
1758214800,6709,6711,6706.75,6707.25,8330
1758215100,6707.5,6709,6705.75,6707.5,10411
1758215400,6707.25,6708,6706,6706.25,5399
1758215700,6706.5,6708.25,6705.5,6705.75,5548
1758216000,6706,6706.75,6703.25,6703.5,6891
1758216300,6703.5,6704,6701,6701.75,8164
1758216600,6701.75,6703,6699,6699,9493
1758216900,6699.25,6699.5,6694.75,6699,15678
1758217200,6699.25,6699.5,6695.5,6697.25,8650
1758217500,6697.25,6699,6695,6696.75,7528
1758217800,6696.75,6700,6694.75,6699.25,8395
1758218100,6699.25,6699.5,6693.5,6696,9408
1758218400,6696.25,6699,6694.75,6698.75,6958
1758218700,6698.5,6701.25,6698.5,6699,7166
1758219000,6699,6699,6694.25,6696.5,7854
1758219300,6696.5,6699,6695,6695.75,5631
1758219600,6695.75,6697.5,6695.25,6696.75,5245
1758219900,6696.75,6699.25,6696,6696,4831
1758220200,6696,6698.75,6696,6698.25,6546
1758220500,6698.5,6699.25,6696,6696.75,5383
1758220800,6697,6698,6691.5,6692.5,7740
1758221100,6692.5,6700,6692,6698.5,8857
1758221400,6698.25,6702.5,6698.25,6702,7855
1758221700,6702,6704,6701,6701.25,7083
1758222000,6701.25,6703,6700.25,6700.75,6766
1758222300,6701,6703.5,6700.75,6702.5,7331
1758222600,6702.5,6703,6699.25,6699.75,7358
1758222900,6699.75,6700.75,6697.75,6700,8211
1758223200,6700,6700.25,6696,6697,8865
1758223500,6697.25,6698,6695.25,6695.75,7274
1758223800,6695.75,6697.5,6692.75,6693.75,9390
1758224100,6693.75,6695.5,6691,6693,10353
1758224400,6693,6695,6690.25,6692.5,9983
1758224700,6692.5,6693.25,6688.25,6690.75,12959
1758225000,6690.75,6699.75,6689,6698.25,34310
1758225300,6698.5,6699,6691.5,6692.25,74059
1758225600,6692.25,6695,6691,6694.25,22499
1758225900,6694.25,6697,6694.25,6696.75,5391
1758226200,6696.5,6696.75,6692.25,6692.5,5705
1758288600,6707,6707.5,6698,6698.75,53375
1758288900,6698.5,6701,6696.75,6701,21301
1758289200,6701,6705.25,6698.75,6700.25,21410
1758289500,6700.5,6710.25,6699,6708.5,23221
1758289800,6708.5,6711.25,6706.75,6709.25,15548
1758290100,6709.25,6710,6703.75,6705.75,11776
1758290400,6705.5,6707,6703.25,6706.25,13937
1758290700,6706.25,6708.25,6703.75,6704.25,11840
1758291000,6704.25,6707.5,6702.75,6704.75,11559
1758291300,6704.75,6705.5,6701.5,6703.5,12570
1758291600,6703.25,6705.5,6700.75,6704.5,9664
1758291900,6704.25,6705.5,6702,6702.75,11978
1758292200,6702.75,6706,6701.75,6705.25,9837
1758292500,6705.25,6706,6701.5,6702.5,8222
1758292800,6702.5,6702.5,6697.25,6697.5,12371
1758293100,6697.5,6698.25,6693.25,6696.75,17134
1758293400,6696.5,6703.5,6694.75,6699.5,22648
1758293700,6699.75,6700.25,6696,6699.5,12077
1758294000,6699.5,6703.25,6695.5,6695.75,12552
1758294300,6695.75,6696.75,6694,6695.25,9428
1758294600,6695,6696.25,6692.75,6694,12800
1758294900,6694,6694.5,6692,6693.75,10365
1758295200,6693.5,6697.25,6690.25,6694.75,19473
1758295500,6694.75,6695.5,6690,6691,10906
1758295800,6691,6691.25,6687.25,6690,15079
1758296100,6690.25,6692.75,6689,6690.75,10245
1758296400,6691,6696.75,6691,6694.25,10699
1758296700,6694.5,6696.25,6693.25,6695.5,10009
1758297000,6695.25,6699.75,6695.25,6699.5,9055
1758297300,6699.25,6700,6697.5,6700,7997
1758297600,6699.75,6705.25,6699.5,6704.5,15457
1758297900,6704.25,6706.25,6703.5,6704.25,10550
1758298200,6704.5,6708,6704.5,6707,10035
1758298500,6707,6708.75,6706.25,6708.5,9963
1758298800,6708.5,6711.25,6707.5,6709.75,10859
1758299100,6709.5,6710.25,6708.5,6709.5,7708
1758299400,6709.5,6710,6705.5,6707,10100
1758299700,6706.75,6709.5,6706.75,6707.75,5833
1758300000,6707.75,6710.5,6707.5,6710.5,5828
1758300300,6710.25,6712.25,6709.25,6710.5,10358
1758300600,6710.25,6710.5,6708.25,6709.5,6194
1758300900,6709.5,6710.25,6708.5,6710,4873
1758301200,6710,6711.5,6709.5,6710,5757
1758301500,6710.25,6710.5,6707.25,6708,6871
1758301800,6708,6709.25,6706.75,6709.25,4796
1758302100,6709.25,6710.25,6708.75,6709,5310
1758302400,6709.25,6710.25,6708.25,6709.5,4139
1758302700,6709.75,6710,6707.25,6709.75,5487
1758303000,6709.75,6713,6709.5,6711.5,10802
1758303300,6711.5,6713,6710.25,6712,5451
1758303600,6712.25,6713.5,6710.5,6712.5,5365
1758303900,6712.5,6713.5,6711.5,6712.75,5229
1758304200,6712.75,6714,6712,6712.25,5892
1758304500,6712.25,6712.75,6711,6712,5709
1758304800,6711.75,6712.5,6710,6712.25,5677
1758305100,6712.5,6713,6711.25,6712.25,5485
1758305400,6712.25,6712.75,6711.25,6712.25,4347
1758305700,6712.25,6713.5,6710.75,6711.25,4720
1758306000,6711.5,6712.75,6709.75,6709.75,5018
1758306300,6709.75,6711,6708.5,6710.75,7608
1758306600,6710.75,6713.25,6709.5,6712.5,5735
1758306900,6712.25,6713.75,6712.25,6713,5407
1758307200,6713,6714.5,6712.5,6713.75,7882
1758307500,6713.75,6714.25,6711.25,6712.25,6660
1758307800,6712,6713.25,6711,6712.75,5705
1758308100,6712.5,6717,6712.25,6717,9205
1758308400,6716.75,6721.25,6716.25,6717,18975
1758308700,6717.25,6719.25,6716.75,6718.75,7930
1758309000,6718.75,6720.75,6718.5,6719.75,8082
1758309300,6719.75,6721.75,6719.75,6720.75,8623
1758309600,6720.75,6720.75,6719.5,6720,6644
1758309900,6720,6726.75,6719.75,6724.25,20216
1758310200,6724,6725,6722.25,6722.75,12499
1758310500,6722.75,6723,6721.25,6722.5,10664
1758310800,6722.5,6722.75,6719.75,6720,11014
1758311100,6720,6725,6719.75,6723.75,18309
1758311400,6723.75,6729,6723.25,6729,50746
1758311700,6729,6731.5,6720.5,6721.75,119855
1758312000,6721.75,6724.75,6720.25,6724.5,32993
1758312300,6724.25,6724.5,6720.75,6721.5,8535
1758312600,6721.25,6722.25,6720,6721.5,7632
1758547800,6706,6712,6705.75,6710.5,28761
1758548100,6710.25,6711,6706.75,6707.75,16375
1758548400,6708,6710.25,6706,6709.75,15287
1758548700,6709.75,6714,6709,6712.5,15489
1758549000,6712.5,6718.75,6711.75,6718.25,17479
1758549300,6718.5,6719.25,6716.25,6717.75,14667
1758549600,6718,6720,6715.5,6718.5,16863
1758549900,6718.75,6721.75,6718,6720.75,12610
1758550200,6720.75,6720.75,6716.5,6718.25,11223
1758550500,6718.25,6720,6717.25,6718.25,10290
1758550800,6718.5,6721.5,6718.25,6720.75,11775
1758551100,6720.75,6725.25,6719.75,6724.75,15588
1758551400,6724.5,6725.5,6722.75,6725,10533
1758551700,6725,6727.25,6724.5,6727,12950
1758552000,6727,6729.75,6727,6729.5,10731
1758552300,6729.5,6732.5,6728.75,6730.5,13869
1758552600,6730.5,6734.25,6730.25,6732.75,13330
1758552900,6732.75,6734.75,6732.25,6734.25,8695
1758553200,6734,6737.5,6732.75,6733.25,15847
1758553500,6733.25,6734.5,6732,6734.5,11028
1758553800,6734.5,6735.25,6731.25,6732,10846
1758554100,6732.25,6732.75,6730.75,6732.5,7604
1758554400,6732.25,6735.25,6732,6733.5,10459
1758554700,6733.5,6734.25,6732,6733.25,6470
1758555000,6733.5,6734.25,6730.25,6730.75,10461
1758555300,6730.5,6732.5,6729.5,6731.5,11937
1758555600,6731.5,6732.25,6730,6730.5,7409
1758555900,6730.5,6731.75,6729.25,6730,6586
1758556200,6730,6731.5,6728.75,6729.75,6533
1758556500,6729.75,6730.5,6728.5,6729.75,5663
1758556800,6729.75,6732.5,6729.5,6732,11523
1758557100,6732,6735.75,6730,6735,11783
1758557400,6734.75,6737.5,6734.25,6737.25,11251
1758557700,6737.25,6740.75,6736.25,6738,15008
1758558000,6738,6740.75,6737.5,6740,9502
1758558300,6740,6743.5,6739,6742.75,11582
1758558600,6742.5,6744.5,6741.75,6744.5,8819
1758558900,6744.5,6746,6743,6746,9114
1758559200,6746,6746.25,6744.25,6745.25,9887
1758559500,6745,6746.5,6744.5,6745.75,8251
1758559800,6746,6748.25,6746,6747.75,7827
1758560100,6747.75,6749.25,6747,6748.25,8780
1758560400,6748,6749.25,6747.25,6748.75,6565
1758560700,6748.75,6748.75,6746.5,6747.75,5804
1758561000,6747.75,6748.25,6745.75,6746.25,4895
1758561300,6746.5,6748.5,6745.25,6745.75,7189
1758561600,6745.75,6749,6745.25,6748.25,4321
1758561900,6748.25,6749.75,6747.25,6749.25,4006
1758562200,6749.25,6751.25,6747.75,6747.75,9738
1758562500,6747.75,6750.25,6747,6750.25,7323
1758562800,6750.25,6751.5,6749,6751.5,7268
1758563100,6751.25,6752,6750,6750.75,6648
1758563400,6751,6751,6748.75,6748.75,4582
1758563700,6748.75,6749.25,6747,6747.5,5121
1758564000,6747.5,6748.75,6746.25,6746.5,7849
1758564300,6746.5,6747.25,6744.5,6746,9086
1758564600,6745.75,6748.5,6745.75,6748.25,7494
1758564900,6748,6750.5,6747.5,6749.25,6845
1758565200,6749.5,6750,6748.25,6749.75,3904
1758565500,6749.75,6750.5,6749,6750,4075
1758565800,6750,6750.75,6748.75,6749.75,5198
1758566100,6749.5,6752.25,6749.5,6752,5376
1758566400,6752,6752.25,6750.5,6751.75,6611
1758566700,6751.5,6752,6750.25,6750.5,4198
1758567000,6750.5,6752,6750.5,6750.5,3708
1758567300,6750.75,6752.5,6750.5,6752.25,4364
1758567600,6752,6753.25,6751.75,6752.75,5820
1758567900,6753,6754.25,6752,6753.75,5658
1758568200,6753.75,6756,6753.25,6755.5,8594
1758568500,6755.5,6756.75,6753.5,6755,8795
1758568800,6755,6755.5,6753.5,6755,6569
1758569100,6755,6756.5,6754.75,6755.75,6767
1758569400,6755.5,6756.75,6754.75,6754.75,6382
1758569700,6754.75,6754.75,6752.25,6754.25,9916
1758570000,6754,6755,6751.25,6752.5,10499
1758570300,6752.5,6755.25,6752,6755,14515
1758570600,6755,6756.75,6753.5,6754.5,30387
1758570900,6754.5,6756.75,6751,6751.75,75962
1758571200,6751.75,6752.25,6749,6750.75,26327
1758571500,6750.5,6750.5,6746,6746.25,9745
1758571800,6746.25,6747.25,6744.75,6746.5,8364
1758634200,6750.25,6755,6749,6753.5,25547
1758634500,6753.5,6755.75,6751.5,6753.75,14548
1758634800,6753.75,6754.5,6748.5,6751.5,17804
1758635100,6751.5,6755.25,6750.25,6752.75,15421
1758635400,6752.75,6756.5,6751,6753,17763
1758635700,6753,6753.5,6750.25,6751.75,14586
1758636000,6752,6753.5,6747.5,6749.5,18705
1758636300,6749.75,6753.75,6749.25,6753.5,12529
1758636600,6753.75,6755.5,6751.75,6753.5,12010
1758636900,6753.75,6753.75,6750,6751.75,10106
1758637200,6751.75,6752,6747,6747.5,11241
1758637500,6747.25,6750.5,6746.25,6749.25,13418
1758637800,6749,6749.75,6745.75,6745.75,9741
1758638100,6745.75,6747,6744.25,6745.75,11225
1758638400,6745.75,6749.25,6745.5,6746.25,11257
1758638700,6746.5,6747.75,6744.25,6746.5,9767
1758639000,6746.75,6749.25,6745.75,6749,9050
1758639300,6749,6750.75,6745.75,6745.75,9205
1758639600,6745.75,6746.25,6743.5,6745.25,12359
1758639900,6745,6746.25,6742.75,6744.75,9794
1758640200,6744.75,6747.5,6744,6746.5,7519
1758640500,6746.5,6747.5,6744.25,6746.5,7866
1758640800,6746.75,6747,6744.5,6747,6323
1758641100,6746.75,6747,6743.25,6744.25,8395
1758641400,6744,6745.25,6742.25,6742.75,11183
1758641700,6743,6744,6741.75,6742.25,8435
1758642000,6742.25,6742.5,6738.25,6741.5,12746
1758642300,6741.5,6742.75,6740.25,6741,8194
1758642600,6741,6741.5,6738.75,6739.5,6664
1758642900,6739.5,6740.25,6737.25,6738,6001
1758643200,6738,6739.25,6737,6737.5,7051
1758643500,6737.5,6738.5,6733.5,6734.25,9959
1758643800,6734,6735.25,6732.25,6735,10993
1758644100,6734.75,6737.5,6733.5,6737.25,9100
1758644400,6737.5,6739.75,6736.75,6737.5,10207
1758644700,6737.5,6737.5,6734.25,6735,6452
1758645000,6734.75,6737.25,6733.25,6736.75,7162
1758645300,6736.5,6738.5,6731.25,6737,17432
1758645600,6737.25,6737.75,6734.5,6736,7565
1758645900,6736,6741,6735.5,6740.25,14573
1758646200,6740.25,6741.25,6737.75,6737.75,7440
1758646500,6737.75,6737.75,6732.5,6734,10979
1758646800,6734,6735.25,6729.5,6729.75,11408
1758647100,6730,6733.75,6729.75,6733.25,8178
1758647400,6733.25,6733.25,6729.5,6731,8571
1758647700,6730.75,6731,6728.5,6728.75,7329
1758648000,6729,6731.25,6726.5,6727.75,17122
1758648300,6727.5,6728.25,6718.75,6719,24597
1758648600,6719,6720.75,6716.25,6716.75,19926
1758648900,6717,6717.5,6709,6709.5,28903
1758649200,6709.5,6711.75,6702,6708,34970
1758649500,6708.25,6716.25,6705.25,6715.75,26362
1758649800,6715.75,6716.25,6710.75,6711.25,16019
1758650100,6711.25,6715.75,6710,6714,15431
1758650400,6714.25,6715.75,6709.5,6710.25,16055
1758650700,6710.25,6712.75,6708.5,6710.5,9814
1758651000,6710.25,6711.5,6708.25,6708.75,9940
1758651300,6708.5,6709.25,6704.75,6705.75,11427
1758651600,6705.5,6707.75,6704,6705.5,10821
1758651900,6705.5,6711.25,6705.5,6708.75,12225
1758652200,6708.5,6714,6708.25,6713.5,10762
1758652500,6713.75,6715.25,6708,6708.5,10744
1758652800,6708.75,6710,6707.25,6708.25,7860
1758653100,6708.25,6710.75,6707,6707.25,10502
1758653400,6707.25,6708.25,6704.25,6705.5,9589
1758653700,6705.75,6707,6701.75,6703,15957
1758654000,6703,6708.75,6702.75,6704.5,12628
1758654300,6704.25,6706.25,6703,6704.25,8074
1758654600,6704,6706.5,6704,6705.25,7538
1758654900,6705,6710.25,6704.5,6709.75,9347
1758655200,6709.5,6710,6704.5,6706.5,9674
1758655500,6706.5,6707,6704,6705.75,7659
1758655800,6706,6709.25,6705,6709.25,10079
1758656100,6709.25,6710.25,6707.75,6710,9290
1758656400,6709.75,6712.25,6709.25,6712,11631
1758656700,6712,6714.25,6709.25,6712,14316
1758657000,6712,6718.5,6711,6717,48048
1758657300,6717,6717,6711.5,6715.75,78636
1758657600,6716,6718,6713,6717.5,22399
1758657900,6717.5,6718.75,6716,6717.25,6332
1758658200,6717.25,6717.5,6716,6716.5,3252
1758720600,6727.25,6728.5,6719.75,6723.5,30585
1758720900,6723.25,6723.75,6717.5,6718.25,19479
1758721200,6718.5,6720.75,6716.75,6718,21437
1758721500,6717.75,6718.25,6711.25,6711.25,21916
1758721800,6711.5,6713.25,6706,6709.25,26096
1758722100,6709.25,6713,6709.25,6712.5,12927
1758722400,6712.5,6716.5,6708.5,6716,17564
1758722700,6716,6716.25,6710,6712,13441
1758723000,6712,6715.25,6710.5,6714.75,11919
1758723300,6714.75,6717.25,6712.5,6716,12498
1758723600,6716,6716.5,6712,6713.25,11368
1758723900,6713,6715.5,6711.25,6714.25,11809
1758724200,6714.25,6716.75,6709.75,6711.25,12939
1758724500,6711.25,6715.5,6711.25,6714.5,8463
1758724800,6714.75,6715,6712,6715,7438
1758725100,6714.75,6717.75,6714,6716.5,9090
1758725400,6716.75,6719,6712.75,6713.25,13401
1758725700,6713.25,6713.75,6709.75,6711.5,13479
1758726000,6711.5,6713.75,6709.5,6710,11329
1758726300,6710,6712.5,6709.75,6710.5,7701
1758726600,6710.25,6710.75,6706,6706.25,11324
1758726900,6706,6709.75,6706,6709,9192
1758727200,6709,6712.25,6708.5,6711,8978
1758727500,6711.25,6711.75,6707.75,6708.75,7787
1758727800,6708.5,6709,6703.25,6703.75,13507
1758728100,6703.75,6707.25,6703,6704.75,11371
1758728400,6704.75,6705.5,6702.5,6703.5,9367
1758728700,6703.5,6703.5,6695.25,6695.5,21179
1758729000,6695.5,6697,6691.25,6694,24465
1758729300,6694,6694.5,6683.75,6685.5,28288
1758729600,6685.5,6688.25,6682.5,6686.25,26829
1758729900,6686.25,6687.75,6680.75,6682,19438
1758730200,6681.75,6682.5,6678,6681.5,21713
1758730500,6681.25,6684.75,6678.25,6684,18590
1758730800,6684,6691.5,6684,6691,17246
1758731100,6691,6693,6686.5,6690.5,15166
1758731400,6690.75,6691.75,6687.75,6688.75,11690
1758731700,6688.75,6691.25,6688.5,6691,7087
1758732000,6691.25,6692.75,6690.25,6691.25,10146
1758732300,6691.25,6691.5,6688,6689.25,9263
1758732600,6689.25,6690,6687,6688.25,10095
1758732900,6688,6689,6685.75,6687,8454
1758733200,6687.25,6690,6686,6689.5,7683
1758733500,6689.5,6694,6687.75,6693.75,8598
1758733800,6693.75,6698.75,6693.25,6694.5,16229
1758734100,6694.25,6695.25,6693,6693,7875
1758734400,6693,6695,6691.5,6694.5,9355
1758734700,6694.5,6696.25,6692.25,6695.75,6315
1758735000,6695.75,6698.75,6695.5,6698.5,7507
1758735300,6698.25,6700,6692.5,6692.75,10513
1758735600,6692.75,6693.25,6690.5,6690.75,7720
1758735900,6690.5,6691.25,6685.25,6686.75,14391
1758736200,6686.75,6689,6685.75,6688.75,8894
1758736500,6688.75,6690.25,6686.75,6687.5,7271
1758736800,6687.25,6688,6685.5,6686.25,8473
1758737100,6686.5,6687.75,6684.5,6685.25,9710
1758737400,6685.25,6686.5,6681.25,6686.25,15187
1758737700,6686.25,6689,6685.75,6688.75,8825
1758738000,6688.5,6688.75,6683.75,6685.5,8469
1758738300,6685.25,6686.5,6683.75,6685.75,8252
1758738600,6685.75,6688.25,6684.25,6686.25,9381
1758738900,6686.25,6691,6686.25,6689.5,8483
1758739200,6689.5,6690.75,6688.25,6689.5,6680
1758739500,6689.5,6691,6686.5,6688,8899
1758739800,6687.75,6693.5,6687.5,6692.25,9699
1758740100,6692.25,6693.5,6691.5,6693.25,8155
1758740400,6693,6693.25,6688.5,6689.25,9259
1758740700,6689.25,6690.75,6688.25,6688.75,6010
1758741000,6688.75,6691,6688.25,6688.5,6203
1758741300,6688.5,6691,6687.75,6690.25,7271
1758741600,6690.25,6690.75,6688.75,6689.5,4749
1758741900,6689.5,6690.25,6688.25,6690.25,4484
1758742200,6690,6692,6689.5,6691.75,8221
1758742500,6691.75,6692,6688,6690.25,9374
1758742800,6690.25,6691.5,6688,6688.5,9833
1758743100,6688.5,6692.75,6687,6691.75,14308
1758743400,6691.75,6695,6691.5,6693.5,25493
1758743700,6693.5,6696,6690.25,6692,77495
1758744000,6692,6698,6692,6697.25,22354
1758744300,6697.5,6698.75,6696,6698,7930
1758744600,6698,6699.25,6696.75,6699.25,3682
1758807000,6660,6660.5,6652,6652.25,45591
1758807300,6652.5,6653.5,6641.25,6641.75,35895
1758807600,6641.75,6642,6631.25,6633.25,40643
1758807900,6633.25,6645,6632.25,6642.25,42395
1758808200,6642.25,6650.5,6635.5,6637,43221
1758808500,6637.25,6641,6632.25,6637,24851
1758808800,6637,6651.25,6635.75,6650.5,32599
1758809100,6650.5,6660,6649.75,6659.5,26508
1758809400,6659.5,6663.5,6656.75,6660.75,32683
1758809700,6660.75,6667.25,6660.5,6665,28406
1758810000,6665,6672.5,6663.5,6671,22821
1758810300,6671.25,6672.5,6663.5,6665.75,26653
1758810600,6665.5,6669,6663.25,6668.25,17932
1758810900,6668,6670.25,6664.25,6669.75,14265
1758811200,6669.5,6670.75,6665.5,6668.5,13409
1758811500,6668.5,6672,6664.5,6671.75,14762
1758811800,6672,6672,6664,6667.25,14392
1758812100,6667.5,6672,6667.5,6668.75,11754
1758812400,6668.75,6669,6660.5,6661.25,17372
1758812700,6661.5,6663.25,6653.75,6656.75,21817
1758813000,6656.75,6666.5,6654.75,6666.5,19133
1758813300,6666.5,6667.5,6663,6664.5,13847
1758813600,6664.25,6665.5,6657.75,6658,14352
1758813900,6657.75,6658.25,6652.25,6655,20881
1758814200,6655,6664.5,6654.75,6664,17023
1758814500,6664.25,6669.75,6663.25,6669.75,15844
1758814800,6669.75,6675,6668.25,6673,19181
1758815100,6672.75,6674,6671.25,6673,13433
1758815400,6672.75,6673,6668.75,6671.5,13892
1758815700,6671.5,6672.75,6668,6670.25,9854
1758816000,6670,6673,6668.75,6668.75,11828
1758816300,6668.75,6671.75,6667.75,6669,9807
1758816600,6669,6670.25,6666.5,6667.25,10873
1758816900,6667.5,6671.75,6666.5,6666.75,14303
1758817200,6666.75,6668.75,6661,6663.5,15406
1758817500,6663.5,6665,6659.75,6660.75,11309
1758817800,6660.75,6670.5,6660.5,6669.25,13054
1758818100,6669,6669.25,6665.25,6665.25,7971
1758818400,6665.25,6665.5,6659,6661,12920
1758818700,6661.25,6664.5,6658.75,6659.25,10284
1758819000,6659,6661.25,6656.25,6658.25,9423
1758819300,6658.25,6661,6658.25,6659,7967
1758819600,6659,6660.75,6655.5,6656.5,6956
1758819900,6656.5,6663.25,6655.75,6661,8099
1758820200,6661,6664.25,6658.75,6661.25,13551
1758820500,6661,6663,6656.25,6657.5,13091
1758820800,6657.5,6657.75,6646,6647,27938
1758821100,6647,6655.25,6646.75,6653.25,15234
1758821400,6653.25,6655.25,6648,6649.25,12068
1758821700,6649,6649.75,6644.75,6647.5,12328
1758822000,6647.75,6648,6643.25,6647.5,12263
1758822300,6647.25,6648,6641.75,6642,8970
1758822600,6642,6645,6641.75,6643.75,8774
1758822900,6643.5,6644.75,6635.5,6636.5,15674
1758823200,6636.5,6637,6624.25,6625,35697
1758823500,6625,6634.5,6624.25,6632.25,27729
1758823800,6632.25,6640.75,6632,6640.5,20019
1758824100,6640.75,6648.5,6640,6647.75,20220
1758824400,6647.75,6650,6645,6648.75,16332
1758824700,6648.75,6652.25,6648,6650.5,12690
1758825000,6650.5,6653.25,6647.25,6649.75,13740
1758825300,6649.75,6654.75,6648.25,6654.25,9993
1758825600,6654.5,6662.5,6654.5,6658.75,22386
1758825900,6658.75,6660,6653,6657.75,15961
1758826200,6657.75,6659.5,6655.75,6659,9630
1758826500,6659.25,6661.5,6656.5,6659.75,13260
1758826800,6659.75,6661.25,6656.75,6658.5,11562
1758827100,6658.75,6660.75,6655.75,6657.75,9585
1758827400,6658,6660.75,6655.25,6656.5,9181
1758827700,6656.75,6658.75,6654.25,6654.5,8916
1758828000,6654.25,6657.25,6651.5,6652,9921
1758828300,6651.75,6656,6651.75,6655.5,7920
1758828600,6655.25,6659.75,6654,6655,11549
1758828900,6655,6656,6651.5,6653.25,9967
1758829200,6653,6656.25,6651.75,6655.75,10208
1758829500,6655.5,6656.75,6652,6653.5,11525
1758829800,6653.25,6662.75,6652.75,6659.25,28162
1758830100,6659.25,6663.75,6656,6660.5,72450
1758830400,6660.5,6663.75,6660,6662.5,22076
1758830700,6662.25,6662.5,6659.5,6659.75,5131
1758831000,6660,6662,6659.75,6661.5,3883
1758893400,6673.5,6687.5,6667.5,6686.25,35161
1758893700,6686.5,6689.5,6683,6688.25,25714
1758894000,6688,6695.75,6684.5,6689,25274
1758894300,6689.25,6697.25,6682.75,6695.25,28451
1758894600,6695.25,6698.25,6690.5,6693,21975
1758894900,6693.25,6697,6690.5,6697,13367
1758895200,6697,6703.75,6688.75,6689,32262
1758895500,6689.25,6690,6674.75,6677.75,34761
1758895800,6678,6680.75,6671,6674.25,24259
1758896100,6674.25,6676,6669.25,6674,21294
1758896400,6674.25,6674.75,6665.75,6666.5,18202
1758896700,6666.75,6667.5,6657.25,6666.25,29659
1758897000,6666.25,6666.5,6660.25,6661.25,20757
1758897300,6661.25,6673.5,6659.5,6672.75,24160
1758897600,6672.75,6678.25,6671.5,6673.5,22047
1758897900,6673.75,6676.25,6662.25,6662.25,19226
1758898200,6662.25,6667.5,6659.75,6665.75,16423
1758898500,6665.5,6669.75,6662,6663,12800
1758898800,6662.75,6669,6661,6665.75,14545
1758899100,6665.5,6669,6662.75,6665.25,10400
1758899400,6665.25,6667.25,6660.5,6661,10980
1758899700,6660.75,6671.75,6658.5,6670.75,14403
1758900000,6670.75,6671.75,6665.25,6668.25,14046
1758900300,6668.25,6678.25,6668.25,6677.75,13934
1758900600,6677.75,6679.5,6673.75,6676.75,16567
1758900900,6676.75,6678,6669,6670.75,13141
1758901200,6670.75,6675.75,6669,6673.25,13353
1758901500,6673,6675.25,6670.25,6675.25,8830
1758901800,6675.25,6675.25,6667.5,6670.5,12022
1758902100,6670.5,6671.5,6664.75,6665.25,8489
1758902400,6665.25,6667.5,6663.25,6666.25,9967
1758902700,6666.5,6669.5,6665.25,6667,6136
1758903000,6667,6670.5,6664.75,6669.75,6201
1758903300,6669.5,6673.75,6668.25,6673.75,10540
1758903600,6673.5,6684.5,6673.25,6684.25,15319
1758903900,6684.25,6686.75,6680.25,6683.25,15372
1758904200,6683.25,6686.25,6679.5,6682.75,13591
1758904500,6682.75,6686,6680.75,6684.25,8207
1758904800,6684,6688.5,6682.75,6687.25,7363
1758905100,6687.25,6688.5,6684.25,6687.25,10451
1758905400,6687.25,6690.25,6686.25,6688.75,7917
1758905700,6688.75,6694,6687.25,6692.5,13966
1758906000,6692.5,6693.5,6690.5,6690.75,9724
1758906300,6690.75,6693.75,6690.5,6693,6966
1758906600,6693,6696,6692.75,6694.75,7589
1758906900,6695,6695.5,6692.5,6693.25,5670
1758907200,6693.25,6695.25,6690.5,6695.25,8363
1758907500,6695.25,6696.5,6694,6695.5,6006
1758907800,6695.25,6695.75,6692.75,6694.5,5219
1758908100,6694.25,6696.5,6692.75,6693.5,6841
1758908400,6693.5,6696.25,6692.25,6694.25,6165
1758908700,6694.25,6694.25,6691.25,6691.5,6158
1758909000,6691.5,6692,6687.75,6688.5,6516
1758909300,6688.75,6692.75,6686.25,6692.5,9601
1758909600,6692.25,6695,6691.25,6693,7768
1758909900,6693,6693,6687.75,6687.75,8092
1758910200,6687.75,6692.5,6687.25,6692,7435
1758910500,6692,6695.75,6692,6693.5,7057
1758910800,6693.5,6697,6692,6697,6628
1758911100,6696.75,6699.5,6694.5,6696.5,10430
1758911400,6696.5,6698.25,6696,6697,6779
1758911700,6697,6700,6696.75,6699.25,6748
1758912000,6699.25,6700.5,6697.5,6697.75,7095
1758912300,6698,6698.5,6693.5,6697.5,13258
1758912600,6697.5,6697.75,6695,6696.25,6091
1758912900,6696.25,6698.75,6696,6698.25,5220
1758913200,6698.25,6699,6696,6697.5,6184
1758913500,6697.25,6698.25,6693.75,6694,7869
1758913800,6694,6696,6693,6693.5,5527
1758914100,6693.75,6696.5,6691.75,6695.5,8577
1758914400,6695.75,6697.5,6694.5,6696.25,6632
1758914700,6696.5,6697.5,6694.5,6694.75,6930
1758915000,6694.75,6695,6692.5,6693.25,8101
1758915300,6693.5,6695.5,6692.75,6695.25,7067
1758915600,6695.25,6695.75,6692.75,6693.25,7768
1758915900,6693,6696.5,6692,6696,9385
1758916200,6696.25,6697.5,6690,6696.75,22526
1758916500,6697,6698.5,6693,6696.25,61233
1758916800,6696.25,6699.75,6695.25,6699.75,19742
1758917100,6699.75,6700.25,6698.75,6699.75,4657
1758917400,6699.5,6701.75,6698.75,6701.5,4283
1759152600,6722.25,6726.25,6720,6721.5,31419
1759152900,6721.5,6723.25,6717.75,6718,18541
1759153200,6718.25,6723.5,6715.75,6723,22723
1759153500,6722.75,6726,6722.25,6725.25,22417
1759153800,6725.25,6725.75,6719.5,6725,19234
1759154100,6725.25,6726,6721.25,6723.75,14584
1759154400,6723.75,6727,6719.25,6720.5,17750
1759154700,6720.5,6731.25,6719,6729.75,21156
1759155000,6729.75,6729.75,6723,6725.25,12976
1759155300,6725.5,6726.75,6720.25,6720.25,13319
1759155600,6720.5,6727.75,6718.5,6727.25,14684
1759155900,6727.25,6728.75,6725.75,6726.5,10059
1759156200,6726.25,6727.75,6724.5,6727.5,10114
1759156500,6727.5,6728,6723.75,6726.5,9505
1759156800,6726.25,6729.5,6726,6728.75,8287
1759157100,6728.75,6730.5,6727,6727.75,9272
1759157400,6727.75,6728.5,6724.5,6725,9401
1759157700,6725.25,6725.75,6721.5,6723.25,14042
1759158000,6723.25,6725.25,6722.25,6724.25,10344
1759158300,6724.25,6724.5,6720.75,6721.25,9071
1759158600,6721.25,6721.75,6715.5,6716.25,16135
1759158900,6716.5,6716.5,6709.75,6714.5,23063
1759159200,6714.5,6718.5,6712.25,6714.5,15314
1759159500,6714.5,6716.5,6713,6713.75,12041
1759159800,6713.5,6714.75,6711,6712.25,15723
1759160100,6712.25,6713.25,6708.25,6712.5,15492
1759160400,6712.25,6713.75,6709.75,6713.5,10606
1759160700,6713.5,6713.75,6709.75,6710.25,8863
1759161000,6710,6710.5,6706.25,6710,13105
1759161300,6710,6711.75,6707,6711,10682
1759161600,6711,6713,6707.25,6708.25,11055
1759161900,6708,6710.75,6707.25,6710.75,6801
1759162200,6710.75,6715.75,6710.5,6715.25,9822
1759162500,6715.25,6716,6708.25,6712.5,11340
1759162800,6712.75,6715,6711,6714.75,7512
1759163100,6714.5,6715,6712.25,6712.75,6453
1759163400,6713,6715.25,6712.75,6714,6375
1759163700,6714.25,6714.25,6711,6711.75,6144
1759164000,6711.75,6714.25,6708.5,6708.75,7615
1759164300,6708.75,6710.75,6708,6709.75,8735
1759164600,6709.5,6710,6706.5,6706.75,7241
1759164900,6707,6709.25,6706.25,6708.5,6019
1759165200,6708.5,6709,6702.25,6703.5,14701
1759165500,6703.75,6706,6703.25,6704.75,8615
1759165800,6705,6706.25,6702.5,6703.25,7536
1759166100,6703.5,6706.25,6701.75,6705,8421
1759166400,6705,6705,6702.25,6703.5,7128
1759166700,6703.5,6705.25,6702.5,6703.25,6769
1759167000,6703.5,6704,6699.5,6702,13245
1759167300,6702,6703.25,6701,6702.75,5326
1759167600,6703,6704.75,6703,6703.25,7138
1759167900,6703.25,6705.5,6703,6704,6453
1759168200,6704,6709,6703.75,6708.5,9263
1759168500,6708.5,6708.5,6706.5,6707.25,6723
1759168800,6707.25,6710,6707,6709.25,7048
1759169100,6709.25,6710.5,6707.25,6707.5,5933
1759169400,6707.75,6711.75,6707.25,6710.75,6089
1759169700,6710.75,6711.75,6709.5,6711.25,4876
1759170000,6711,6712.75,6710.25,6712.75,4201
1759170300,6712.5,6714,6712,6713,6765
1759170600,6713,6714,6712.25,6712.5,5113
1759170900,6712.75,6713,6710.25,6710.5,7324
1759171200,6710.5,6711.25,6708.75,6710.75,6874
1759171500,6710.75,6713,6710.75,6712,5431
1759171800,6712,6712.25,6710.25,6711,4197
1759172100,6710.75,6712.25,6710.25,6711.5,5078
1759172400,6711.75,6711.75,6707.75,6709.5,8809
1759172700,6709.75,6710,6703.25,6704.75,13589
1759173000,6704.75,6707.25,6702,6703,9811
1759173300,6703,6703,6696.25,6701,26720
1759173600,6701,6704.25,6700.5,6703.5,9526
1759173900,6703.25,6706.5,6702.75,6704.25,8127
1759174200,6704.25,6707.5,6704,6707.5,10448
1759174500,6707.5,6710,6707,6709.75,9821
1759174800,6709.5,6712.5,6709.25,6711,12846
1759175100,6710.75,6715,6710.75,6713.75,16122
1759175400,6713.75,6716.25,6709.5,6709.5,26450
1759175700,6709.5,6715,6707.5,6714.25,75142
1759176000,6714.25,6716,6712.5,6713.5,25921
1759176300,6713.5,6714,6711.5,6713.25,5578
1759176600,6713.5,6713.5,6712,6713,2637
1759239000,6706.75,6709.5,6701.25,6701.75,26700
1759239300,6701.75,6704.75,6699.5,6701.5,17770
1759239600,6701.75,6708,6701.25,6708,13997
1759239900,6708,6710.25,6702,6704.5,19646
1759240200,6704.25,6705,6698.25,6699,22501
1759240500,6698.75,6708.5,6696.75,6708.25,15730
1759240800,6707.75,6713,6707.5,6709.5,19993
1759241100,6709.5,6710,6701,6701.5,23140
1759241400,6701.25,6705.25,6699.75,6704,17260
1759241700,6704.25,6711,6703.75,6707,16336
1759242000,6707,6711,6704.5,6705.75,13545
1759242300,6705.75,6707.25,6703.5,6705.75,12648
1759242600,6706,6710.25,6702.25,6703.5,16465
1759242900,6703.5,6705.25,6694.25,6695.25,23166
1759243200,6695,6701.75,6694,6700.75,20158
1759243500,6700.75,6710.25,6700.75,6708.75,23257
1759243800,6709,6709.5,6704.75,6705.75,13968
1759244100,6705.75,6711.5,6705.5,6709.75,15389
1759244400,6709.5,6713.75,6708.75,6712.5,16299
1759244700,6712.5,6713.75,6708.75,6711.75,11593
1759245000,6711.75,6712,6705.5,6705.75,10426
1759245300,6706,6707,6701,6702,13634
1759245600,6702,6703.5,6698.25,6701,19376
1759245900,6700.75,6701.5,6693,6699.5,20641
1759246200,6699.25,6704,6698.5,6703,15388
1759246500,6702.75,6703.25,6696.75,6697.25,12738
1759246800,6697.25,6699.25,6695.75,6697.5,9794
1759247100,6697.5,6704.25,6697,6703.75,10555
1759247400,6704,6707,6702.5,6706,11308
1759247700,6706,6708.75,6702,6707,11310
1759248000,6707.25,6708.75,6705.25,6705.75,9533
1759248300,6705.5,6708.25,6702.75,6705.5,9361
1759248600,6705.5,6705.75,6703,6705.25,8166
1759248900,6705.25,6710,6704.25,6709.75,7281
1759249200,6709.75,6718,6709.75,6711.75,22059
1759249500,6711.75,6713,6709,6711,8992
1759249800,6711.25,6713.75,6710.75,6711.25,8562
1759250100,6711.25,6712.75,6709.75,6712,6148
1759250400,6712,6714,6709.75,6713.75,5971
1759250700,6713.75,6713.75,6707.75,6709,7764
1759251000,6709.25,6710.75,6706.75,6707.5,6439
1759251300,6707.75,6708.75,6703,6705,9979
1759251600,6705,6706.25,6702.5,6703.25,8739
1759251900,6703,6704.75,6701.75,6703.25,6982
1759252200,6703,6703.5,6697.5,6700.75,12245
1759252500,6700.5,6702.75,6699.25,6701.25,8682
1759252800,6701,6701.25,6696.25,6696.75,10267
1759253100,6696.75,6698.5,6694.25,6698,13383
1759253400,6697.75,6698.5,6694.5,6698,13873
1759253700,6698,6699.75,6695,6697.25,12156
1759254000,6697.25,6700.25,6697.25,6698.5,9052
1759254300,6698.5,6703.75,6698.25,6703.5,9212
1759254600,6703.5,6707.75,6703.5,6706.75,13434
1759254900,6707,6707.5,6700.5,6702,11473
1759255200,6701.75,6703.5,6700.75,6702.25,10463
1759255500,6702.25,6709,6702.25,6708.25,11134
1759255800,6708.5,6715,6708.25,6713.75,17894
1759256100,6713.75,6717.25,6711.5,6713.75,17367
1759256400,6713.5,6716,6711.75,6714.75,11893
1759256700,6714.75,6717,6714.25,6715.5,10216
1759257000,6715.25,6716.5,6712.5,6714.25,8913
1759257300,6714.25,6717,6713.5,6716.25,7745
1759257600,6716.5,6720,6716,6719.5,11859
1759257900,6719.5,6722.75,6718.5,6722.5,12678
1759258200,6722.5,6723.25,6720,6721,10639
1759258500,6721.25,6723,6720.25,6721,7849
1759258800,6721.25,6724.75,6720.75,6721.5,12430
1759259100,6721.5,6725.25,6720.5,6724.25,10502
1759259400,6724,6725.5,6723,6723.5,10235
1759259700,6723.5,6725,6721.75,6725,9890
1759260000,6724.75,6729.75,6724.75,6729,17496
1759260300,6729,6732.25,6728.75,6730.75,16535
1759260600,6730.75,6734.5,6730.5,6732.25,14077
1759260900,6732,6733,6729.75,6731.25,12643
1759261200,6731.25,6731.25,6725.75,6727.25,18753
1759261500,6727,6736.75,6726.75,6736.5,22710
1759261800,6736.25,6743.5,6732,6740.75,52048
1759262100,6741,6743.5,6735.5,6737.25,140729
1759262400,6737,6738.75,6731,6731,43784
1759262700,6731.25,6731.25,6727.5,6728.25,10719
1759263000,6728.25,6728.5,6724.75,6725.5,8804
1759325400,6706.75,6723,6706.25,6720,46258
1759325700,6720,6726.75,6717,6726,22558
1759326000,6726.25,6729,6722.5,6727.5,20826
1759326300,6727.75,6728,6707.25,6707.5,30373
1759326600,6707.5,6714.5,6705.25,6713.75,27173
1759326900,6713.5,6719.5,6710.25,6712.75,18826
1759327200,6712,6720.75,6708.5,6720.25,19064
1759327500,6720.25,6720.75,6715.5,6718.5,15212
1759327800,6718.5,6722.25,6718.25,6721.5,12104
1759328100,6721.5,6727.25,6721,6726.75,12341
1759328400,6726.75,6731.25,6726.25,6728,19555
1759328700,6728,6732.25,6728,6730.5,12824
1759329000,6730.5,6732.75,6728.25,6732.5,14958
1759329300,6732.5,6735.75,6731.75,6732,17261
1759329600,6732,6732.25,6727.5,6729.75,16356
1759329900,6730,6731.75,6728,6729,16810
1759330200,6729,6733,6728.75,6731.75,9665
1759330500,6732,6733.5,6731.25,6733.25,8775
1759330800,6733.25,6737.75,6732.5,6734.25,15043
1759331100,6734.5,6737.5,6732.25,6736.25,9778
1759331400,6736.5,6736.75,6732.5,6736,10707
1759331700,6736.25,6736.5,6732.75,6733.25,9344
1759332000,6733.25,6737.25,6732.75,6736.75,8310
1759332300,6736.75,6739.5,6735.25,6738,10979
1759332600,6738.25,6742.25,6738,6741,13156
1759332900,6741,6745.25,6740,6744,14341
1759333200,6744,6745.25,6742.5,6744.75,7906
1759333500,6744.75,6747.5,6744.25,6745.5,13592
1759333800,6745.5,6746.5,6744.75,6745.25,7679
1759334100,6745.5,6746.5,6744.75,6744.75,6837
1759334400,6745,6746.75,6743,6743.5,10759
1759334700,6743.5,6745.75,6743.25,6745.5,6865
1759335000,6745.75,6746.75,6744.5,6744.75,6764
1759335300,6744.75,6746.5,6742.75,6742.75,6849
1759335600,6742.75,6743.5,6741,6742.25,9379
1759335900,6742,6745,6742,6744.25,5526
1759336200,6744.25,6745.5,6743.5,6745.25,5959
1759336500,6745.25,6745.5,6743.25,6743.75,5278
1759336800,6743.5,6744.25,6741,6741.25,6369
1759337100,6741.25,6743.5,6740.25,6741.75,7326
1759337400,6742,6743,6740.25,6740.5,6530
1759337700,6740.5,6744.75,6739,6744.25,8212
1759338000,6744.25,6748,6743,6747.75,9445
1759338300,6748,6750.5,6747.75,6748,12328
1759338600,6748.25,6750.25,6746.75,6748.75,8096
1759338900,6748.75,6754.25,6748.75,6752.25,12555
1759339200,6752.25,6753.75,6751.5,6753.75,5702
1759339500,6753.75,6756.5,6753,6755,8995
1759339800,6755.25,6755.75,6752.5,6754.5,7864
1759340100,6754.25,6754.5,6753,6753.75,5440
1759340400,6753.75,6754.5,6751.25,6753.5,6847
1759340700,6753.5,6754,6751.5,6753.25,5956
1759341000,6753.5,6754.75,6752.75,6753.5,6015
1759341300,6753.75,6755.25,6753,6754.75,4791
1759341600,6755,6759.75,6754.25,6757.75,16888
1759341900,6757.5,6760.25,6757.5,6760.25,8508
1759342200,6760,6762.5,6758.5,6761.5,7594
1759342500,6761.25,6763.5,6761.25,6763.5,7150
1759342800,6763.5,6763.75,6760.5,6763,8430
1759343100,6763,6764.75,6762.5,6763.25,8362
1759343400,6763.25,6765,6762.75,6765,6527
1759343700,6765,6766.5,6764,6765.75,8032
1759344000,6765.5,6768,6765,6767.25,10356
1759344300,6767.25,6769,6766.5,6768.5,6073
1759344600,6768.5,6769,6766.75,6767,8184
1759344900,6767,6767.75,6765.5,6767,8095
1759345200,6767,6769,6766.5,6768.75,6421
1759345500,6769,6769.5,6767,6767.25,7752
1759345800,6767.5,6767.75,6764.5,6766.75,8810
1759346100,6766.75,6767.25,6764.25,6764.5,8587
1759346400,6764.5,6765.25,6763,6763.25,9457
1759346700,6763.25,6767,6762.5,6766.75,9272
1759347000,6766.75,6768,6765,6767.75,8475
1759347300,6767.75,6767.75,6765.25,6765.75,8600
1759347600,6765.5,6767.5,6762.75,6763.25,13240
1759347900,6763,6766.5,6762.25,6765.75,18463
1759348200,6765.75,6767.75,6762.25,6762.5,25686
1759348500,6762.5,6765.25,6760.5,6760.5,88998
1759348800,6760.75,6761.25,6757.25,6758,24908
1759349100,6757.75,6758,6755.5,6756.25,7418
1759349400,6756,6756.75,6755,6755.25,5054
1759411800,6779,6780.25,6773,6776.5,30522
1759412100,6776.75,6779.25,6771.75,6772.5,19810
1759412400,6772.5,6772.5,6763,6764.75,27078
1759412700,6764.5,6770.5,6763,6765.25,24700
1759413000,6765.25,6770.75,6761.75,6769.25,25721
1759413300,6769.25,6769.5,6762.5,6768.5,16666
1759413600,6768.25,6768.5,6763.75,6767.75,17581
1759413900,6767.75,6769.25,6763.25,6763.5,13152
1759414200,6763.5,6764,6758.75,6760.25,20286
1759414500,6760.25,6763,6759,6759.25,15193
1759414800,6759,6761,6757,6759.75,17412
1759415100,6759.75,6764.25,6758.75,6761.5,13841
1759415400,6761.25,6764.75,6756.75,6758.25,16752
1759415700,6758.5,6763.5,6758,6763,11490
1759416000,6763.25,6763.25,6756.25,6757.5,11973
1759416300,6757.75,6758.5,6751.5,6755,19677
1759416600,6755,6755,6750.25,6750.75,13739
1759416900,6750.5,6753.25,6749.75,6749.75,13472
1759417200,6749.75,6751.25,6744.25,6744.75,20940
1759417500,6744.75,6753.25,6744.75,6752.25,18573
1759417800,6752,6755.5,6746.75,6748.25,17667
1759418100,6748.5,6748.75,6745.75,6747.75,11675
1759418400,6747.75,6752.75,6746.5,6751.5,14090
1759418700,6751.5,6753.5,6749.5,6750.75,10811
1759419000,6751,6751,6746.5,6747,12739
1759419300,6747,6748.25,6741.5,6746.75,21589
1759419600,6746.75,6751,6746.75,6747.5,12823
1759419900,6747.5,6749.5,6745.75,6747.75,9239
1759420200,6747.75,6755,6747.75,6754.75,12056
1759420500,6754.75,6758.25,6754.5,6757.5,12538
1759420800,6757.5,6757.5,6754.5,6755,12858
1759421100,6755.25,6755.25,6750.25,6753.5,11662
1759421400,6753.5,6754.75,6751.25,6754.5,7900
1759421700,6754.25,6756.75,6753.75,6756,7853
1759422000,6755.75,6755.75,6752.5,6753.75,8869
1759422300,6753.5,6756.25,6752.5,6755.25,6033
1759422600,6755.5,6756.75,6753.75,6756.5,6131
1759422900,6756.25,6757,6753.25,6754.75,6166
1759423200,6754.5,6754.75,6749.25,6753.25,8930
1759423500,6753.25,6756,6753,6754.75,6582
1759423800,6754.5,6760,6754.5,6759.5,8300
1759424100,6759.5,6759.5,6756.75,6758.25,6891
1759424400,6758.5,6758.5,6753.5,6754.5,8183
1759424700,6754.75,6758,6754.25,6756.25,6017
1759425000,6756.25,6758.75,6755.25,6758.75,4656
1759425300,6758.5,6759.25,6756.75,6757.25,6933
1759425600,6757.25,6760,6756.5,6759.75,5991
1759425900,6759.75,6761.25,6758.25,6759.25,5938
1759426200,6759.25,6760.75,6757.25,6759.75,7758
1759426500,6759.75,6760.75,6758.25,6760.75,4324
1759426800,6760.75,6765,6760.5,6762.5,11967
1759427100,6762.75,6764.25,6760.5,6761.5,10666
1759427400,6761.5,6763.75,6761.25,6762.75,6428
1759427700,6762.75,6763.75,6761.25,6762.75,5757
1759428000,6763,6764.25,6762.5,6764,7336
1759428300,6763.75,6765.75,6763.75,6765.5,6936
1759428600,6765.5,6769.5,6765.25,6768.25,11614
1759428900,6768.25,6769.5,6767.5,6769,7748
1759429200,6769,6770.5,6768.75,6770.25,8249
1759429500,6770.25,6770.75,6768,6770,7270
1759429800,6769.75,6771.5,6768.5,6770,7447
1759430100,6769.75,6770.75,6768.5,6770.75,6208
1759430400,6770.75,6770.75,6767.75,6769.25,5701
1759430700,6769,6769.75,6767,6768.25,5947
1759431000,6768,6769.5,6766,6769.25,7055
1759431300,6769.25,6770,6767.5,6768,5786
1759431600,6767.75,6769.75,6767.5,6769.75,5308
1759431900,6769.75,6770.5,6768,6769.25,6476
1759432200,6769.25,6769.5,6767.75,6768.5,4619
1759432500,6768.5,6768.5,6766.25,6768,8145
1759432800,6768,6769,6767.25,6769,5645
1759433100,6769,6770.25,6768.25,6768.75,6805
1759433400,6768.75,6769,6766.75,6767.5,7292
1759433700,6767.25,6767.75,6764,6766.25,11357
1759434000,6766.25,6766.5,6763.5,6766.25,10472
1759434300,6766.25,6767.75,6765.25,6767.75,9859
1759434600,6767.5,6768.75,6763.75,6764.5,23415
1759434900,6764.75,6768.5,6762.5,6766.75,77831
1759435200,6766.75,6769,6766.5,6767.5,16352
1759435500,6767.25,6768.75,6767.25,6768,3693
1759435800,6768,6768.25,6766.5,6767,2925
1759498200,6772,6780,6771.5,6779,28021
1759498500,6779,6784.75,6776.75,6784.25,15676
1759498800,6784.5,6786,6776.75,6780.75,21194
1759499100,6781,6784.25,6779.5,6783.5,12226
1759499400,6783.5,6788.25,6781.5,6785.25,16031
1759499700,6785.25,6786,6779,6780.25,14659
1759500000,6780.25,6780.75,6771.75,6775.25,24685
1759500300,6775.5,6778.75,6773.5,6777.25,17477
1759500600,6777.25,6781.25,6776.25,6778.75,14522
1759500900,6778.75,6782.75,6778.5,6781.25,12804
1759501200,6781.25,6783.25,6779.5,6782.75,11553
1759501500,6783,6788,6782,6786.75,15148
1759501800,6786.5,6789.25,6785.75,6789,14193
1759502100,6789,6793.5,6788.25,6792.75,16548
1759502400,6792.75,6795.5,6792,6793.5,19048
1759502700,6793.75,6795.25,6791.25,6792.25,18095
1759503000,6792.25,6795.5,6791.25,6795.5,12097
1759503300,6795.25,6795.5,6793,6793.75,11418
1759503600,6794,6794.25,6789.25,6790.5,13808
1759503900,6790.75,6792.5,6789,6790.25,8764
1759504200,6790.25,6791.25,6788.25,6790.75,8498
1759504500,6790.5,6790.75,6788.25,6789.5,6425
1759504800,6789.5,6792.25,6788.5,6792.25,9159
1759505100,6792,6792.5,6788.75,6790.75,13404
1759505400,6790.5,6791.75,6789.5,6790.5,6595
1759505700,6790.5,6793,6789,6789.25,9358
1759506000,6789.5,6790.5,6786,6790.5,13358
1759506300,6790.5,6793,6789.25,6792.75,8508
1759506600,6792.75,6796.25,6792.5,6795.25,9976
1759506900,6795.25,6799.25,6794,6797.75,12907
1759507200,6798,6799,6796.75,6798.75,8583
1759507500,6799,6799.75,6797,6797.25,8727
1759507800,6797.25,6798.5,6795.75,6798.5,7696
1759508100,6798.5,6800,6797.5,6799.25,6374
1759508400,6799.25,6799.5,6796.25,6797,5766
1759508700,6797,6798.25,6795.25,6797.75,5539
1759509000,6797.5,6798.5,6796.75,6798.5,3936
1759509300,6798.5,6798.75,6796,6796.25,4563
1759509600,6796.25,6796.75,6794.5,6796,6949
1759509900,6796,6797.25,6794.75,6795.25,5233
1759510200,6795.5,6795.75,6793,6795.25,8149
1759510500,6795.5,6796.5,6794,6795.25,6640
1759510800,6795.25,6795.5,6778,6782,39772
1759511100,6782,6784.25,6777,6784,32408
1759511400,6784,6790.5,6781.75,6787.5,18392
1759511700,6787.5,6787.5,6780.25,6780.5,15859
1759512000,6780.75,6782,6777.5,6778.5,13886
1759512300,6778.5,6780.5,6776,6776.25,13430
1759512600,6776,6782.5,6773.75,6778.25,18603
1759512900,6778.25,6780,6777,6779.25,9339
1759513200,6779.25,6780,6771.75,6772.75,15462
1759513500,6773,6773.75,6767,6768.75,23353
1759513800,6769,6769.25,6754.25,6754.75,34559
1759514100,6755,6766.75,6754,6764.5,29899
1759514400,6764.5,6766.25,6758.25,6758.75,21112
1759514700,6758.75,6761.5,6755.25,6759.75,18400
1759515000,6759.75,6768.5,6759.25,6765.5,17177
1759515300,6765.5,6772.75,6764.5,6772.5,15789
1759515600,6772.5,6775.75,6770,6774.75,14696
1759515900,6774.75,6779.75,6774.5,6778.25,12088
1759516200,6778.25,6779.5,6768.75,6772.5,21624
1759516500,6772.25,6774,6769.75,6772,10832
1759516800,6772,6774.5,6770,6771.75,9140
1759517100,6772,6772.25,6766.25,6766.75,11428
1759517400,6766.75,6769.5,6765.75,6769,10615
1759517700,6768.75,6772.25,6768.25,6771.5,11061
1759518000,6771.25,6774,6769.25,6770.75,12213
1759518300,6770.5,6772.5,6769,6770.75,8329
1759518600,6771,6775.5,6770.75,6771.25,10440
1759518900,6771.5,6772.75,6769,6770.25,7761
1759519200,6770.25,6771,6766.75,6769,8001
1759519500,6769,6771,6768,6769,6600
1759519800,6769.25,6772.25,6768,6771.25,9971
1759520100,6771,6773.5,6770.25,6773.5,8369
1759520400,6773.25,6775.5,6770.75,6771.25,9636
1759520700,6771.25,6773.5,6770.75,6772.5,11001
1759521000,6772.5,6772.5,6766.75,6768.5,31873
1759521300,6768.5,6768.75,6760.5,6765,89263
1759521600,6765.25,6766.75,6760.5,6761,20357
1759521900,6761,6762.75,6760.25,6760.75,6188
1759522200,6761,6762,6760.25,6761.75,3565
1759757400,6788.5,6788.75,6782,6782.5,30454
1759757700,6782.25,6784.5,6777.5,6779.75,22119
1759758000,6779.75,6782,6773,6775.75,25840
1759758300,6775.5,6781,6774.75,6779.75,20869
1759758600,6779.75,6779.75,6773,6774.75,15595
1759758900,6774.75,6775,6771,6772.5,18054
1759759200,6772.25,6774.25,6767.25,6772.25,24618
1759759500,6772.25,6773,6767.25,6767.75,13559
1759759800,6768,6775.25,6766.5,6775,16662
1759760100,6775.25,6776.75,6773.5,6774.75,13975
1759760400,6775,6778.5,6773,6776,12340
1759760700,6776,6779,6775.5,6777.25,11323
1759761000,6777.25,6779.75,6776.25,6777.25,13571
1759761300,6777.25,6780.5,6776.5,6780,12342
1759761600,6780,6780.25,6773.5,6777,20059
1759761900,6777.25,6780.75,6775.5,6780,11123
1759762200,6780,6780,6776.75,6778.5,9485
1759762500,6778.25,6780,6776.75,6780,6652
1759762800,6779.75,6782.25,6779.25,6782,10563
1759763100,6782.25,6783.75,6781.75,6782.75,11257
1759763400,6782.5,6784.25,6780.75,6781,10435
1759763700,6781,6784,6781,6783.25,8021
1759764000,6783.25,6784.5,6782,6783.5,7002
1759764300,6783.25,6786,6782,6784,8274
1759764600,6784,6786,6782.75,6786,7098
1759764900,6786,6786.5,6784.5,6785.25,6210
1759765200,6785.25,6786.75,6783.75,6786.5,6199
1759765500,6786.5,6789.75,6786.25,6789.25,11522
1759765800,6789.25,6791,6788,6790.25,12494
1759766100,6790.25,6791.75,6789.25,6790.5,8296
1759766400,6790.25,6791.25,6787.5,6789,10322
1759766700,6789,6790.5,6788,6788.25,6385
1759767000,6788.25,6788.5,6785.25,6786.25,9761
1759767300,6786.25,6788.5,6785.5,6787,8004
1759767600,6787.25,6789.5,6786.25,6789.5,5733
1759767900,6789.5,6791.25,6788.75,6790.75,5358
1759768200,6790.75,6791,6787.5,6788,5755
1759768500,6787.75,6788.5,6786.5,6787.5,5885
1759768800,6787.5,6788.25,6786,6788,6088
1759769100,6788,6790.25,6787.75,6788,5201
1759769400,6788.25,6789.75,6787.25,6789.25,4464
1759769700,6789.25,6790,6788.25,6789.75,4049
1759770000,6789.75,6790,6787.75,6788.75,5239
1759770300,6788.75,6789,6786.75,6787,4527
1759770600,6787.25,6788.25,6785.75,6788.25,5563
1759770900,6788,6789.25,6786.5,6788.75,5626
1759771200,6788.75,6795.25,6788.75,6795,14151
1759771500,6795,6796,6792.5,6793.5,11000
1759771800,6793.5,6794.75,6792.25,6793,7819
1759772100,6792.75,6794,6791,6793.75,8945
1759772400,6793.75,6794.75,6790.5,6791,7751
1759772700,6790.75,6794,6790.5,6793.75,10212
1759773000,6793.75,6795.75,6793.25,6795,5469
1759773300,6794.75,6796,6794.25,6795.25,4052
1759773600,6795,6797.25,6793.25,6796.25,7449
1759773900,6796.5,6797,6793.75,6794.25,6893
1759774200,6794.25,6796.25,6793.5,6794.25,5093
1759774500,6794.5,6795,6793.5,6794,5073
1759774800,6794,6795,6792.75,6794.75,5012
1759775100,6794.75,6796.25,6794.5,6794.75,5822
1759775400,6794.75,6797.25,6794.75,6796.5,8026
1759775700,6796.25,6797.75,6794.75,6795,6083
1759776000,6795,6795.25,6793.25,6794,7515
1759776300,6794,6795.75,6793.5,6794.5,4398
1759776600,6794.5,6795.75,6794,6795.5,3936
1759776900,6795.25,6795.75,6792.25,6793.5,7369
1759777200,6793.25,6793.75,6791.5,6791.75,6589
1759777500,6791.75,6793.5,6791.25,6793.25,5514
1759777800,6793,6793.75,6792,6792.5,5620
1759778100,6792.75,6793,6790.25,6791,8156
1759778400,6791,6791,6788.5,6789.25,8339
1759778700,6789.25,6791.5,6789,6789.75,7730
1759779000,6789.5,6790.5,6788.25,6790,7843
1759779300,6790,6791.5,6788.75,6791,7860
1759779600,6791,6791.75,6789,6790.75,14365
1759779900,6790.5,6791.25,6788.5,6790.75,11453
1759780200,6790.75,6793.5,6790.75,6791.5,22980
1759780500,6791.75,6792.25,6788,6788.5,64822
1759780800,6788.5,6790.25,6787,6789.5,23751
1759781100,6789.5,6789.75,6788.5,6789,6006
1759781400,6789.25,6789.5,6788,6789,4979
1759843800,6797.25,6801.75,6793.5,6801,32194
1759844100,6801.25,6801.5,6798,6799,16514
1759844400,6799.25,6801,6796,6798,13746
1759844700,6797.75,6798.25,6794,6795.25,15334
1759845000,6795.25,6797,6792.5,6796.5,15193
1759845300,6796.5,6799.25,6793.25,6793.75,13939
1759845600,6794,6795,6789.5,6789.75,19919
1759845900,6789.75,6793,6789,6792.5,13554
1759846200,6792.5,6795.25,6790.5,6791,12571
1759846500,6791.25,6793.25,6790.25,6791.5,9871
1759846800,6791.75,6792,6788.25,6789,9593
1759847100,6788.75,6789,6783.75,6784.25,18300
1759847400,6784,6788.75,6783.75,6786,16949
1759847700,6786,6786,6779.25,6781.75,22808
1759848000,6781.75,6784.75,6780.5,6781.5,13715
1759848300,6781.5,6784.5,6780,6781,13323
1759848600,6781,6782.75,6779.25,6781.5,11813
1759848900,6781.25,6782.5,6776.75,6780.25,15904
1759849200,6780.5,6782.25,6773.25,6774.75,24416
1759849500,6774.75,6775,6759,6760,60472
1759849800,6760,6768.75,6759.25,6766.25,38369
1759850100,6766,6770.5,6762.75,6766,26812
1759850400,6766,6771.75,6765,6768,17801
1759850700,6768.25,6769.75,6761,6763.75,21793
1759851000,6763.5,6765,6758.5,6760.75,23250
1759851300,6761,6763.25,6751,6756,29535
1759851600,6755.75,6763,6751.75,6756,30339
1759851900,6756.25,6756.25,6747.75,6750.75,25163
1759852200,6750.75,6754,6747.25,6748.25,24116
1759852500,6748.25,6754,6748,6753,17058
1759852800,6753,6759,6752.5,6757,19639
1759853100,6756.75,6758.25,6749.25,6752,21947
1759853400,6752,6754.5,6749,6750,12937
1759853700,6749.75,6753.25,6747.25,6747.75,12008
1759854000,6748,6753.25,6747.25,6751.75,11587
1759854300,6751.75,6758.75,6751.5,6754.5,16608
1759854600,6754.5,6762.75,6754.25,6762.5,15516
1759854900,6762.5,6766.25,6760.75,6764,11888
1759855200,6764,6765.75,6760.25,6762,11252
1759855500,6762,6762.75,6754.75,6755,12549
1759855800,6755,6758.25,6753.25,6754.5,12723
1759856100,6754.25,6756.75,6752,6754.5,10977
1759856400,6754.25,6761.25,6752.5,6760.75,10086
1759856700,6760.5,6761.75,6756.25,6761.5,10130
1759857000,6761.5,6764.75,6757.75,6761.75,13357
1759857300,6762,6763.5,6759,6761.25,6897
1759857600,6761,6763.5,6760.25,6762.5,5689
1759857900,6762.75,6762.75,6758,6760.75,7573
1759858200,6760.5,6760.5,6756,6756.25,7658
1759858500,6756,6758.5,6753.75,6757.5,8757
1759858800,6757.5,6760,6755,6759.75,6502
1759859100,6760,6762.5,6758.75,6762.25,7389
1759859400,6762,6762.25,6755.25,6756,10262
1759859700,6756,6756.5,6753.25,6753.75,7467
1759860000,6754,6754.25,6748.5,6750.75,17503
1759860300,6750.5,6754.75,6750,6752.5,10824
1759860600,6752.75,6759.75,6752.25,6756.5,11057
1759860900,6756.5,6758.25,6753.75,6755.5,9145
1759861200,6755.5,6759,6755,6758.5,7528
1759861500,6758.5,6759,6755.5,6756.75,7717
1759861800,6757,6760,6756,6759,7826
1759862100,6758.75,6760.5,6758,6760,7369
1759862400,6760.25,6760.25,6756.75,6758.75,6944
1759862700,6758.5,6759.75,6756.75,6758.75,5317
1759863000,6758.75,6760.5,6757.25,6760.5,5325
1759863300,6760.5,6761.5,6759,6761.25,8434
1759863600,6761.25,6762,6758.75,6759,8998
1759863900,6759,6759.25,6756.25,6758.75,9947
1759864200,6758.5,6759,6756,6757.5,8631
1759864500,6757.5,6759,6756,6757,8176
1759864800,6757,6758.25,6755.75,6758,6841
1759865100,6758,6758.5,6756,6756.5,5558
1759865400,6756.5,6759,6756,6758.5,7115
1759865700,6758.25,6761.25,6757.75,6759,10793
1759866000,6759.25,6764.25,6758.75,6764.25,12683
1759866300,6764.25,6765,6762,6764,16683
1759866600,6764,6765.25,6762,6763.75,17196
1759866900,6764,6764.75,6758,6762.5,71203
1759867200,6762.75,6767,6762.25,6765,23193
1759867500,6765,6767.75,6764.75,6766.75,6060
1759867800,6766.75,6767.25,6766,6766.25,4349
1759930200,6773.25,6775,6769.25,6770.25,31876
1759930500,6770.25,6770.5,6766,6770.25,18469
1759930800,6770.5,6770.5,6764.5,6767.75,15971
1759931100,6767.5,6776.5,6766.75,6774.5,21270
1759931400,6774.5,6775,6769.25,6772.75,16965
1759931700,6772.75,6776.25,6771.25,6773.5,13949
1759932000,6773.5,6784.25,6773.5,6783.75,29561
1759932300,6783.75,6787.5,6783,6785.75,17208
1759932600,6786,6790.75,6785.5,6788.75,18998
1759932900,6788.75,6790.25,6786,6788.25,15479
1759933200,6788.25,6788.25,6782.75,6786.75,14414
1759933500,6786.75,6790.25,6785.25,6790.25,11739
1759933800,6790,6793,6789.25,6791,16202
1759934100,6791,6791.5,6788,6791,10568
1759934400,6790.75,6791,6787,6788.25,11807
1759934700,6788.25,6790,6786.25,6788.25,12406
1759935000,6788.5,6789,6784.75,6787,11622
1759935300,6787,6789.25,6784.5,6789,10538
1759935600,6789,6791.25,6788,6790.25,17794
1759935900,6790.25,6790.75,6789.25,6790.5,6448
1759936200,6790.75,6793.75,6790.5,6792.5,9714
1759936500,6792.75,6794,6791.25,6792.25,9144
1759936800,6792.25,6795,6791.5,6794.75,6034
1759937100,6794.75,6798.75,6794.5,6796.75,17243
1759937400,6796.75,6797,6794.75,6796,9098
1759937700,6796,6797.75,6795.5,6796.75,6818
1759938000,6796.75,6798,6795.5,6796.75,5089
1759938300,6796.5,6798.25,6796.25,6798,4644
1759938600,6798,6801.25,6798,6800.5,12584
1759938900,6800.75,6801.25,6798.75,6799.5,7295
1759939200,6799.5,6799.75,6797.75,6798.25,6923
1759939500,6798.25,6799.75,6797.5,6798.5,6117
1759939800,6798.75,6801.5,6798.75,6801,5666
1759940100,6801,6802.75,6799.75,6801.25,8030
1759940400,6801.5,6801.5,6799.5,6800.5,6513
1759940700,6800.5,6800.5,6797,6798.25,7066
1759941000,6798,6799.5,6796.75,6799.25,5939
1759941300,6799.25,6799.25,6797.25,6797.5,3806
1759941600,6797.5,6797.75,6796,6797,4450
1759941900,6797,6797,6794.25,6794.5,6891
1759942200,6794.5,6796.25,6793.75,6794.25,8569
1759942500,6794.25,6798.75,6794,6798.75,6624
1759942800,6798.5,6799.75,6797.75,6798.75,5416
1759943100,6798.75,6798.75,6796.25,6797.25,4698
1759943400,6797.25,6798.75,6795.75,6798.25,5048
1759943700,6798.25,6801,6798,6799.25,6214
1759944000,6799.5,6800.75,6799.25,6800.5,4382
1759944300,6800.75,6801.75,6799.25,6800.25,5653
1759944600,6800.5,6801.25,6799.5,6800.25,4945
1759944900,6800.25,6800.5,6799,6799,3821
1759945200,6799.25,6799.25,6797.5,6797.5,4644
1759945500,6797.75,6801.25,6797.25,6800.75,6246
1759945800,6800.75,6800.75,6798,6798.5,4849
1759946100,6798.5,6798.5,6796.5,6797.75,4149
1759946400,6797.75,6800,6796.25,6799.25,8299
1759946700,6799.25,6800.25,6796.5,6800,6815
1759947000,6799.75,6802.5,6798.75,6801.25,7378
1759947300,6801,6802.5,6800,6802.25,8110
1759947600,6802.25,6802.75,6800,6801.25,5907
1759947900,6801.5,6802,6798.75,6799.25,7475
1759948200,6799.25,6800,6798,6799.25,6365
1759948500,6799.5,6799.75,6797.75,6797.75,6253
1759948800,6797.75,6798.25,6795,6795,8371
1759949100,6795,6796,6792.75,6793,9834
1759949400,6793,6795.75,6793,6793.25,7611
1759949700,6793.5,6794.5,6792.5,6793.5,7704
1759950000,6793.25,6796.25,6792.25,6796,8655
1759950300,6796,6797,6793.75,6795,7304
1759950600,6795,6797.5,6794.75,6797.5,6357
1759950900,6797.5,6800.25,6797.25,6800.25,8930
1759951200,6800.25,6801,6799,6799.75,8495
1759951500,6799.75,6801.25,6799.25,6799.75,6983
1759951800,6799.75,6801,6799,6799.5,7073
1759952100,6799.75,6800,6798.25,6799.5,9856
1759952400,6799.5,6799.5,6797.75,6798.75,7880
1759952700,6798.5,6800,6797.75,6800,10354
1759953000,6800,6803.25,6799.25,6802,31083
1759953300,6801.75,6802.5,6799.75,6802,66004
1759953600,6801.75,6803,6800,6802,20329
1759953900,6802,6803.5,6802,6802.25,6179
1759954200,6802.25,6803.25,6802,6803.25,2981
1760016600,6805.5,6809.5,6802.25,6803.25,31990
1760016900,6803.25,6805.75,6802,6805.25,14303
1760017200,6805.25,6806,6796.25,6797,20874
1760017500,6797,6800,6793.75,6799.25,20823
1760017800,6799.25,6800.75,6787.75,6788,28483
1760018100,6788,6792.25,6785.25,6789,23474
1760018400,6788.75,6790.25,6783.75,6789.25,25001
1760018700,6789,6792,6787.25,6788.25,20625
1760019000,6788.5,6792,6787.5,6789.25,13160
1760019300,6789.5,6789.5,6784.75,6786.5,15724
1760019600,6786.5,6786.75,6780.5,6784.75,19002
1760019900,6784.75,6785,6781,6781.5,12171
1760020200,6781.75,6781.75,6775.25,6776.25,23061
1760020500,6776.5,6777.5,6772,6773.25,23317
1760020800,6773.25,6777.5,6771.5,6771.5,19881
1760021100,6771.75,6778.25,6768.5,6778.25,27121
1760021400,6778.25,6780.75,6777.5,6779,18497
1760021700,6778.75,6784.5,6778.25,6782.75,15422
1760022000,6782.75,6786,6781.75,6784,15648
1760022300,6783.75,6785.75,6781,6785.25,11779
1760022600,6785.25,6785.25,6782,6784.5,10003
1760022900,6784.25,6788,6784.25,6785.5,12922
1760023200,6785.5,6786,6779.25,6780.5,12923
1760023500,6780.25,6781.75,6776,6776.75,13609
1760023800,6776.75,6778,6771,6772.25,16551
1760024100,6772.25,6777.75,6769,6774.75,17367
1760024400,6774.75,6774.75,6771.75,6773.25,12621
1760024700,6773.5,6780.75,6772.75,6780.5,14943
1760025000,6780.75,6784,6780.25,6782.75,12075
1760025300,6783,6784.25,6781.75,6782.25,6881
1760025600,6782.5,6785.25,6782.5,6783.75,9299
1760025900,6783.75,6784.75,6779.75,6781.75,9025
1760026200,6781.5,6783.25,6780,6780.75,7900
1760026500,6780.75,6783.25,6778.5,6779.75,7798
1760026800,6780,6780.25,6774.5,6778.75,10042
1760027100,6778.75,6780.5,6776.5,6779,10469
1760027400,6778.75,6780,6777.25,6778.75,9113
1760027700,6778.75,6780,6776.75,6777.75,8549
1760028000,6777.75,6778,6770.75,6775.75,17019
1760028300,6775.5,6780,6774.75,6779.5,10035
1760028600,6779.5,6780.5,6772.5,6772.75,12341
1760028900,6772.5,6773,6765.5,6767,21833
1760029200,6767,6770.5,6765,6767,19768
1760029500,6766.75,6772.75,6763.25,6771.25,16336
1760029800,6771,6771.5,6765.75,6767.25,14072
1760030100,6767.25,6768.75,6762.5,6765.75,15376
1760030400,6765.5,6770,6764.75,6765.5,12195
1760030700,6765.5,6766.75,6762,6763.5,13655
1760031000,6763.25,6766.75,6760.75,6765.25,15944
1760031300,6765.5,6770.75,6762.5,6770,13651
1760031600,6770.25,6772.5,6766.25,6769,11945
1760031900,6769,6771.5,6767,6771.25,9283
1760032200,6771.25,6772.75,6768.5,6769.5,10381
1760032500,6769.5,6771.25,6768.25,6770.75,8264
1760032800,6770.75,6771.25,6765.5,6766,11111
1760033100,6766,6766.5,6762.25,6765,12572
1760033400,6765,6768.25,6764.5,6766.5,8297
1760033700,6766.5,6771.5,6765.75,6770.25,9774
1760034000,6770.25,6771,6767.75,6770,6946
1760034300,6770.25,6772.25,6766.5,6767,8889
1760034600,6767,6767.75,6764.25,6766.25,8557
1760034900,6766.25,6767.5,6765.5,6766.5,5709
1760035200,6766.5,6768.75,6765.25,6766.75,6431
1760035500,6766.75,6767.5,6764.5,6766,6632
1760035800,6765.75,6767.75,6764,6765.75,7118
1760036100,6765.5,6769.75,6764.75,6767.75,8342
1760036400,6767.75,6769.75,6767,6768.25,8230
1760036700,6768.5,6771.5,6768,6770.75,7463
1760037000,6770.75,6773.75,6769.75,6771.25,11235
1760037300,6771.25,6774,6769.5,6773.75,16817
1760037600,6773.5,6775.75,6773.25,6775.5,13728
1760037900,6775.5,6776,6773.5,6774.75,8867
1760038200,6774.5,6775.75,6773.75,6775.25,7609
1760038500,6775.25,6779.5,6774.75,6777.75,11169
1760038800,6777.5,6779.25,6776.25,6779,10772
1760039100,6779,6781,6777.5,6779.5,16034
1760039400,6779.5,6782,6778.25,6780.75,21529
1760039700,6780.75,6781.5,6774.5,6781.25,78044
1760040000,6781.25,6782.5,6779.75,6780.5,23300
1760040300,6780.75,6781.75,6780,6780.75,4971
1760040600,6780.75,6781,6778.25,6778.75,3993
1760103000,6788,6794.5,6785,6791.25,32726
1760103300,6791.5,6802.25,6790.75,6801.25,25771
1760103600,6801.5,6803.25,6798.5,6802.25,21874
1760103900,6802.5,6806.5,6796.25,6797.75,28987
1760104200,6797.75,6797.75,6791.5,6792.5,29705
1760104500,6792.25,6799.25,6791,6797,16506
1760104800,6796.75,6800.25,6787.75,6791.75,25441
1760105100,6792,6798.5,6789.25,6797,19693
1760105400,6797,6797.5,6790.75,6791.75,13717
1760105700,6791.75,6792,6784.25,6789.25,25306
1760106000,6789.25,6794,6789,6793,15292
1760106300,6793,6797.75,6791.25,6792,18036
1760106600,6792.25,6795.25,6791.25,6793.5,14028
1760106900,6793.25,6794.75,6789,6791.75,12193
1760107200,6791.75,6792.75,6787.75,6792,13107
1760107500,6792.25,6797.5,6791.75,6796.75,12923
1760107800,6796.75,6797.5,6792.75,6795.5,9884
1760108100,6795.5,6797,6742.5,6757.75,72139
1760108400,6757.5,6757.75,6716.75,6725.5,94129
1760108700,6725.5,6741.5,6717.75,6722.25,60056
1760109000,6722.5,6748,6721.5,6742.75,44911
1760109300,6742.5,6747,6712,6721.25,40710
1760109600,6721.5,6726.5,6692,6693.5,56743
1760109900,6693.25,6707.5,6684,6689,54215
1760110200,6689.25,6689.75,6660.25,6670.75,66598
1760110500,6670.5,6683.25,6667.75,6668.5,51182
1760110800,6668.75,6696.5,6659,6695.25,53074
1760111100,6695.25,6701.75,6682.75,6691.5,46826
1760111400,6691.5,6705.5,6689,6694.75,34924
1760111700,6694.75,6694.75,6672,6682.75,36461
1760112000,6682.5,6683,6666.5,6672.75,33360
1760112300,6672.75,6681,6667.75,6676.5,26456
1760112600,6676.5,6686.25,6668.5,6683.75,29239
1760112900,6684,6686.5,6669.75,6676.75,24072
1760113200,6677,6691.5,6669.5,6683.5,31089
1760113500,6683.5,6687.25,6678,6680,16087
1760113800,6680,6692.25,6678.5,6680.5,21833
1760114100,6680.25,6688,6675,6682.25,18875
1760114400,6682,6685,6669.25,6671.75,18239
1760114700,6671.5,6676.5,6661.25,6662,25501
1760115000,6662,6663.5,6653.75,6658,29635
1760115300,6658,6662,6653.25,6655.25,21494
1760115600,6655.25,6660.25,6644.25,6646.5,27134
1760115900,6646.5,6648.75,6642.25,6644,21837
1760116200,6643.75,6656.5,6641.5,6645.5,28423
1760116500,6645.75,6656.25,6643.75,6650.5,18841
1760116800,6650.75,6659.25,6644.75,6654.25,16757
1760117100,6654.5,6663.5,6652,6662,19330
1760117400,6661.75,6667.5,6657.25,6666.75,17999
1760117700,6666.5,6673.5,6663.5,6665.25,22148
1760118000,6665,6671.25,6661,6662,14426
1760118300,6661.75,6665,6651.25,6661.5,20797
1760118600,6661.5,6662.25,6652.25,6653.25,14281
1760118900,6653.25,6660.5,6651.5,6660,11941
1760119200,6660,6661.25,6650.25,6654,14224
1760119500,6654,6658.5,6651,6653,12501
1760119800,6653,6660,6650.75,6659.25,10419
1760120100,6659.25,6663,6650.75,6654.75,15387
1760120400,6654.75,6664.75,6654.75,6663.5,14067
1760120700,6663.25,6665,6654.25,6654.75,9221
1760121000,6654.75,6659.25,6649.75,6650,12868
1760121300,6650,6652.25,6647.5,6649,14041
1760121600,6648.75,6651,6642.25,6643,13169
1760121900,6642.75,6649,6637.75,6641,17710
1760122200,6640.75,6642.25,6631.5,6632.5,19844
1760122500,6632.25,6640.5,6631.5,6635.75,16316
1760122800,6635.75,6646.25,6634.5,6640,23021
1760123100,6640,6641.75,6634.75,6635.5,14369
1760123400,6635.25,6636.75,6626.75,6629,16047
1760123700,6629,6636,6627.25,6634,17302
1760124000,6634,6636.5,6626,6626.5,17859
1760124300,6626.75,6630.5,6618.5,6623.5,25646
1760124600,6623.5,6627,6617.75,6619,22006
1760124900,6619,6619.25,6603.75,6605.5,32739
1760125200,6605.25,6624.5,6604.75,6624.25,39016
1760125500,6624.5,6632,6620.5,6623.25,35757
1760125800,6623.5,6625.25,6599.75,6600.25,53224
1760126100,6600,6600.25,6591.75,6595,125674
1760126400,6595.25,6600.75,6589.5,6600.5,47192
1760126700,6600.5,6604.25,6595.25,6599,16234
1760127000,6599.25,6607,6599,6605,10164
1760362200,6670.25,6681,6669.25,6671,45386
1760362500,6671.25,6673.75,6661.75,6670.25,40804
1760362800,6670,6679.75,6663.5,6675.25,32241
1760363100,6675.25,6679,6667.5,6675.75,32439
1760363400,6675.75,6685.5,6672.75,6680.75,26606
1760363700,6680.5,6694.75,6679.5,6693.25,26321
1760364000,6693.25,6697,6685,6695,37285
1760364300,6695,6695.5,6687.5,6691.25,29413
1760364600,6691.25,6691.75,6683.75,6686.5,24169
1760364900,6686.5,6692.25,6684.5,6684.75,19540
1760365200,6685,6686.5,6668,6677,31446
1760365500,6677,6677,6665.25,6672.75,24471
1760365800,6673,6680.75,6665.75,6680.5,21770
1760366100,6680.5,6689.25,6679.75,6687,17742
1760366400,6686.75,6689.25,6677,6679.5,17067
1760366700,6679.25,6683.25,6672.75,6673.75,21027
1760367000,6673.5,6676,6667.5,6671,17683
1760367300,6671,6671,6663.5,6666.5,18021
1760367600,6666.5,6670.5,6663,6665.75,22325
1760367900,6666,6671.75,6661.75,6671.25,17565
1760368200,6671.5,6680.75,6671,6678.75,15559
1760368500,6678.75,6687.5,6678.25,6687.5,14030
1760368800,6687.5,6693.25,6687,6688.5,17014
1760369100,6688.5,6693,6687.5,6691.75,13863
1760369400,6692,6696.75,6691,6695,15527
1760369700,6695,6696.5,6691.75,6692,10500
1760370000,6692.25,6693.25,6687,6687.5,13007
1760370300,6687.75,6693.75,6687,6693.25,11239
1760370600,6693.5,6695,6689.75,6693.25,8668
1760370900,6693.5,6696.5,6692.25,6694.25,7160
1760371200,6694.5,6696,6692,6695.25,10029
1760371500,6695.25,6699,6691.5,6696.25,11727
1760371800,6696.25,6699.5,6694.25,6698.5,9142
1760372100,6698.75,6702.75,6698.5,6701.75,11679
1760372400,6701.5,6705.25,6691,6700.25,37334
1760372700,6700.25,6702.5,6697.5,6699.75,9794
1760373000,6699.75,6704,6698.75,6702.25,7248
1760373300,6702.25,6703,6697.25,6699,7933
1760373600,6699,6699.5,6695,6697.75,9220
1760373900,6697.75,6702.25,6695.25,6701.5,11325
1760374200,6701.5,6703.25,6699.75,6702.75,8809
1760374500,6703,6708.75,6702.5,6707.5,13179
1760374800,6707.5,6711.5,6706.25,6710,13154
1760375100,6709.75,6710.25,6707.25,6707.5,9238
1760375400,6707.75,6708.25,6698.5,6700,13950
1760375700,6699.75,6701.25,6693.75,6696.75,11103
1760376000,6696.75,6702.75,6695.25,6698.25,9942
1760376300,6698.25,6698.25,6694.25,6696,7468
1760376600,6696.25,6698.25,6693.75,6694.25,11510
1760376900,6694.25,6697,6693,6694.25,6957
1760377200,6694,6695.75,6691.25,6691.75,9171
1760377500,6691.75,6694.5,6691,6692,11864
1760377800,6691.75,6693.75,6688.25,6693.5,11552
1760378100,6693.5,6697.5,6689.5,6697.25,10520
1760378400,6697,6700.75,6696.25,6698.5,8971
1760378700,6698.75,6701,6698,6700,6182
1760379000,6700.25,6702.25,6698,6699,7860
1760379300,6699,6701.75,6699,6699.5,5620
1760379600,6699.5,6705.25,6699.5,6704.5,6992
1760379900,6704.25,6705.5,6702.75,6704.25,6391
1760380200,6704.25,6707.75,6702.25,6703.25,9910
1760380500,6703.25,6704,6697.25,6698.75,9208
1760380800,6698.75,6699.75,6691.5,6695,10964
1760381100,6695.25,6695.5,6690.75,6692.25,8816
1760381400,6692.5,6695,6686.25,6687.75,13046
1760381700,6687.75,6688.25,6683,6685.5,12087
1760382000,6685.75,6688.25,6681.5,6684,15820
1760382300,6684,6690.5,6683,6689,10467
1760382600,6689,6691.5,6685,6686,10401
1760382900,6686,6693.75,6685.25,6692.75,11157
1760383200,6692.75,6698.25,6692.5,6696,12756
1760383500,6696.25,6697,6691.25,6693,10636
1760383800,6692.75,6695.25,6691.25,6694.75,8894
1760384100,6695,6696.75,6693,6696,9595
1760384400,6696,6700.25,6695.75,6698.75,12649
1760384700,6698.5,6699.25,6693.5,6694.5,13544
1760385000,6694.25,6700.75,6692,6699.75,23607
1760385300,6699.5,6700.75,6693.75,6694.5,70460
1760385600,6694.5,6696,6691.75,6692.25,24762
1760385900,6692.5,6694,6691.5,6693.5,6776
1760386200,6693.75,6694,6692,6692.25,4216
1760448600,6634,6636.5,6621.25,6621.5,47598
1760448900,6621.75,6621.75,6606,6614.75,44910
1760449200,6614.75,6617,6594.75,6599.75,53795
1760449500,6599.5,6614.25,6593.25,6607,45266
1760449800,6607,6623.25,6603,6622.25,34236
1760450100,6622.25,6632,6622,6630.5,26670
1760450400,6630.25,6639.75,6627,6638,28167
1760450700,6638,6641.5,6632.75,6634.25,25555
1760451000,6634.5,6646.5,6634.5,6645,23293
1760451300,6644.75,6649,6640.25,6647.75,29502
1760451600,6647.75,6656.25,6646.5,6654.75,28573
1760451900,6654.75,6661.75,6654.25,6660.5,21605
1760452200,6660.5,6661.5,6653,6657.25,24961
1760452500,6657.25,6665,6657,6662.75,19291
1760452800,6662.75,6665.75,6660.5,6660.75,15748
1760453100,6660.75,6666.25,6658,6663.5,20339
1760453400,6663.75,6664.75,6654.25,6661.25,22763
1760453700,6661.25,6662.5,6654.5,6660.25,16847
1760454000,6660.25,6670,6660.25,6669.5,18835
1760454300,6669.5,6674.25,6664.25,6665,20541
1760454600,6665,6668.25,6661.5,6664,14764
1760454900,6664.25,6665.75,6657.75,6659.5,14487
1760455200,6659.75,6667.5,6658.75,6667.5,11690
1760455500,6667.5,6667.75,6658.25,6659.5,14735
1760455800,6659.75,6666,6659.25,6664.75,13848
1760456100,6665,6675.75,6662,6664.75,32061
1760456400,6664.75,6678.5,6661.5,6676,26747
1760456700,6676,6684.75,6676,6684.5,16062
1760457000,6684.5,6694.25,6683.75,6690.75,19936
1760457300,6690.75,6691.25,6685,6687.5,14745
1760457600,6687.5,6689.75,6682,6684.25,15605
1760457900,6684.25,6685.5,6677.75,6678.5,13186
1760458200,6678.5,6685,6678.5,6684,12479
1760458500,6684.25,6692.5,6683.25,6691.25,14424
1760458800,6691.25,6703.25,6691,6696.25,29751
1760459100,6696.25,6701.75,6695,6700,12231
1760459400,6700,6705.75,6699.25,6704,17278
1760459700,6704,6708.5,6702.25,6704.5,13814
1760460000,6704.5,6711,6704.5,6709.75,12725
1760460300,6709.75,6717.25,6709.75,6714.75,21217
1760460600,6714.5,6720.25,6713,6715.25,22565
1760460900,6715,6715.25,6707.25,6707.5,23950
1760461200,6707.5,6709.75,6700,6708.75,21259
1760461500,6708.75,6713.75,6708.75,6712,12723
1760461800,6712,6716.75,6711.5,6713,11530
1760462100,6713,6715.25,6709.5,6710.75,10739
1760462400,6711,6716.75,6711,6716,9506
1760462700,6716,6720,6715.5,6717.5,13046
1760463000,6717.5,6719.25,6709.25,6710.75,18167
1760463300,6710.75,6711.75,6708,6710.5,14330
1760463600,6710.5,6717.5,6710.25,6717.5,12950
1760463900,6717.25,6720.5,6715,6719,12320
1760464200,6718.75,6722.5,6715.75,6717.5,11981
1760464500,6717.5,6718,6714,6715.25,8744
1760464800,6715.5,6717,6711.25,6713,11679
1760465100,6713,6713.5,6710.25,6712.25,9978
1760465400,6712.25,6717.75,6711.5,6714.5,12352
1760465700,6714.5,6717,6713,6714.25,9215
1760466000,6714.5,6715,6709.75,6712.75,10818
1760466300,6712.75,6717.25,6709.75,6715,11284
1760466600,6715,6717.5,6713.75,6714,12737
1760466900,6714,6715,6708.75,6709.25,10280
1760467200,6709.25,6711.75,6708.25,6711.25,12541
1760467500,6711,6714,6710,6713.75,10947
1760467800,6713.75,6716,6712.25,6714.75,9959
1760468100,6714.75,6715.25,6711.25,6713,9333
1760468400,6713,6717.5,6713,6714.5,12209
1760468700,6714.5,6717,6712.25,6712.75,9971
1760469000,6712.75,6715.25,6710.25,6711.75,9216
1760469300,6711.75,6715,6711.25,6712.5,9093
1760469600,6712.75,6716.5,6712.5,6715.25,8652
1760469900,6715.25,6717,6711.25,6711.5,13093
1760470200,6711.5,6711.75,6706,6706.5,19761
1760470500,6706.5,6707.75,6676.75,6694,89770
1760470800,6693.75,6694.75,6667.75,6672.5,54211
1760471100,6672.25,6681.5,6666,6678.25,34922
1760471400,6678,6687.25,6673.5,6683.5,34726
1760471700,6683.5,6690,6679.5,6686,92251
1760472000,6685.75,6693.75,6684.5,6688,27516
1760472300,6687.75,6688.25,6675,6675.5,9300
1760472600,6675.5,6681.5,6674.75,6680.25,6786
1760535000,6732,6735.5,6726,6729.25,38096
1760535300,6729.25,6738.5,6728.25,6730.25,24926
1760535600,6730.25,6740.25,6730,6735.5,25750
1760535900,6735.75,6742.5,6724.25,6727.25,38720
1760536200,6727.5,6741.75,6725.25,6739.75,28568
1760536500,6739.5,6750,6739.25,6747,32492
1760536800,6747,6754,6746.75,6753.75,24991
1760537100,6753.5,6764.75,6753.25,6764,32228
1760537400,6764.25,6766.75,6758,6758.75,25661
1760537700,6759,6762.5,6756,6759,17393
1760538000,6759.25,6764.25,6757.5,6762.75,14518
1760538300,6762.75,6763.75,6758,6760.25,15646
1760538600,6760.25,6763.25,6757.25,6757.75,14083
1760538900,6757.75,6760,6754.25,6755,14264
1760539200,6754.75,6757.75,6752.25,6755.75,15418
1760539500,6755.75,6757,6751.75,6752.5,13205
1760539800,6752.75,6754.5,6750.25,6751.75,14242
1760540100,6751.75,6757,6750.25,6754.25,14262
1760540400,6754.25,6755.75,6749.25,6751,16626
1760540700,6751,6752.75,6748.5,6749.75,14156
1760541000,6749.75,6750.25,6742.75,6747,19412
1760541300,6747,6748.75,6741.25,6742.25,16311
1760541600,6742.25,6745.5,6740.5,6743.5,17587
1760541900,6743.25,6747.75,6740,6740.75,21897
1760542200,6741,6742.25,6728.5,6731.5,30247
1760542500,6731.25,6731.75,6722,6727,43317
1760542800,6727.25,6727.5,6713.5,6719.25,36843
1760543100,6719.25,6719.75,6709.25,6711.5,29963
1760543400,6711.25,6712,6702,6708.75,39606
1760543700,6708.5,6717.75,6707.75,6715.5,28553
1760544000,6715.25,6723.25,6713.75,6716.5,23599
1760544300,6716.75,6723.75,6712,6721.25,21354
1760544600,6721.25,6722,6715.25,6719,16865
1760544900,6719,6722.25,6713,6715.25,18483
1760545200,6715.5,6721,6714.25,6719.75,15653
1760545500,6719.75,6727.5,6717.5,6719,17757
1760545800,6718.75,6720.75,6712.75,6713.25,14317
1760546100,6713.25,6720.75,6711.25,6715.75,13820
1760546400,6715.75,6717,6710.5,6713.75,11247
1760546700,6713.75,6714,6705.25,6709,14907
1760547000,6709.25,6709.25,6702.5,6704.75,14557
1760547300,6704.75,6709,6702,6703.75,16624
1760547600,6703.75,6704.25,6688.25,6692.5,30177
1760547900,6692.75,6693.75,6677,6680.5,26813
1760548200,6680.5,6681.25,6661,6661.5,43170
1760548500,6661.25,6672.5,6651.5,6668,47353
1760548800,6668,6676.5,6662.75,6674.25,29441
1760549100,6674.25,6682,6668.5,6671.25,25686
1760549400,6671.25,6681.75,6669.25,6679.5,22153
1760549700,6679.5,6688.5,6679.25,6687,20354
1760550000,6686.75,6692.75,6684.5,6692,15966
1760550300,6692,6700,6691.75,6699.5,20532
1760550600,6699.75,6705.5,6699.5,6704.75,17314
1760550900,6704.75,6708,6699.25,6706,14981
1760551200,6706,6708.75,6697.25,6700.25,19394
1760551500,6700.25,6705.25,6699.25,6704.25,13487
1760551800,6704.25,6708.5,6700.5,6706.25,11621
1760552100,6706,6710.75,6705,6706.25,12181
1760552400,6706,6711.75,6705,6707.5,10501
1760552700,6707.5,6710.25,6705.25,6706.25,10693
1760553000,6706.25,6712.75,6704.75,6711.75,13136
1760553300,6711.5,6713,6709.5,6712,10935
1760553600,6712,6717.75,6711.75,6713.5,14826
1760553900,6713.5,6715.5,6709.75,6712.5,10075
1760554200,6712.75,6719,6712.25,6718,12488
1760554500,6718,6721.5,6716.25,6720.5,10279
1760554800,6720.5,6721.5,6715.25,6716.75,12654
1760555100,6717,6717,6711.5,6713,13836
1760555400,6713.25,6714.75,6709,6714.5,11527
1760555700,6714.5,6720.75,6714.25,6720,12708
1760556000,6720,6721,6716.25,6717.75,8373
1760556300,6717.75,6719.25,6716,6717,7962
1760556600,6716.75,6718,6714.5,6715.25,15787
1760556900,6715,6715,6702.75,6704,22684
1760557200,6704,6711,6701.5,6711,21449
1760557500,6711,6711.25,6708,6709.25,15680
1760557800,6709.25,6710.75,6697.5,6698.5,32083
1760558100,6698.75,6716.75,6695.75,6715,112385
1760558400,6715.25,6724.5,6714.75,6717,35321
1760558700,6717.25,6717.25,6714,6716.25,7241
1760559000,6716.25,6718.75,6713.5,6715,5146
1760621400,6731.5,6738.5,6728.25,6733,29460
1760621700,6733,6734.75,6728.5,6730.75,21860
1760622000,6730.75,6736.5,6725,6736,25231
1760622300,6736.25,6744.25,6728,6729,29197
1760622600,6729,6731.5,6724.25,6730,22847
1760622900,6730,6735.75,6725.5,6729.5,21357
1760623200,6729.75,6732.5,6723.25,6729.25,23086
1760623500,6729.25,6734,6723,6725.25,23469
1760623800,6725.5,6728,6717.25,6721,26746
1760624100,6721.25,6733,6718,6729.75,27283
1760624400,6729.75,6739,6729,6732.25,22227
1760624700,6732.25,6737,6725.5,6732.25,21263
1760625000,6732.5,6737.5,6730.75,6736.5,16884
1760625300,6736.5,6741.75,6735,6738,20781
1760625600,6738,6750.5,6737.5,6747.75,23003
1760625900,6747.75,6749.75,6738,6741,25048
1760626200,6741,6741.5,6732.75,6740,21722
1760626500,6739.75,6742,6732.25,6733.75,18122
1760626800,6734,6739.75,6732.75,6735,16042
1760627100,6735,6741.5,6728.25,6740.5,19362
1760627400,6740.25,6743.25,6736.5,6742,12104
1760627700,6742,6743.25,6736.25,6741.75,11828
1760628000,6741.5,6743.75,6733,6733.75,14782
1760628300,6734,6734.25,6717.25,6721,31852
1760628600,6721,6727.5,6712,6727.25,38447
1760628900,6727.25,6730.5,6722.25,6725.75,19567
1760629200,6725.75,6726.5,6710,6713.75,28990
1760629500,6713.75,6714.5,6705.75,6708.5,28499
1760629800,6708.5,6717.75,6708.5,6710.25,23494
1760630100,6710.25,6711.25,6701.75,6707.5,22950
1760630400,6707.75,6708.5,6699.5,6708,21858
1760630700,6707.75,6713.5,6705,6708,22977
1760631000,6708.25,6714,6704.25,6709.25,21134
1760631300,6709.25,6713.5,6693,6694.5,25507
1760631600,6694.5,6701.25,6689.75,6698,25033
1760631900,6698,6700.25,6685,6686.75,27099
1760632200,6687,6687,6658.5,6661,55075
1760632500,6660.75,6674,6660.5,6666.5,42624
1760632800,6666.5,6677.75,6660,6669.75,34869
1760633100,6669.75,6671.75,6654.75,6671,31720
1760633400,6670.75,6682.5,6669.75,6678.5,31686
1760633700,6678.5,6697,6678.25,6695.75,27797
1760634000,6695.5,6698.75,6678,6681.5,36222
1760634300,6681.75,6693.25,6675,6688.25,29941
1760634600,6688.25,6696.25,6683.75,6688.25,22039
1760634900,6688.5,6704.75,6685.5,6697.5,20100
1760635200,6697.75,6699,6684.25,6689.75,18850
1760635500,6689.5,6698.5,6687.25,6697.25,15056
1760635800,6697,6702,6691,6694,15740
1760636100,6694.25,6698.25,6688.5,6689,11779
1760636400,6689,6689.5,6677.25,6681.5,23133
1760636700,6681.75,6685.25,6676.75,6683,16773
1760637000,6683,6683.75,6673,6676,15007
1760637300,6676,6682.75,6676,6680,16523
1760637600,6680,6681.5,6663.5,6663.75,21957
1760637900,6664,6665.75,6656,6658.5,25657
1760638200,6658.5,6660.75,6641.5,6645.5,34687
1760638500,6645.5,6650.25,6635.5,6639.25,45422
1760638800,6639,6655.25,6637.75,6650.25,30211
1760639100,6650.25,6653,6639.5,6645,22967
1760639400,6645.25,6649.5,6632,6634.75,26706
1760639700,6634.75,6654.25,6633,6648.75,30243
1760640000,6648.75,6665,6646.5,6661,27906
1760640300,6660.75,6668.75,6658,6659.5,23841
1760640600,6659.5,6665.75,6656.25,6665.5,16482
1760640900,6665.5,6668,6661.5,6667,15023
1760641200,6666.75,6669.25,6658.75,6663.25,20737
1760641500,6663.5,6667,6659.5,6664,15788
1760641800,6664,6671.25,6655.75,6656.25,21520
1760642100,6656.25,6659,6649,6651,19553
1760642400,6651,6657,6641.5,6654.5,22783
1760642700,6654.5,6657.25,6647.5,6651,15008
1760643000,6650.75,6653.5,6643,6647.75,17712
1760643300,6647.75,6658.25,6645,6650,17406
1760643600,6649.75,6657.5,6649.75,6656.25,13083
1760643900,6656.5,6665.25,6653.75,6664.25,21305
1760644200,6664.25,6672.25,6660.5,6670.5,29570
1760644500,6670.5,6674.25,6661,6668.5,75499
1760644800,6668.75,6673.75,6667.25,6667.75,26331
1760645100,6668,6668.25,6660.5,6660.5,6685
1760645400,6660.75,6661.5,6651,6652.5,10028
1760707800,6654.5,6665.5,6646.5,6664.25,52146
1760708100,6664.5,6673.25,6655.75,6657.5,31694
1760708400,6657.5,6659.75,6641.5,6645.75,29865
1760708700,6645.5,6666,6642.5,6660.5,29030
1760709000,6660.75,6680,6659.75,6676.5,40049
1760709300,6676.75,6684.5,6664.25,6666.25,30622
1760709600,6666.25,6676.25,6656,6669.5,41383
1760709900,6669.5,6677.75,6666,6667.75,23512
1760710200,6667.5,6693,6666.25,6691,33850
1760710500,6691.25,6697.5,6679.75,6681.5,35285
1760710800,6681.5,6689.25,6675,6685,24023
1760711100,6684.75,6689.75,6679.5,6683,16880
1760711400,6683,6684,6670.25,6671.25,20094
1760711700,6671.5,6672.25,6662.25,6663,23477
1760712000,6663,6676,6660.5,6663.25,27022
1760712300,6663,6677.5,6661.25,6671.5,20011
1760712600,6671.5,6676.5,6666,6668,14203
1760712900,6667.75,6668,6653,6655.5,19880
1760713200,6655.5,6673.75,6652.5,6669.75,30233
1760713500,6669.5,6676.75,6665.5,6666,19239
1760713800,6666,6674,6651,6651,23575
1760714100,6650.75,6661.25,6649.75,6652.5,24487
1760714400,6652.25,6655.25,6646.5,6648.25,23286
1760714700,6648.5,6657.25,6644.75,6653.75,25188
1760715000,6653.75,6658.5,6646.5,6649.75,22278
1760715300,6649.75,6658.25,6640.5,6657.25,23448
1760715600,6657.5,6666.75,6656.75,6664.75,23468
1760715900,6664.5,6674.5,6661.75,6672.5,19867
1760716200,6672.5,6679.25,6669,6673.75,19842
1760716500,6673.75,6682.25,6673,6677,15033
1760716800,6677,6689.75,6676.25,6686.5,18938
1760717100,6686.5,6692.25,6684.75,6691.5,14261
1760717400,6691.25,6691.5,6684.75,6687.25,16389
1760717700,6687.25,6694,6682.5,6685,16260
1760718000,6685,6691.25,6684.25,6689.5,10563
1760718300,6689.5,6694,6686,6691.5,13626
1760718600,6691.5,6696.75,6687.25,6688,15256
1760718900,6688,6694.5,6684.75,6687,13715
1760719200,6687.25,6689.25,6680,6683.5,12696
1760719500,6683.25,6691.75,6676.5,6690.75,14833
1760719800,6691,6695.75,6677,6677.75,16340
1760720100,6677.75,6682.25,6672.25,6680,15465
1760720400,6680,6680.75,6672.75,6675.5,12941
1760720700,6675.25,6681.5,6671.75,6674.75,10542
1760721000,6674.75,6679.25,6669.5,6676.25,10560
1760721300,6676,6676.5,6666.5,6667.75,11597
1760721600,6667.75,6677.75,6665,6673.75,15366
1760721900,6674,6674.5,6669.75,6671.25,7329
1760722200,6671.25,6681,6669.75,6680.5,11583
1760722500,6680.25,6685,6676.75,6678.25,11129
1760722800,6678.25,6680.5,6669.5,6670.75,9743
1760723100,6671,6676,6666.75,6676,13351
1760723400,6676,6689.75,6675,6688.5,15687
1760723700,6688.5,6690.75,6682.25,6688.75,16170
1760724000,6688.75,6695.75,6688.5,6692.5,14179
1760724300,6692.5,6700.25,6692.5,6697.25,14570
1760724600,6697,6700,6692.25,6696.75,10534
1760724900,6696.5,6706.25,6696.5,6706,13698
1760725200,6705.75,6710.75,6705.75,6706.25,14702
1760725500,6706.5,6710,6703.75,6706.5,10022
1760725800,6706.75,6709,6703.25,6706,10603
1760726100,6706.25,6711.5,6704.75,6705.25,8382
1760726400,6705.25,6708,6701,6702.5,8877
1760726700,6702.5,6707.25,6700.25,6704.25,6951
1760727000,6704.25,6706.75,6701.25,6703.75,6101
1760727300,6704,6705.75,6702.5,6704,6408
1760727600,6704.25,6709.5,6703.75,6708,11424
1760727900,6708.25,6710.25,6704.25,6709.5,7438
1760728200,6709.5,6715.75,6708.25,6714.5,12920
1760728500,6714.5,6715.5,6710.5,6713,9972
1760728800,6712.75,6718,6712.75,6716.5,8728
1760729100,6716.5,6717,6710.5,6711.5,8988
1760729400,6711.5,6711.75,6702.75,6708.25,18909
1760729700,6708,6711.25,6706.5,6710.5,12280
1760730000,6710.5,6711.5,6706.25,6707.25,13188
1760730300,6707.25,6709.25,6704,6707.5,12371
1760730600,6707.5,6708.5,6701.5,6706.25,25502
1760730900,6706,6707.75,6700.5,6703.75,71518
1760731200,6703.75,6708.75,6701.5,6708.25,23150
1760731500,6708.5,6711.75,6708.25,6710.25,6828
1760731800,6710.25,6711.5,6709.5,6710.5,4332
1760967000,6733.5,6748.5,6733,6745.75,40687
1760967300,6745.75,6750.25,6744.5,6746.5,25066
1760967600,6746.75,6751.75,6743.75,6746.75,18460
1760967900,6747,6754.75,6746,6752.75,20626
1760968200,6752.75,6754.25,6749.5,6751.5,14415
1760968500,6751.5,6752.25,6744.75,6747.5,18269
1760968800,6747.5,6755.25,6747.5,6753,20943
1760969100,6753,6757.5,6751,6757.5,16185
1760969400,6757.5,6758.25,6754.75,6756.25,12617
1760969700,6756.25,6756.5,6750.25,6752.75,15233
1760970000,6752.75,6758.25,6751.5,6757.75,11718
1760970300,6757.75,6764.5,6757.25,6763.25,18125
1760970600,6763.25,6763.75,6759.25,6759.75,15386
1760970900,6759.5,6765.5,6758.5,6765.25,12437
1760971200,6765.25,6769.25,6764.75,6769.25,16286
1760971500,6769.25,6773.75,6768.75,6773.5,14343
1760971800,6773.5,6774.25,6771.25,6773.75,14631
1760972100,6774,6775.5,6772.25,6773,14252
1760972400,6772.75,6773.25,6769,6770.25,12465
1760972700,6770.5,6771.5,6768.5,6769.25,9573
1760973000,6769.5,6770.5,6763.75,6763.75,14654
1760973300,6764,6769,6763.25,6768.25,11126
1760973600,6768,6770,6767.5,6769.75,9021
1760973900,6770,6771.75,6768,6770,9130
1760974200,6770,6771.25,6768,6769.75,8987
1760974500,6769.75,6771,6767,6768.75,8203
1760974800,6768.75,6770.25,6767,6768.75,8193
1760975100,6769,6772.75,6768,6772.75,10018
1760975400,6772.75,6774,6765,6768.75,29304
1760975700,6769,6769,6762.25,6766.25,16608
1760976000,6766.5,6767.5,6764,6766.5,9531
1760976300,6766.75,6769.75,6765.25,6765.75,8358
1760976600,6765.5,6766.75,6763,6764.25,8773
1760976900,6764.25,6767.5,6763,6767,9272
1760977200,6766.75,6766.75,6764,6765,8165
1760977500,6764.75,6770.25,6764.75,6769,9683
1760977800,6769,6769.75,6765.5,6766.5,7968
1760978100,6766.5,6767.5,6763.5,6767.5,8057
1760978400,6767.5,6770.5,6766.25,6768,8490
1760978700,6768.25,6770,6766.5,6769.5,6811
1760979000,6769.75,6770.5,6768.5,6769.75,6705
1760979300,6769.75,6771.75,6769,6771.25,6557
1760979600,6771.25,6777.25,6771,6777,13639
1760979900,6777.25,6777.75,6775,6776.5,7840
1760980200,6776.5,6777.25,6775.75,6776.5,5221
1760980500,6776.5,6781.25,6776,6780,9988
1760980800,6780.25,6780.25,6778.5,6780,5107
1760981100,6780.25,6780.25,6776.5,6777,6656
1760981400,6777,6778.5,6776,6777.5,4880
1760981700,6777.5,6780,6777,6779.5,5123
1760982000,6779.5,6782,6779.25,6780.75,7014
1760982300,6780.75,6781.25,6779.5,6781.25,4063
1760982600,6781,6781.25,6778,6778,5505
1760982900,6778,6779.5,6777,6778.75,6974
1760983200,6778.75,6782,6778.25,6781.75,8288
1760983500,6782,6782.75,6781,6782.25,6453
1760983800,6782.5,6783,6780.75,6782.25,5821
1760984100,6782.25,6783,6780,6781,6250
1760984400,6781.25,6781.25,6779,6780.25,5702
1760984700,6780.25,6780.25,6778.25,6779.25,5124
1760985000,6779.5,6780,6777.25,6778.75,6386
1760985300,6778.75,6779.25,6777.75,6778,5184
1760985600,6777.75,6778,6776.25,6776.75,6471
1760985900,6777,6777,6772.5,6774.75,11786
1760986200,6774.75,6776,6773,6774.5,6781
1760986500,6774.5,6778.5,6774.5,6777.25,7561
1760986800,6777.5,6781,6776.75,6779.5,8677
1760987100,6779.5,6781,6779,6779.5,5650
1760987400,6779.75,6779.75,6776.75,6777.75,6577
1760987700,6778,6778.25,6774.25,6774.75,9941
1760988000,6774.75,6775,6772.75,6774.25,8443
1760988300,6774.25,6778.75,6774.25,6777.75,9025
1760988600,6778,6778,6776.25,6777.25,6785
1760988900,6777.25,6779.25,6776.25,6778,6976
1760989200,6778,6778.5,6775.25,6775.75,8624
1760989500,6775.75,6781,6775.5,6780.25,12291
1760989800,6780.25,6782.5,6778,6779.25,22225
1760990100,6779,6779.25,6772.5,6773.25,75105
1760990400,6773.5,6774.25,6770,6774.25,24305
1760990700,6774.25,6775.5,6773.25,6775.25,4186
1760991000,6775.25,6778,6774.75,6777.25,5406
1761053400,6774.25,6776.5,6769.75,6774.75,27353
1761053700,6774.75,6777.5,6773.5,6776,13906
1761054000,6775.75,6776.5,6766.5,6771.25,22302
1761054300,6771,6771.75,6763,6767.25,25396
1761054600,6767.5,6770.75,6766.5,6769,17127
1761054900,6769.25,6769.5,6761.5,6765.25,21396
1761055200,6765.25,6766.75,6759.25,6762,25966
1761055500,6762,6769,6761.25,6765,18811
1761055800,6765.25,6770,6763.5,6769,17774
1761056100,6768.75,6775.25,6767,6774.5,21457
1761056400,6774.5,6778.5,6772.75,6775,21000
1761056700,6775.25,6775.25,6763.75,6765.25,25568
1761057000,6765.25,6768.5,6762,6768.25,23324
1761057300,6768.25,6774.75,6768,6773,18696
1761057600,6773.25,6777,6770.75,6772.5,15837
1761057900,6772.5,6777.25,6769.5,6775.75,16630
1761058200,6776,6781.75,6775.75,6780.5,16052
1761058500,6780.75,6786.25,6780,6785.75,18168
1761058800,6785.5,6786.75,6782,6783.25,20906
1761059100,6783.5,6785.75,6782.5,6784.5,12478
1761059400,6784.5,6787.25,6783.5,6784.25,11347
1761059700,6784.5,6784.5,6775.25,6780.25,21990
1761060000,6780.25,6780.75,6776.5,6778.25,13022
1761060300,6778.25,6780.5,6776.75,6779,11813
1761060600,6779,6782,6778.5,6780,11557
1761060900,6780,6780.25,6773.75,6777.5,13245
1761061200,6777.5,6781,6777,6779,12011
1761061500,6778.75,6785,6778.5,6782.75,14813
1761061800,6782.75,6784.75,6782,6782.75,10714
1761062100,6782.75,6783.5,6780.25,6782.75,7976
1761062400,6782.5,6786.25,6781,6784.25,14534
1761062700,6784,6785,6782.25,6784.75,7978
1761063000,6784.75,6785.25,6783,6784.25,7059
1761063300,6784.5,6785.75,6782.25,6782.25,7074
1761063600,6782.25,6786.25,6781.25,6785.5,7610
1761063900,6785.5,6786.75,6784,6786.25,8622
1761064200,6786.25,6787.75,6785.75,6787.5,9898
1761064500,6787.25,6787.75,6784.5,6786,9613
1761064800,6786,6787.25,6783.5,6786.25,7195
1761065100,6786.25,6789.75,6786.25,6788.25,8307
1761065400,6788.25,6789.75,6776.5,6777,32177
1761065700,6777.25,6779.5,6773.25,6774.75,20764
1761066000,6774.75,6775.5,6767.25,6772,22811
1761066300,6772,6778.25,6770.25,6776.5,16730
1761066600,6776.5,6781.5,6776,6780.75,8789
1761066900,6780.5,6781.25,6772.5,6774.25,12910
1761067200,6774.5,6776.75,6770,6776.25,13071
1761067500,6776,6776.25,6771,6775.75,9901
1761067800,6776,6777.75,6772.5,6774.75,9798
1761068100,6775,6775.75,6772.25,6774.25,7485
1761068400,6774.5,6780,6774.25,6776.5,9076
1761068700,6776.75,6780.25,6776.25,6780.25,6016
1761069000,6780.25,6781.25,6779,6780.25,6216
1761069300,6780.25,6783,6780,6781.75,7853
1761069600,6782,6783.75,6781.25,6783,8322
1761069900,6783,6784.5,6782,6783.75,8067
1761070200,6784,6784.25,6781.75,6783,6327
1761070500,6782.75,6783,6777.5,6779.25,10783
1761070800,6779.25,6783.75,6778.25,6782.5,10783
1761071100,6782.5,6785,6781.5,6782.75,9987
1761071400,6782.75,6784.25,6781.5,6783.5,7516
1761071700,6783.5,6784,6780,6781.5,8537
1761072000,6781.5,6781.5,6777.75,6778,6691
1761072300,6778,6781,6777.75,6780.25,7712
1761072600,6780.25,6781.75,6777.75,6778.25,6416
1761072900,6778.25,6780.75,6778,6779.5,6949
1761073200,6779.25,6779.5,6776.75,6777.25,7089
1761073500,6777.25,6779.75,6776.5,6779,7876
1761073800,6779,6780.5,6778,6779.75,6218
1761074100,6779.75,6781,6778.25,6780.75,5627
1761074400,6780.75,6782.5,6779.75,6779.75,7253
1761074700,6780,6781,6777.75,6778.75,7710
1761075000,6778.5,6778.75,6776.5,6777.25,10782
1761075300,6777.25,6778.75,6776.25,6777.5,7122
1761075600,6777.25,6779.5,6776.75,6779.5,7474
1761075900,6779.25,6781,6779.25,6780.25,8509
1761076200,6780.25,6784,6779.5,6783.75,21840
1761076500,6783.75,6783.75,6771.5,6772,51430
1761076800,6772.25,6776,6766.25,6768.5,28322
1761077100,6768.25,6768.5,6764.75,6767,7746
1761077400,6767.25,6768.5,6765,6767.75,5867
1761139800,6779,6779.25,6765,6766,34567
1761140100,6766.25,6773.5,6763.5,6773,24703
1761140400,6773.25,6777.5,6769.75,6777,20397
1761140700,6777,6777.5,6768.75,6771.75,19844
1761141000,6772,6777,6769.5,6775.25,12913
1761141300,6775.25,6775.75,6769.5,6771.5,14135
1761141600,6771.5,6774.75,6770.5,6772.25,15483
1761141900,6772,6775.25,6770.5,6771.5,11911
1761142200,6771.25,6771.75,6765.75,6766.25,18747
1761142500,6766.25,6772.25,6762.75,6770.75,22101
1761142800,6771,6771.25,6761.75,6763.25,21510
1761143100,6763.25,6766.25,6752,6753.25,40378
1761143400,6753.25,6756.75,6746.75,6752.25,43097
1761143700,6752.5,6755.5,6747,6749,30753
1761144000,6749.25,6754,6743.5,6744.25,31954
1761144300,6744.25,6748.5,6739.5,6747.25,38327
1761144600,6747.5,6751.25,6746.5,6750.75,26239
1761144900,6750.75,6760.5,6747.5,6759.75,26748
1761145200,6759.5,6763.25,6757,6761.75,27151
1761145500,6761.5,6762.75,6756.25,6758.5,19548
1761145800,6758.75,6758.75,6751,6754.5,18678
1761146100,6754.5,6757,6751.25,6752.75,14359
1761146400,6752.75,6754,6734.75,6741.75,36371
1761146700,6741.75,6744.25,6736.25,6737.25,23226
1761147000,6737.25,6743.5,6732.25,6738.25,26552
1761147300,6738.5,6742.75,6735,6741.25,23125
1761147600,6741,6747,6738.5,6744.5,20245
1761147900,6744.5,6751.75,6744,6751.5,18410
1761148200,6751.5,6756,6750.25,6753.75,20237
1761148500,6754,6756.75,6747.75,6748.75,18452
1761148800,6749,6750.75,6739.5,6742.75,23761
1761149100,6742.75,6747.5,6741,6742.75,16656
1761149400,6742.5,6743.25,6736.75,6741,11975
1761149700,6741,6746.25,6739.75,6740.5,11578
1761150000,6740.75,6741.25,6730,6733,18104
1761150300,6733,6739,6732.25,6734.5,14144
1761150600,6734.25,6739.5,6698,6727.75,85012
1761150900,6727.5,6733.75,6722.75,6730.5,29837
1761151200,6730.75,6736.75,6725.75,6730,20207
1761151500,6730.25,6736.75,6724.25,6726.75,19538
1761151800,6726.75,6736.25,6723,6735.5,15879
1761152100,6735.5,6740.5,6730,6732,24934
1761152400,6731.75,6735.25,6724.25,6726.25,17762
1761152700,6726.25,6731.25,6722.25,6730.75,13562
1761153000,6730.75,6732.25,6719.25,6719.5,15454
1761153300,6719.75,6722.5,6715.5,6716.75,20303
1761153600,6716.75,6717.5,6707.75,6708.5,16418
1761153900,6708.75,6713.75,6705.25,6712.25,21725
1761154200,6712.25,6715.25,6706.75,6715,16549
1761154500,6714.75,6717.25,6701.25,6701.25,18460
1761154800,6701.5,6703.25,6692.5,6694.25,21965
1761155100,6694.25,6706,6694,6704.75,22062
1761155400,6705,6705.25,6690.75,6692,16925
1761155700,6692.25,6705.5,6692,6705.25,16090
1761156000,6705.5,6712.5,6704.5,6707.25,19721
1761156300,6707,6712.25,6706.5,6707.75,14514
1761156600,6707.75,6711.75,6702.25,6702.5,11333
1761156900,6702.75,6703.5,6695.25,6701.75,16547
1761157200,6701.75,6719.75,6701.75,6718.75,18267
1761157500,6719,6720.25,6711.5,6715,14108
1761157800,6714.75,6716.75,6708.75,6714.25,14719
1761158100,6714.5,6719.5,6711.5,6718,10414
1761158400,6717.75,6722.5,6710.25,6717.5,13537
1761158700,6717.5,6721.25,6716.25,6719.5,12025
1761159000,6719.25,6719.5,6712.25,6717.25,12396
1761159300,6717.25,6724,6716,6723.25,10562
1761159600,6723.25,6725,6713.5,6720.5,18324
1761159900,6720.5,6732.75,6719.25,6730.5,16803
1761160200,6730.75,6734.25,6724.75,6727.25,13820
1761160500,6727.25,6732.25,6726.25,6731,12527
1761160800,6731,6733.25,6726.75,6729.25,14928
1761161100,6729.25,6735,6728.25,6733,11996
1761161400,6732.75,6738.25,6732.25,6735.25,14570
1761161700,6735.25,6742,6732.75,6741,19514
1761162000,6741,6742.25,6734.75,6735.5,14248
1761162300,6735.5,6739.75,6732.5,6738.25,17111
1761162600,6738,6741,6734.25,6737.75,22352
1761162900,6737.75,6740.5,6731.75,6737,69476
1761163200,6737,6744.75,6736.75,6739.5,20657
1761163500,6739.5,6743,6738,6739.75,7449
1761163800,6739.75,6742.5,6738,6738.75,4578
1761226200,6739.25,6745,6736,6742.25,28034
1761226500,6742.25,6750,6739,6747.75,20233
1761226800,6747.75,6753.75,6745.75,6753.5,20086
1761227100,6753.5,6761.25,6752.25,6761,31474
1761227400,6761,6766,6759.25,6762.5,24896
1761227700,6762.5,6763.25,6755.25,6758,20455
1761228000,6758.25,6762,6754.75,6757.25,20527
1761228300,6757.5,6758.25,6751.5,6752,20803
1761228600,6752.25,6753,6746.75,6749.25,24744
1761228900,6749.25,6751.25,6739,6741,28434
1761229200,6741,6752.75,6739.5,6752.75,25579
1761229500,6752.75,6756.5,6750.75,6752,18326
1761229800,6752,6753.25,6747.5,6753.25,17341
1761230100,6753.25,6759.5,6752.25,6758.25,13832
1761230400,6758.25,6760,6754.25,6756.25,12564
1761230700,6756.5,6762.25,6751.25,6761.75,20955
1761231000,6761.5,6761.75,6754.75,6755,11977
1761231300,6755,6760.75,6752.25,6760.5,12516
1761231600,6760.5,6761.5,6755.25,6758,13099
1761231900,6758,6760.25,6756,6757.75,8261
1761232200,6758,6759,6752.5,6755,9866
1761232500,6755.25,6756.25,6750.25,6752.75,11214
1761232800,6752.75,6756,6749,6755,11579
1761233100,6755.25,6760.75,6753.25,6758.75,11791
1761233400,6758.5,6763.75,6758.5,6759.25,14456
1761233700,6759.25,6760.25,6752,6755.25,15228
1761234000,6755,6757,6745.25,6747.25,14986
1761234300,6747.25,6755.5,6746,6755.25,14048
1761234600,6755.25,6761.75,6753.5,6761.5,11045
1761234900,6761.25,6765.5,6759.5,6761,16868
1761235200,6760.75,6763.5,6759.75,6763.25,10248
1761235500,6763.5,6768,6762.5,6765.75,11773
1761235800,6765.75,6769,6764.25,6768.75,8025
1761236100,6768.75,6769.5,6766,6767,10008
1761236400,6766.75,6767.25,6763,6764,10659
1761236700,6764,6765.25,6760,6763.75,11687
1761237000,6763.75,6768,6763.25,6765.75,11180
1761237300,6765.75,6769,6764.5,6768,7361
1761237600,6768,6771.75,6767.25,6770.75,10016
1761237900,6771,6771.5,6768.25,6769.75,11628
1761238200,6769.75,6773.25,6769.5,6772.5,11009
1761238500,6772.75,6774,6771.5,6772.75,10263
1761238800,6773,6775,6772.25,6773.25,11616
1761239100,6773.5,6773.75,6762.5,6766,42588
1761239400,6765.75,6774.75,6765.5,6773,15955
1761239700,6773.25,6774.5,6769.25,6770.25,10034
1761240000,6770,6771.75,6768.5,6770,8036
1761240300,6769.75,6770.25,6765.75,6768.5,12468
1761240600,6768.5,6775.25,6768.25,6772.5,14419
1761240900,6772.5,6782,6771.75,6780.5,19746
1761241200,6780.5,6781.5,6778,6780.5,15606
1761241500,6780.75,6782.25,6779.25,6779.75,11801
1761241800,6779.5,6782.5,6779.25,6782.25,6997
1761242100,6782,6783.5,6780.75,6782.25,10289
1761242400,6782.5,6783.5,6779,6781.25,9746
1761242700,6781.25,6781.75,6779.25,6781,7261
1761243000,6781.25,6781.5,6779.5,6780.75,3954
1761243300,6780.5,6781.5,6776.75,6781,12823
1761243600,6780.75,6783.5,6780.5,6782.75,6857
1761243900,6782.75,6784,6781.5,6783.5,7166
1761244200,6783.5,6785,6782.5,6783.75,8084
1761244500,6783.5,6783.75,6781.5,6782.75,6888
1761244800,6782.75,6783.75,6781.5,6783.5,5389
1761245100,6783.5,6783.75,6781.75,6783.25,5711
1761245400,6783.5,6785.75,6783.25,6784.75,8942
1761245700,6784.75,6785.5,6783.5,6784,5141
1761246000,6784,6785.75,6783,6784.75,7110
1761246300,6784.75,6784.75,6782,6783.25,6435
1761246600,6783,6785.75,6783,6785,6125
1761246900,6785,6785.25,6782.5,6784,5031
1761247200,6784,6785.5,6783.25,6783.75,6293
1761247500,6784,6784,6781,6783.25,8905
1761247800,6783,6783,6780.5,6780.75,9112
1761248100,6780.5,6781.5,6778.25,6779.5,13587
1761248400,6779.5,6780.5,6778,6778.25,10524
1761248700,6778.25,6781.25,6777.25,6777.75,12869
1761249000,6777.5,6777.75,6771.5,6776.75,32407
1761249300,6776.5,6777.25,6773.5,6774.75,57483
1761249600,6774.5,6777.5,6773.5,6777,21545
1761249900,6777,6778.25,6773.75,6775.5,6439
1761250200,6775.75,6775.75,6774,6775,4446
1761312600,6820.75,6824.75,6812.5,6824.5,33963
1761312900,6824.75,6833.75,6824.25,6828,34733
1761313200,6828,6830.5,6825,6829.75,24237
1761313500,6829.25,6835,6824.75,6826.25,29404
1761313800,6826.25,6829.25,6821.25,6826,26812
1761314100,6826,6831.25,6824.75,6829.5,15965
1761314400,6830,6833,6826.75,6830.75,20686
1761314700,6830.75,6835.5,6829.5,6834.5,17705
1761315000,6834.75,6835.5,6831.75,6834.25,11988
1761315300,6834.5,6834.5,6829.5,6831.75,13302
1761315600,6831.5,6831.5,6825.75,6829.25,19666
1761315900,6829.25,6829.5,6823.75,6824.25,18261
1761316200,6824,6824.75,6817.25,6824.5,21616
1761316500,6824.25,6827.75,6819,6827,17838
1761316800,6826.75,6833,6826.5,6831.75,15855
1761317100,6832,6832.75,6828.5,6830.25,12854
1761317400,6830.5,6830.75,6821,6822.75,19314
1761317700,6823,6823.75,6815.25,6823,21309
1761318000,6823,6825.75,6821,6823.75,14895
1761318300,6824,6828.75,6821.5,6828,12084
1761318600,6828,6831,6824.75,6830.75,11384
1761318900,6831,6835.75,6830.75,6833.5,14662
1761319200,6833.75,6841.25,6833.5,6839.5,16708
1761319500,6839.5,6840,6837,6838,10289
1761319800,6838.25,6841,6837.25,6837.75,9713
1761320100,6837.5,6838.75,6833.75,6838,13620
1761320400,6838,6838,6833.75,6834.5,8364
1761320700,6834.5,6837.5,6831.5,6836,14043
1761321000,6836,6838.75,6835.5,6836.25,9472
1761321300,6836.5,6836.75,6833,6835.75,10580
1761321600,6835.75,6839.5,6835.5,6838,9287
1761321900,6838.25,6838.25,6835,6836.75,7191
1761322200,6837,6839.5,6836.5,6839,3969
1761322500,6839.25,6839.25,6836.75,6838.5,4228
1761322800,6838.5,6841.25,6836.5,6837.75,9234
1761323100,6837.75,6837.75,6834.75,6835.5,5759
1761323400,6835.25,6836.5,6833,6833.25,7586
1761323700,6833.25,6833.75,6831,6832,6813
1761324000,6832.25,6832.75,6828.25,6829.5,7542
1761324300,6829.5,6836,6828.25,6835.5,9153
1761324600,6835.75,6839,6835.5,6836.75,8127
1761324900,6836.75,6837.5,6833.5,6836,5605
1761325200,6835.75,6838,6835,6837,5882
1761325500,6837,6837,6834.5,6835.25,3897
1761325800,6835.5,6837.5,6833.25,6833.75,6140
1761326100,6834,6836.75,6832.75,6836,5408
1761326400,6836,6837.75,6834,6837.75,5401
1761326700,6837.75,6838.75,6836.25,6837,5094
1761327000,6837,6838.25,6835.75,6838.25,4281
1761327300,6838,6839.5,6837.25,6839.25,4555
1761327600,6839,6839.25,6837,6838,4809
1761327900,6837.75,6840.75,6837.25,6839.5,6585
1761328200,6839.5,6839.75,6837.5,6837.75,4636
1761328500,6838,6838,6836.75,6836.75,5053
1761328800,6836.75,6837.75,6834.75,6836,8965
1761329100,6836.25,6839,6836,6838.5,5829
1761329400,6838.25,6839.75,6838,6838.25,4818
1761329700,6838,6839.25,6836.75,6838.75,3987
1761330000,6839,6839.5,6837.5,6838.25,3989
1761330300,6838.5,6839,6837.25,6837.75,4750
1761330600,6837.75,6839.25,6836.75,6838.25,5396
1761330900,6838.25,6839.5,6837.5,6838,4140
1761331200,6838.25,6838.25,6836,6836.75,6758
1761331500,6836.75,6837,6833.25,6835.75,9301
1761331800,6835.75,6837,6834.5,6836.5,6827
1761332100,6836.25,6838.5,6836,6838,8969
1761332400,6837.75,6840,6837.75,6840,8403
1761332700,6840,6840.75,6838.75,6840.5,7612
1761333000,6840.25,6841,6838.75,6839,5642
1761333300,6839.25,6839.25,6837,6837.5,7034
1761333600,6837.5,6840,6836.5,6839.25,8828
1761333900,6839.25,6840.75,6838.25,6838.25,6913
1761334200,6838.5,6838.75,6837,6837.25,7429
1761334500,6837.25,6838,6835.25,6836.25,9996
1761334800,6836.25,6837,6833,6833,13539
1761335100,6833,6836,6832,6833.25,14127
1761335400,6833.25,6835,6830,6832.75,31162
1761335700,6833,6833,6823.75,6827.25,94256
1761336000,6827.25,6829.25,6824.25,6827.5,27213
1761336300,6827.5,6827.75,6825,6826.5,4155
1761336600,6826.5,6827.25,6824.25,6825.5,5268
1761571800,6883,6887.75,6881.25,6882.75,32411
1761572100,6883,6885,6877,6884,22333
1761572400,6884,6884.5,6878.5,6883.5,17569
1761572700,6883.5,6885,6880.25,6882,13838
1761573000,6882,6886,6879,6885.5,16606
1761573300,6885.5,6889,6883.25,6886.75,15539
1761573600,6886.75,6892.5,6885,6889.5,22168
1761573900,6889.75,6892.25,6889.75,6890.25,14570
1761574200,6890.25,6890.25,6886.25,6888.25,16488
1761574500,6888.5,6889,6881,6881.5,21822
1761574800,6881.5,6883.75,6879.75,6882.75,17627
1761575100,6882.75,6886.75,6881,6886.5,16547
1761575400,6886.5,6887.25,6883.5,6886.75,14506
1761575700,6886.75,6889.5,6886.25,6886.5,11876
1761576000,6886.75,6889.5,6886,6889.5,9159
1761576300,6889.5,6889.75,6885.75,6887,13168
1761576600,6887,6887.25,6881.5,6883.5,13609
1761576900,6883.5,6885.5,6882,6883,14906
1761577200,6883,6885.25,6882,6883.75,12441
1761577500,6883.75,6884.5,6881.25,6882.25,9209
1761577800,6882.25,6886.5,6882,6886.5,8771
1761578100,6886.5,6887,6884.5,6886,10252
1761578400,6886,6887.25,6884.75,6887.25,8544
1761578700,6887.5,6889.75,6887.25,6889.75,9768
1761579000,6889.5,6891.25,6889.25,6890.75,9787
1761579300,6890.75,6891,6888.5,6890.5,7613
1761579600,6890.5,6892.25,6890.25,6891.5,7770
1761579900,6891.75,6891.75,6889,6890,8593
1761580200,6890,6890,6888,6888.5,8799
1761580500,6888.5,6890.75,6888,6890.25,7385
1761580800,6890.25,6893.25,6889.75,6893.25,9612
1761581100,6893.25,6893.75,6891.5,6893,6372
1761581400,6893,6893,6891.5,6892.25,5258
1761581700,6892.25,6892.5,6890.5,6890.5,5372
1761582000,6890.75,6892.5,6889.75,6892.25,6412
1761582300,6892.25,6892.25,6890.5,6891.25,4947
1761582600,6891.25,6893.75,6891,6893.25,6608
1761582900,6893,6893.75,6891.5,6891.75,6379
1761583200,6891.5,6893.25,6891.25,6892.75,4750
1761583500,6892.75,6893,6891.5,6892.75,4346
1761583800,6892.75,6895,6892.75,6894.5,6167
1761584100,6894.5,6894.75,6893,6893.75,5094
1761584400,6893.75,6894.25,6892.75,6894,4916
1761584700,6894,6894.25,6891.75,6892,5527
1761585000,6892,6892.75,6890.75,6892.5,5463
1761585300,6892.25,6892.75,6890.25,6890.5,6555
1761585600,6890.25,6890.5,6888,6888.25,6778
1761585900,6888.25,6890.5,6887.75,6890.5,7429
1761586200,6890.5,6892.25,6889.25,6892,7389
1761586500,6892,6894,6891.25,6893.75,6000
1761586800,6893.75,6895.75,6893.5,6895.5,9991
1761587100,6895.5,6896,6894.5,6895,6222
1761587400,6895.25,6895.25,6893.75,6894.5,4560
1761587700,6894.5,6895.75,6894,6895.5,5060
1761588000,6895.75,6895.75,6893.75,6895.25,8893
1761588300,6895.25,6895.5,6894.25,6895.25,4660
1761588600,6895.25,6895.5,6894.25,6895,4637
1761588900,6894.75,6895.5,6894.25,6894.75,3893
1761589200,6894.75,6895.75,6894.5,6894.75,5854
1761589500,6895,6895.5,6894,6894.5,4835
1761589800,6894.75,6896.5,6894.75,6896,7271
1761590100,6896,6896.75,6895,6896.25,7217
1761590400,6896.25,6897.5,6895.75,6897,8530
1761590700,6897,6897.75,6896.5,6897,8090
1761591000,6897,6897.5,6895.75,6897,6467
1761591300,6897.25,6898.75,6897,6897.5,10528
1761591600,6897.5,6898,6896.5,6896.75,7474
1761591900,6897,6898.75,6896.75,6898.5,5911
1761592200,6898.25,6899.25,6897.5,6898,7746
1761592500,6898,6898.25,6896.25,6896.5,10623
1761592800,6896.25,6898,6896.25,6898,6398
1761593100,6897.75,6898.75,6897.25,6898.75,5641
1761593400,6898.75,6900,6898,6899.75,10531
1761593700,6899.5,6904,6899.25,6903.5,19558
1761594000,6903.5,6903.5,6901.25,6902.75,10548
1761594300,6902.75,6907.75,6902.25,6906.5,26252
1761594600,6906.5,6911.75,6906.25,6910.75,35396
1761594900,6910.75,6911.75,6907.5,6907.5,87680
1761595200,6907.5,6911.75,6907.5,6911.75,26561
1761595500,6911.75,6912,6907,6907.25,10514
1761595800,6907,6910.25,6907,6910,6024
1761658200,6925.75,6927.25,6921.75,6923,31693
1761658500,6923.25,6923.5,6916.25,6917,21499
1761658800,6916.75,6918,6913.5,6914.75,18882
1761659100,6914.5,6915.5,6906.75,6911.75,25048
1761659400,6911.5,6912,6907.25,6908.5,17914
1761659700,6908.5,6919.25,6907.75,6911.5,22554
1761660000,6911.5,6914.5,6910.25,6914.25,12765
1761660300,6914.25,6914.5,6910,6913.25,11690
1761660600,6913.25,6914.5,6911.75,6913,9717
1761660900,6913.25,6914.25,6912,6913,9184
1761661200,6913,6916.25,6911.75,6914.25,10421
1761661500,6914.25,6916.75,6912,6916.5,12315
1761661800,6916.25,6917.25,6912.75,6915.5,11069
1761662100,6915.5,6919,6914.25,6915,9710
1761662400,6914.75,6915.25,6912.25,6914.25,9321
1761662700,6914.25,6917.25,6911,6916.25,13902
1761663000,6916.25,6917.5,6914,6915.75,8003
1761663300,6915.75,6916.5,6912,6913.75,9573
1761663600,6914,6916.25,6913,6913.5,8423
1761663900,6913.5,6917.5,6913,6916.5,6795
1761664200,6916.5,6916.5,6911.75,6913.25,7452
1761664500,6913.5,6915.25,6912.75,6913.75,6067
1761664800,6914,6914,6910.25,6911,7135
1761665100,6911,6911.75,6908.5,6910.25,7831
1761665400,6910.25,6910.5,6906.25,6906.75,9094
1761665700,6906.75,6910.25,6903,6909.75,16004
1761666000,6910,6910.25,6905.25,6906.25,9636
1761666300,6906.25,6908.75,6905.25,6907.75,7761
1761666600,6907.5,6909.75,6907.5,6909.5,7284
1761666900,6909.25,6911.25,6908.25,6911,7088
1761667200,6910.75,6914,6910.75,6912.25,9713
1761667500,6912,6915.5,6911.75,6915.25,7992
1761667800,6915,6915.25,6912.5,6913.25,8161
1761668100,6913,6914.75,6912,6913.25,10291
1761668400,6913.25,6913.5,6911.25,6912.75,9494
1761668700,6912.75,6917.5,6912.5,6917.25,9608
1761669000,6917.25,6930,6916,6921.25,49557
1761669300,6921.25,6921.75,6916.75,6918,15864
1761669600,6918.25,6922.75,6917.25,6922.75,10490
1761669900,6922.75,6926.75,6922,6924,10037
1761670200,6924,6927.25,6923.25,6925.25,10263
1761670500,6925.5,6926,6924,6924.25,7972
1761670800,6924.5,6929.25,6924,6927.5,8697
1761671100,6927.75,6928.5,6925.5,6926.25,8146
1761671400,6926,6928.75,6924.25,6927.25,12827
1761671700,6927,6928.75,6924.5,6926.5,12111
1761672000,6926.25,6928.5,6925.75,6928.25,5697
1761672300,6928.25,6928.25,6925,6925.75,8926
1761672600,6925.75,6927,6924,6926.25,8341
1761672900,6926,6928.25,6926,6926.75,7040
1761673200,6926.5,6928.75,6926.5,6928.5,6697
1761673500,6928.5,6930.75,6926.5,6929.75,11947
1761673800,6929.75,6932.5,6929.5,6931.5,12329
1761674100,6931.5,6932.25,6929,6931.5,9113
1761674400,6931.75,6932.75,6931,6932.5,7610
1761674700,6932.75,6933,6931,6931.5,5845
1761675000,6931.75,6934.25,6931.25,6933.75,8304
1761675300,6933.75,6939,6933.25,6939,10826
1761675600,6938.75,6939.75,6937.25,6938.25,11042
1761675900,6938,6938.75,6935.25,6936.25,9027
1761676200,6936,6937.5,6935,6935.5,6658
1761676500,6935.75,6935.75,6933.25,6933.75,7606
1761676800,6933.5,6935.75,6933.25,6935.25,7722
1761677100,6935.25,6935.25,6933.5,6934.75,7293
1761677400,6934.5,6936.75,6934.25,6936,6321
1761677700,6936.25,6937.25,6934,6937,7794
1761678000,6937,6937,6933.5,6935.5,10720
1761678300,6935.5,6937.75,6935.25,6937.5,7325
1761678600,6937.75,6938,6936.25,6937.5,7078
1761678900,6937.75,6937.75,6935.25,6937.25,7398
1761679200,6937.5,6939,6936.75,6939,5102
1761679500,6939,6944.75,6937.5,6942.5,16944
1761679800,6942.5,6942.75,6939.5,6940.5,11424
1761680100,6940.5,6940.75,6934.75,6935,14042
1761680400,6935,6935,6929.5,6930.75,25107
1761680700,6930.75,6933,6928.25,6928.75,14674
1761681000,6929,6930.5,6924.25,6928,30505
1761681300,6928.25,6930.25,6925,6925.5,68432
1761681600,6925.5,6927.75,6923,6925.75,21270
1761681900,6925.75,6926,6921.5,6923,8564
1761682200,6922.75,6924,6922.25,6924,4209
1761744600,6942,6944.25,6936.25,6943.25,26975
1761744900,6943.25,6945.75,6941.5,6943.75,16098
1761745200,6943.75,6948,6941.5,6947.25,13167
1761745500,6947.5,6948.5,6942,6944.25,16583
1761745800,6944.25,6949,6942,6948,15603
1761746100,6947.75,6951.75,6947,6950.75,13234
1761746400,6950.75,6952,6945.75,6946.75,15952
1761746700,6946.75,6947,6941.75,6943.25,16472
1761747000,6943.5,6945.5,6938.75,6942.5,16000
1761747300,6942.75,6943.75,6940,6942,12084
1761747600,6942,6945.25,6940.25,6943.5,12656
1761747900,6943.25,6945,6941,6944.75,10266
1761748200,6944.5,6946,6942,6943.25,11443
1761748500,6943.25,6944.5,6941,6942.25,8972
1761748800,6942,6942.75,6936.5,6937.25,13491
1761749100,6937.25,6940,6935.5,6935.75,12940
1761749400,6935.75,6940.75,6932.5,6939.25,18347
1761749700,6939.25,6939.5,6937.5,6938,9763
1761750000,6938.25,6939.5,6935,6935,11091
1761750300,6935,6940.25,6935,6938.5,10853
1761750600,6938.5,6939,6935.5,6938.25,11294
1761750900,6938.25,6940.5,6935.75,6940,11342
1761751200,6940,6942.25,6938.75,6941.5,8548
1761751500,6941.75,6942.75,6937.5,6937.5,9654
1761751800,6937.5,6938.25,6935.25,6935.25,9997
1761752100,6935.25,6937.5,6933.5,6936.75,13411
1761752400,6936.75,6938.25,6935.5,6936.75,11022
1761752700,6936.5,6938,6932.75,6937.5,13677
1761753000,6937.5,6938.25,6935,6937.75,7922
1761753300,6937.75,6937.75,6933.5,6934.75,8946
1761753600,6934.75,6935,6930.25,6930.75,15490
1761753900,6930.5,6936,6929.75,6933.5,15586
1761754200,6933.75,6935.5,6931,6934.75,8317
1761754500,6934.75,6936.75,6934.25,6936.5,9337
1761754800,6936.75,6939.75,6936.25,6939,10617
1761755100,6939.25,6940,6937.75,6939,7163
1761755400,6939.25,6940.75,6938.5,6939.25,7530
1761755700,6939.5,6940.25,6937.5,6938.5,5707
1761756000,6938.75,6940.5,6938.25,6939.75,5904
1761756300,6939.75,6942.5,6938.5,6939,8582
1761756600,6939,6941.75,6937.75,6941.5,5018
1761756900,6941.5,6942.25,6939.5,6940,5496
1761757200,6939.75,6940.75,6938.25,6940.5,6241
1761757500,6940.5,6940.75,6938.25,6938.75,4740
1761757800,6938.5,6940.75,6937,6940.75,5105
1761758100,6940.75,6942.5,6939.25,6939.25,5067
1761758400,6939.5,6939.5,6936,6936.25,5706
1761758700,6936.5,6936.5,6931.5,6933.75,9716
1761759000,6933.5,6933.5,6930.5,6932.5,7670
1761759300,6932.5,6934.5,6932.5,6933.75,5798
1761759600,6933.75,6936,6932.75,6935.25,6363
1761759900,6935.5,6937.75,6933.25,6937.25,5662
1761760200,6937.25,6940,6936.25,6937,5614
1761760500,6937,6937.5,6933,6935,5704
1761760800,6935.5,6944.5,6929.5,6934.75,22785
1761761100,6934.75,6940,6927.75,6937,15929
1761761400,6937.25,6938.25,6930,6930.75,10018
1761761700,6930.75,6937,6928,6935.25,11505
1761762000,6935.25,6935.25,6928.5,6932.5,11894
1761762300,6932.75,6935.25,6929.5,6934.75,9198
1761762600,6934.75,6942.5,6932.75,6939.5,16717
1761762900,6939.75,6940.5,6889,6889.75,70404
1761763200,6889.75,6905,6882.25,6887,63795
1761763500,6887,6904.5,6885,6901.25,37625
1761763800,6901,6920,6900.5,6915,36106
1761764100,6915,6923.5,6909.75,6914.75,26588
1761764400,6914.75,6922,6898.5,6901.75,26412
1761764700,6901.75,6923.5,6901,6916.25,20744
1761765000,6916.25,6921.75,6912.5,6914.5,13976
1761765300,6915,6917.5,6904,6913.25,15214
1761765600,6913,6919.75,6907.75,6911.25,15583
1761765900,6911.25,6921.5,6907.25,6908.25,21705
1761766200,6908.5,6912.25,6900.5,6904,16984
1761766500,6904,6909.5,6895,6908.5,23848
1761766800,6908.5,6910.75,6901.25,6909.5,23807
1761767100,6909.5,6921,6909,6916.5,20126
1761767400,6916.5,6927.75,6916.5,6919.25,31309
1761767700,6919.5,6928.75,6917,6928,57583
1761768000,6928,6945.5,6918.75,6935.25,39829
1761768300,6935.5,6937.5,6905.5,6914.25,22726
1761768600,6914.5,6922.5,6908.5,6921.5,8292
1761831000,6893,6893.5,6884.5,6886,38187
1761831300,6886,6886,6867.75,6872.5,41307
1761831600,6872.25,6881.5,6868.5,6878.25,37053
1761831900,6878,6897.75,6875.75,6893.5,35608
1761832200,6893.5,6910.75,6893.25,6907.5,33503
1761832500,6907.75,6908.75,6900.75,6904.25,26663
1761832800,6904,6913.75,6896.25,6898,33666
1761833100,6897.75,6910,6897.5,6899.25,25235
1761833400,6899.25,6903.75,6892.5,6902.25,25586
1761833700,6902.25,6902.75,6890.75,6892.25,21495
1761834000,6892.25,6900,6886.25,6890.5,27563
1761834300,6890.25,6895,6886.75,6888.5,20763
1761834600,6888.5,6899.75,6888,6898.25,21546
1761834900,6898.25,6902.5,6893.25,6898.5,22690
1761835200,6898.25,6911.75,6898.25,6906.75,20209
1761835500,6906.75,6908.75,6898.5,6901.25,16981
1761835800,6901.5,6902.75,6890.25,6894.25,19568
1761836100,6894,6900.5,6891,6898.25,15919
1761836400,6898.25,6905,6898,6903.5,13152
1761836700,6903.25,6905.5,6898.5,6904.25,17410
1761837000,6904.25,6907.75,6902.75,6907,10673
1761837300,6907.25,6907.5,6902.25,6906.75,8482
1761837600,6906.75,6909.5,6904.25,6906.25,10776
1761837900,6906.25,6906.5,6900.75,6902.25,9025
1761838200,6902,6903.5,6896.25,6898,11173
1761838500,6898,6898.75,6889.75,6891,14556
1761838800,6891,6891.25,6885.25,6889.75,19847
1761839100,6889.5,6891.75,6883.75,6887.25,19009
1761839400,6887.25,6889.75,6886,6889.25,12265
1761839700,6889,6894.5,6886.75,6887.75,13579
1761840000,6887.75,6895.75,6886,6895.25,13322
1761840300,6895.25,6902.25,6893.5,6901.5,10580
1761840600,6901.5,6905.5,6899.75,6904.75,11850
1761840900,6905,6905,6902,6903.25,9531
1761841200,6903.25,6904.75,6899.25,6904.5,9947
1761841500,6904.75,6905.75,6901.5,6903.5,8040
1761841800,6903.75,6903.75,6893.75,6894,11882
1761842100,6894.25,6895.25,6889.5,6894,15914
1761842400,6894,6897.5,6891,6896.5,8482
1761842700,6896.75,6899,6895,6897.25,8263
1761843000,6897.5,6898.75,6893.5,6897,7547
1761843300,6897,6900.25,6896.75,6898.25,7309
1761843600,6898.25,6898.25,6891.25,6892.5,9224
1761843900,6892.5,6892.5,6885,6889,16581
1761844200,6888.75,6889.75,6884,6887.5,12598
1761844500,6887.5,6891.5,6886.75,6890.25,8390
1761844800,6890,6895.25,6886.5,6894.75,10773
1761845100,6894.75,6900,6894.5,6898,10162
1761845400,6898,6898.25,6893,6894.5,9943
1761845700,6894.5,6894.75,6890,6893.5,7896
1761846000,6893.5,6894.25,6890,6893.75,7286
1761846300,6894,6899.5,6893.75,6899.5,7987
1761846600,6899.5,6900.5,6895,6898.75,7531
1761846900,6898.5,6899.25,6895.25,6898.25,7002
1761847200,6898,6898.25,6892.25,6892.75,11470
1761847500,6893,6893.5,6885.25,6889.25,12197
1761847800,6889,6890,6882.5,6883.5,11807
1761848100,6883.5,6885.25,6879.25,6883.75,16175
1761848400,6883.75,6886.75,6879.5,6881.75,11602
1761848700,6881.75,6884.75,6880,6883,10059
1761849000,6883.25,6889,6882.5,6883,13708
1761849300,6883.25,6883.75,6876.5,6877.5,12084
1761849600,6877.75,6880,6875.25,6878.75,13012
1761849900,6878.5,6885,6878,6881.75,11766
1761850200,6881.5,6883.5,6878.5,6883.25,11278
1761850500,6883,6884.25,6875.75,6877.5,11128
1761850800,6877.25,6878.25,6872.75,6873.75,15142
1761851100,6873.75,6875.5,6870,6874.25,16410
1761851400,6874,6874.25,6870.25,6870.5,12274
1761851700,6870.5,6872,6865,6870.25,22053
1761852000,6870.5,6870.5,6857,6863.75,27540
1761852300,6864,6868.25,6863.25,6866.5,15975
1761852600,6866.75,6874,6866.25,6868,20479
1761852900,6868.25,6868.25,6861.25,6862,13942
1761853200,6862.25,6865,6859.25,6860.5,13614
1761853500,6860.5,6862.25,6855.5,6860,21145
1761853800,6860.25,6865.5,6857.25,6858,32034
1761854100,6858,6858.25,6852.5,6853.75,85437
1761854400,6853.75,6877.75,6851,6875,41240
1761854700,6875.25,6875.5,6869,6871.5,9352
1761855000,6871.5,6876.25,6869.75,6874.75,4850
1761917400,6902,6902.5,6891.25,6893,34558
1761917700,6893.25,6898.25,6892,6894.25,21979
1761918000,6894.25,6894.5,6881,6884.25,27440
1761918300,6884.25,6888.25,6880,6886,29763
1761918600,6885.75,6892.25,6884.25,6887.75,23515
1761918900,6887.75,6888.75,6881.5,6886.25,17967
1761919200,6886.25,6888.25,6877.75,6877.75,24472
1761919500,6878,6886.75,6877.25,6882,23958
1761919800,6882,6886.25,6878.25,6879.25,15228
1761920100,6879.25,6886.75,6878.5,6885.25,14745
1761920400,6885.25,6885.5,6873.75,6883,24696
1761920700,6883,6886,6882,6884.25,14747
1761921000,6884.25,6889.75,6882.75,6887.5,16929
1761921300,6887.5,6892,6887,6891,12268
1761921600,6891,6896.75,6889,6895.5,13650
1761921900,6895.5,6899.5,6895.25,6895.75,14495
1761922200,6895.5,6897.75,6894,6896.25,13242
1761922500,6896.25,6897.25,6893.25,6896.5,10032
1761922800,6896.5,6898.75,6893.5,6894.5,11901
1761923100,6894.75,6895.75,6891.25,6893.25,11982
1761923400,6893.25,6895.75,6891.25,6894,11997
1761923700,6894.25,6899.5,6894,6899,11065
1761924000,6899,6899,6894,6894.75,10073
1761924300,6894.75,6894.75,6887.75,6889,14245
1761924600,6889.25,6893.5,6887.5,6890.25,13215
1761924900,6890.5,6890.5,6880.5,6882,17241
1761925200,6881.75,6886.25,6875,6885.75,31291
1761925500,6886,6893.25,6875,6876.75,35852
1761925800,6876.75,6882.25,6874,6878.5,18790
1761926100,6878.25,6878.5,6872.5,6873.5,17138
1761926400,6873.75,6873.75,6866.75,6871,23481
1761926700,6870.75,6875.25,6865.5,6866,15559
1761927000,6865.75,6869,6862.25,6867,20091
1761927300,6866.75,6867,6857.75,6857.75,19455
1761927600,6857.5,6865.75,6856.5,6865.5,17878
1761927900,6865.5,6872.25,6865,6869.25,17753
1761928200,6869.25,6876.25,6868.75,6872,14229
1761928500,6872.25,6874.75,6869.75,6871.25,12667
1761928800,6871.25,6871.5,6861.25,6863.25,17901
1761929100,6863.25,6867.25,6860,6865.75,13203
1761929400,6865.5,6865.75,6857.75,6858.5,10802
1761929700,6858.25,6861.25,6852.5,6855,16600
1761930000,6855,6859.25,6851.25,6852,17525
1761930300,6852,6856.5,6848.5,6855.75,19554
1761930600,6855.75,6857.25,6848.5,6850.5,15679
1761930900,6850.25,6852,6845.5,6846.75,16923
1761931200,6847,6849.75,6843.5,6849,15696
1761931500,6849.25,6852.5,6847.25,6849.25,14374
1761931800,6849.5,6859,6849,6851.5,18246
1761932100,6851.75,6855,6845.5,6851,14935
1761932400,6851.25,6859.25,6849.25,6858.25,13194
1761932700,6858.25,6863.5,6858.25,6863,14412
1761933000,6863,6866.5,6861.25,6863.75,10615
1761933300,6863.75,6864,6858.25,6860.5,10182
1761933600,6860.25,6869.25,6859.5,6869.25,13875
1761933900,6869,6872,6866,6870.25,12352
1761934200,6870.25,6873.75,6868.75,6871.25,10313
1761934500,6871.5,6872.25,6867.25,6869.25,12006
1761934800,6869.25,6875.5,6868.5,6875,11811
1761935100,6875,6876,6871.75,6874.75,11178
1761935400,6874.75,6876.25,6872.75,6874.25,10342
1761935700,6874.25,6876.5,6871.5,6876.5,10574
1761936000,6876.25,6877.5,6873.5,6875.5,8393
1761936300,6875.75,6875.75,6872.25,6873,8335
1761936600,6872.75,6873.25,6868.75,6869.5,10875
1761936900,6869.75,6879.25,6869,6878,13529
1761937200,6878,6881,6874.5,6876.75,15979
1761937500,6876.5,6880.25,6876.25,6879,7645
1761937800,6878.75,6882,6878.5,6880.25,11054
1761938100,6880.5,6883.75,6879.25,6883.75,11104
1761938400,6883.75,6889.75,6883.25,6889.5,16903
1761938700,6889.75,6894.75,6888.5,6893,17151
1761939000,6893,6899.75,6890.75,6899.5,19141
1761939300,6899.25,6900,6892.25,6892.75,18686
1761939600,6892.75,6897,6892.5,6896.25,16267
1761939900,6896,6896.75,6887,6888,19186
1761940200,6888,6895.75,6882,6882.5,36913
1761940500,6882.5,6883,6871.75,6872,140766
1761940800,6872,6873.75,6867.75,6870,40999
1761941100,6870,6874.5,6869.75,6874.5,9370
1761941400,6874.75,6874.75,6870.75,6872,5328
1762180200,6908.25,6909.5,6897,6898.25,31172
1762180500,6898.25,6898.25,6887.5,6888,24902
1762180800,6888,6888,6881.25,6882.5,23985
1762181100,6882.5,6886.25,6880,6882.25,22264
1762181400,6882.25,6882.75,6874.25,6875.5,26882
1762181700,6875.75,6878,6872.25,6875.75,16632
1762182000,6876.25,6878.25,6869.25,6871.5,25043
1762182300,6871.5,6877,6866.75,6876,28484
1762182600,6876,6880.5,6873.25,6873.75,20375
1762182900,6873.5,6874,6864.25,6870.75,24812
1762183200,6870.75,6872,6865,6866.25,18345
1762183500,6866,6866,6852.75,6854.75,26318
1762183800,6854.75,6855.25,6849.5,6853.75,23817
1762184100,6854,6865.5,6851.75,6865.25,23709
1762184400,6865.25,6873,6864.75,6869.75,26674
1762184700,6870,6872.25,6864.5,6865.75,22784
1762185000,6865.75,6874.25,6865.75,6869.25,16974
1762185300,6869.25,6878.5,6869.25,6874.25,18221
1762185600,6874.25,6876,6870.75,6873.75,16328
1762185900,6873.75,6877,6872.75,6875.25,11884
1762186200,6875.25,6876.5,6869.75,6875,14891
1762186500,6875,6878.5,6871.5,6877.75,12326
1762186800,6877.75,6879.25,6873.5,6875.75,10127
1762187100,6876,6876.75,6868.75,6871,13898
1762187400,6871.25,6881.5,6870,6878.75,15447
1762187700,6878.5,6881,6874,6879.75,14829
1762188000,6879.75,6883,6877.5,6878.5,11137
1762188300,6878.5,6880.75,6874.75,6875.25,11415
1762188600,6875.5,6880.5,6872.75,6879.75,10997
1762188900,6879.75,6886.75,6879,6884.75,14678
1762189200,6884.75,6885,6877.5,6879.5,14542
1762189500,6879.5,6886,6879,6885.25,9112
1762189800,6885.25,6886.75,6884,6886.75,11487
1762190100,6886.75,6889.25,6884.25,6887.25,12776
1762190400,6887.25,6889.75,6883.75,6884.25,10365
1762190700,6884.25,6884.25,6874.75,6878.25,19173
1762191000,6878.25,6886,6878,6884.5,11740
1762191300,6884.5,6888.25,6883.75,6885.75,9932
1762191600,6886,6888.5,6884.5,6886,8614
1762191900,6886,6888.75,6885.5,6888.25,6763
1762192200,6888.25,6889.75,6886.5,6888,6721
1762192500,6888,6890.5,6887.5,6889.25,6590
1762192800,6889.25,6890,6887,6889.5,6958
1762193100,6889.75,6892.25,6889,6891.75,8005
1762193400,6891.75,6893,6890.5,6891.75,5373
1762193700,6891.75,6892.25,6889.25,6891.5,5429
1762194000,6891.5,6891.75,6887,6889.25,6966
1762194300,6889,6890,6886,6887.25,7583
1762194600,6887,6892.75,6887,6891,8621
1762194900,6891,6892.75,6889.75,6891.5,5260
1762195200,6891.25,6893.25,6889.75,6892.75,5355
1762195500,6892.75,6893,6888.75,6888.75,7278
1762195800,6888.5,6890,6885,6887.75,10020
1762196100,6887.5,6890,6886.5,6886.75,6583
1762196400,6886.75,6889.5,6881.75,6882.5,17856
1762196700,6882.5,6887.5,6882,6885.5,10320
1762197000,6885.5,6887.75,6883.25,6884.5,6926
1762197300,6884.75,6887,6882.25,6883.25,7241
1762197600,6883.25,6885,6881.75,6883.25,6865
1762197900,6883.25,6885.5,6881.5,6883.75,7021
1762198200,6883.5,6886.5,6883.25,6886,7398
1762198500,6886,6887,6883.75,6884,6114
1762198800,6883.75,6884.25,6876.5,6882,17755
1762199100,6882,6884.5,6881.75,6883.25,9252
1762199400,6883.25,6886.5,6882.5,6886.25,8875
1762199700,6886.25,6887.5,6884.25,6885,9237
1762200000,6885,6887,6884.5,6886.5,8681
1762200300,6886.25,6887.5,6883.25,6883.75,7118
1762200600,6883.5,6884.75,6881.25,6884,7627
1762200900,6883.75,6886,6882.5,6885.25,7566
1762201200,6885,6886.25,6882.25,6882.25,5764
1762201500,6882.25,6884.25,6881.25,6882.75,6530
1762201800,6882.75,6883,6876.75,6877.5,10410
1762202100,6877.25,6881.75,6875.75,6881.5,11842
1762202400,6881.75,6883.25,6880.25,6883,9423
1762202700,6883,6883.25,6876.5,6878,11409
1762203000,6877.75,6881.25,6875.75,6880.25,20632
1762203300,6880.5,6885.75,6878.5,6885.25,64943
1762203600,6885.25,6886.5,6882.25,6886,19227
1762203900,6885.75,6892.5,6885.75,6886,10148
1762204200,6886,6886.5,6882.75,6885.75,5409
1762266600,6810.25,6814,6797.5,6798.75,48460
1762266900,6798.75,6807.25,6795.75,6801.5,31758
1762267200,6801.75,6821.25,6798.5,6819.25,33838
1762267500,6819.25,6823,6814,6820.5,31092
1762267800,6820.75,6833,6819,6832,28557
1762268100,6832.25,6837.75,6830.5,6836.5,23034
1762268400,6836.25,6840.5,6834.75,6839.5,22868
1762268700,6839.25,6841.5,6833.25,6837.25,25095
1762269000,6837,6842,6833,6838.75,17668
1762269300,6838.75,6844,6838.5,6842.75,17298
1762269600,6842.75,6844,6839.5,6841.25,14464
1762269900,6841.5,6846,6840.75,6842.75,14043
1762270200,6843,6844.25,6839,6844.25,16210
1762270500,6844,6848,6841.5,6847,13822
1762270800,6847.25,6849.25,6843,6844.25,16150
1762271100,6844.25,6844.25,6836.5,6836.75,16803
1762271400,6837,6838.75,6833.25,6833.5,17331
1762271700,6833.5,6833.5,6825.75,6831.25,21003
1762272000,6831.25,6838,6830.75,6834,19639
1762272300,6833.75,6834,6829.25,6829.75,14213
1762272600,6829.75,6831.5,6826,6830.5,14306
1762272900,6830.5,6832.75,6826.5,6827.5,17578
1762273200,6827.5,6830,6825.25,6827.75,12398
1762273500,6827.5,6832.75,6825,6831.75,11962
1762273800,6831.75,6834.25,6828,6830.5,13406
1762274100,6830.5,6836,6828.75,6834.75,11808
1762274400,6835,6835.75,6828.5,6831.5,11360
1762274700,6831.5,6833.5,6825.25,6825.75,11780
1762275000,6825.75,6833.25,6824,6832.5,13970
1762275300,6832.5,6832.75,6824.75,6831.5,14849
1762275600,6831.75,6831.75,6824.75,6825.75,11761
1762275900,6825.75,6826,6820.75,6822.5,13449
1762276200,6822.25,6822.5,6818.75,6819.25,12306
1762276500,6819.25,6821,6809.25,6809.25,19746
1762276800,6809.25,6819.25,6806,6819,24713
1762277100,6819,6824.75,6817.25,6818.5,17451
1762277400,6818.5,6820.5,6814.75,6816.5,14963
1762277700,6816.5,6818,6812,6812.5,9338
1762278000,6812.5,6813,6807.25,6810.5,13760
1762278300,6810.75,6818.25,6810.5,6816.25,13815
1762278600,6816.25,6821.75,6811.25,6811.75,13600
1762278900,6811.5,6811.75,6806.25,6809.25,12336
1762279200,6809.25,6810.5,6805,6806.5,9574
1762279500,6806.5,6808.75,6804.25,6805.25,8269
1762279800,6805.25,6808.75,6804.5,6807.75,8832
1762280100,6807.75,6809.75,6800.25,6800.75,13481
1762280400,6800.5,6809.75,6799.25,6804.75,15754
1762280700,6804.75,6805.75,6798.75,6801.75,10334
1762281000,6801.5,6806,6798.75,6800,11976
1762281300,6800,6802,6797,6797.5,10872
1762281600,6797.25,6807.75,6796.25,6807.25,14457
1762281900,6807.5,6809.5,6802.75,6804,10932
1762282200,6803.75,6813.25,6803.75,6812.25,13225
1762282500,6812.25,6812.5,6807,6810.5,12387
1762282800,6810.25,6816,6809.25,6815.25,12185
1762283100,6815.25,6815.5,6806,6806.75,11582
1762283400,6806.5,6812.75,6805.5,6809.75,9724
1762283700,6809.5,6812.5,6808.25,6808.25,8579
1762284000,6808.5,6814.25,6807.5,6813.25,8150
1762284300,6813.25,6815.25,6810.5,6812,9475
1762284600,6812,6813,6803.5,6808.75,13249
1762284900,6808.75,6809.25,6798,6800,12511
1762285200,6799.75,6803.5,6794.75,6798.25,12349
1762285500,6798.25,6801.25,6796.5,6797.75,9451
1762285800,6797.75,6801.5,6796.25,6798.25,12772
1762286100,6798.25,6803.5,6798,6801.25,10390
1762286400,6801.25,6803.75,6799.5,6801.25,12042
1762286700,6801.25,6806,6800.75,6803.75,10148
1762287000,6803.5,6810,6801.75,6808.75,9972
1762287300,6808.75,6811.75,6807,6808.5,12788
1762287600,6808.5,6808.75,6800.25,6802.5,11091
1762287900,6802.5,6809.75,6802.25,6809.5,9249
1762288200,6809.5,6810.5,6803,6805.25,10507
1762288500,6805.25,6811.75,6804.75,6807.75,10179
1762288800,6807.75,6814,6806.75,6812.5,9551
1762289100,6812.5,6815,6803,6804.25,15128
1762289400,6804,6805.25,6797.5,6799.75,29146
1762289700,6800,6803.75,6795.75,6803.5,81575
1762290000,6803.5,6806.5,6801.75,6804,29917
1762290300,6804,6805.25,6800.5,6801.25,5725
1762290600,6801.5,6804,6800.5,6803.25,4367
1762353000,6798.5,6801.75,6792.75,6793,33179
1762353300,6793,6801.5,6789.75,6797.75,24921
1762353600,6797.5,6798.75,6790,6792.75,17947
1762353900,6792.75,6811.25,6792,6809,28613
1762354200,6808.75,6821.25,6808,6820.5,25654
1762354500,6820.5,6824.5,6817,6822,20330
1762354800,6821.75,6821.75,6813,6818.5,28571
1762355100,6818.5,6829.5,6816.5,6825,27843
1762355400,6825,6825,6816.5,6816.75,20158
1762355700,6817,6822.25,6815,6818,24594
1762356000,6817.75,6823.75,6809.5,6823.25,27398
1762356300,6823.25,6829,6818.25,6822.75,17326
1762356600,6822.75,6828.25,6820.5,6825,14637
1762356900,6824.75,6827.5,6823,6826,13299
1762357200,6825.75,6831.25,6825.25,6826,15603
1762357500,6826,6830.5,6824,6825,13952
1762357800,6825,6825.5,6820.25,6824.5,13870
1762358100,6824.25,6827.75,6817.75,6827,16571
1762358400,6827.25,6828.5,6819.75,6824.5,16162
1762358700,6824.5,6829.5,6821,6824.75,10505
1762359000,6824.75,6825,6816.25,6818.5,12596
1762359300,6818.5,6822,6816,6818.5,11025
1762359600,6818.25,6827.5,6816,6827.25,11584
1762359900,6827.25,6832.5,6826.25,6831.5,17182
1762360200,6831.25,6834.5,6829.25,6833.75,13107
1762360500,6834,6835.25,6830,6834.75,9684
1762360800,6834.75,6839.75,6834.75,6839.25,12995
1762361100,6839,6845.25,6837.75,6843.75,16050
1762361400,6843.75,6846.5,6842.5,6845.75,14875
1762361700,6845.75,6846.25,6842,6842.5,15026
1762362000,6842.5,6846,6841,6841.5,14008
1762362300,6841.25,6844.25,6839.5,6840.5,9942
1762362600,6840.75,6844.75,6839,6843.25,9664
1762362900,6843.25,6844.75,6841.5,6844.5,6846
1762363200,6844.5,6846.75,6843.75,6846,7980
1762363500,6846,6850,6845.5,6849.5,9555
1762363800,6849.5,6853.25,6848,6852.5,14803
1762364100,6852.5,6857.75,6851.5,6856,12651
1762364400,6856,6856.25,6853.25,6855.5,8280
1762364700,6855.75,6856,6851.5,6852,7823
1762365000,6852,6853.25,6850.75,6852,7053
1762365300,6852.25,6852.25,6848.75,6851,7698
1762365600,6851,6853.25,6849.25,6852.25,7644
1762365900,6852.5,6853,6850.25,6850.75,5719
1762366200,6850.5,6853,6849,6852.75,6411
1762366500,6852.5,6856,6852.5,6852.5,6791
1762366800,6852.5,6853,6850.25,6851.25,7526
1762367100,6851,6853.5,6849.75,6853,5252
1762367400,6853,6853.75,6851,6853.25,4909
1762367700,6853,6857.5,6852.75,6857.5,7340
1762368000,6857.25,6857.5,6854.5,6855,5802
1762368300,6855,6855.5,6853.25,6853.75,5903
1762368600,6853.5,6856,6853.5,6855.5,5770
1762368900,6855.25,6856,6853.75,6855.5,6595
1762369200,6855.25,6855.25,6850,6851,10045
1762369500,6851.25,6852.25,6846.25,6847.5,10097
1762369800,6847.5,6852,6847.5,6851.75,10056
1762370100,6852,6854.25,6851.25,6853,7024
1762370400,6853,6853.5,6851,6853.5,5303
1762370700,6853.5,6854,6850.5,6851.25,5321
1762371000,6851,6854.25,6850.5,6852.75,5896
1762371300,6852.75,6854.25,6852.25,6853.25,4043
1762371600,6853.25,6853.5,6851.5,6851.5,5191
1762371900,6851.75,6852.75,6850,6850,4597
1762372200,6850,6853.25,6850,6852.75,5856
1762372500,6852.75,6853.5,6851.25,6851.25,5097
1762372800,6851.25,6854.5,6851,6852.75,6188
1762373100,6852.75,6853.25,6850.25,6852.25,8767
1762373400,6852.25,6853.25,6851.75,6853,5438
1762373700,6853,6853.75,6850.75,6851.5,5530
1762374000,6851.5,6852.75,6849.5,6849.5,5884
1762374300,6849.5,6850,6845.75,6846.75,12159
1762374600,6846.5,6847.25,6843.5,6844.5,11775
1762374900,6844.5,6847,6843.75,6844.5,11451
1762375200,6844.5,6848,6841.25,6843,13109
1762375500,6843,6844,6838.5,6838.5,17004
1762375800,6838.75,6840.75,6835.75,6836,28320
1762376100,6836,6836.25,6823,6824.25,95065
1762376400,6824.25,6829.75,6820,6829.75,37499
1762376700,6829.5,6830.75,6823.5,6823.5,10892
1762377000,6823.75,6823.75,6820,6822.25,7161
1762439400,6812.25,6821.5,6811,6817.75,34554
1762439700,6818,6821,6813,6816,23007
1762440000,6816,6816,6804.25,6807.25,31426
1762440300,6807,6817.25,6806.75,6808.75,25141
1762440600,6808.5,6812.75,6795.75,6796.5,37140
1762440900,6796.25,6799.25,6788,6788.5,36426
1762441200,6788.5,6788.5,6772,6772.75,44993
1762441500,6772.5,6783.25,6772,6780.25,32677
1762441800,6780,6789.75,6777.25,6778,28203
1762442100,6778,6793.5,6774.5,6790.25,33247
1762442400,6790.25,6800.75,6790.25,6797.75,25467
1762442700,6797.75,6799.5,6791.5,6792.75,21528
1762443000,6792.5,6794,6781,6782.5,27469
1762443300,6782.75,6783,6764.25,6766,34178
1762443600,6766,6767.25,6756.75,6758,35609
1762443900,6757.75,6765,6756.5,6760.5,30316
1762444200,6760.5,6766,6757,6763.75,24318
1762444500,6763.75,6765.5,6754.25,6756.25,22268
1762444800,6756,6762.5,6755,6762,26878
1762445100,6762.25,6766.75,6757,6761.25,23357
1762445400,6761.25,6763,6755.5,6760.75,15866
1762445700,6760.5,6765,6751.75,6756.5,22594
1762446000,6756.75,6761.75,6750.5,6752,19699
1762446300,6752,6762,6748.75,6760.5,25128
1762446600,6760.75,6760.75,6753,6755.5,18298
1762446900,6755.5,6755.5,6744.25,6747,24828
1762447200,6747,6749.25,6740,6746,22424
1762447500,6746,6746.25,6740,6742.75,14579
1762447800,6742.75,6751.5,6741,6749.75,19417
1762448100,6749.75,6749.75,6736.75,6738.75,21388
1762448400,6738.75,6748.75,6738.75,6748,19864
1762448700,6748,6751.5,6741.5,6751.25,18616
1762449000,6751.25,6758,6747,6747,18206
1762449300,6747.25,6749.5,6742,6746,13805
1762449600,6746.25,6746.25,6736,6738.25,15109
1762449900,6738.5,6742.75,6733.5,6742.25,15971
1762450200,6742.25,6750.75,6739.25,6744.25,16849
1762450500,6744.5,6751.25,6744.25,6744.5,12578
1762450800,6744.75,6753.5,6744,6752.75,11509
1762451100,6753,6760.25,6752.25,6757.75,16104
1762451400,6758,6762.5,6757.25,6760.5,16330
1762451700,6760.5,6762.5,6755.75,6757.75,12288
1762452000,6757.75,6761.5,6749.75,6750.25,15068
1762452300,6750.5,6751,6739.25,6739.75,19414
1762452600,6739.75,6744.5,6738,6742.75,14781
1762452900,6742.5,6746,6739.75,6743,9510
1762453200,6743,6752.75,6741.75,6752.5,9817
1762453500,6752.5,6759.75,6752,6756.25,12420
1762453800,6756,6761.75,6755.75,6760.75,10672
1762454100,6760.75,6767,6759.25,6764.75,13262
1762454400,6764.75,6769,6763.75,6766.5,9474
1762454700,6766.75,6767,6760.25,6765.25,13800
1762455000,6765.5,6768,6762.75,6766.75,9307
1762455300,6766.75,6767.25,6757.5,6762,12069
1762455600,6762.25,6770.5,6759.5,6769.5,12422
1762455900,6769.5,6777,6768.25,6769.75,18439
1762456200,6769.5,6776,6769.25,6775.25,8961
1762456500,6775.25,6776.5,6769,6772,10706
1762456800,6772,6774.5,6770.75,6773.75,7357
1762457100,6774,6782.5,6773.75,6781,15162
1762457400,6781,6782.75,6776,6780.75,11597
1762457700,6780.75,6784.5,6779.25,6779.25,9430
1762458000,6779.25,6779.5,6769,6775.5,19180
1762458300,6775.5,6776.75,6768.5,6771.75,10853
1762458600,6771.75,6774,6767.25,6772.5,11037
1762458900,6772.5,6781.25,6771.75,6777,14187
1762459200,6776.75,6778.75,6772,6775,11783
1762459500,6775,6778.75,6774,6776.5,10818
1762459800,6776.25,6780.25,6774,6777,8865
1762460100,6777,6778.5,6771,6777.25,9952
1762460400,6777.25,6780,6775,6779.25,8934
1762460700,6779,6780.75,6769.5,6770.25,11016
1762461000,6770.25,6774,6763.75,6772.25,16683
1762461300,6772.25,6774.25,6765.75,6766.25,10878
1762461600,6766.25,6769.25,6760.75,6761,13939
1762461900,6761.25,6763,6750.75,6751,19669
1762462200,6750.75,6758,6750.5,6752.5,27477
1762462500,6752.5,6753.5,6742.5,6750,87588
1762462800,6750.25,6756,6748.75,6755,26723
1762463100,6755,6757.75,6754.25,6755.5,5746
1762463400,6755.5,6760,6754.75,6759.75,6093
1762525800,6723.5,6723.75,6706,6706.75,45138
1762526100,6706.75,6708.25,6687.75,6688.75,42377
1762526400,6688.75,6701.75,6687.25,6698.25,41749
1762526700,6698,6704.75,6692.75,6692.75,36281
1762527000,6692.75,6708.25,6691.75,6704.5,31784
1762527300,6704.5,6712.5,6700.75,6706.5,21671
1762527600,6706.75,6708.5,6692.5,6694,30778
1762527900,6693.75,6702.75,6683.5,6701.5,37306
1762528200,6701.5,6710.25,6700.25,6709.5,34297
1762528500,6709.25,6716.25,6704,6708.5,34407
1762528800,6708.5,6714.75,6698.25,6699.5,26569
1762529100,6699.5,6712.5,6699,6703.25,25550
1762529400,6703.25,6707,6696.25,6696.5,25084
1762529700,6696.5,6704.25,6690.25,6691.25,22346
1762530000,6690.75,6695.5,6685.25,6686.25,20395
1762530300,6686,6687.75,6679.25,6683.5,27879
1762530600,6683.5,6691.25,6681.25,6683.5,22740
1762530900,6683.5,6683.5,6676.25,6677,21324
1762531200,6677,6684,6675.75,6680.75,22995
1762531500,6680.75,6683.75,6675,6676,19893
1762531800,6676.25,6679,6670,6671.25,23340
1762532100,6671.25,6676.75,6666.25,6676.25,24178
1762532400,6676,6682.25,6674.5,6675,21137
1762532700,6675,6675.5,6670.5,6672.25,14330
1762533000,6672,6677.25,6670.25,6676.5,17495
1762533300,6676.75,6677.75,6667.5,6669.5,15532
1762533600,6669.25,6676.75,6665.5,6675.75,20904
1762533900,6675.75,6677.5,6667,6669.5,15064
1762534200,6669.25,6677,6668,6668.5,17565
1762534500,6668.5,6670,6657,6663.25,22025
1762534800,6663.25,6665.5,6659.25,6659.75,14575
1762535100,6659.75,6664,6655.5,6662,16700
1762535400,6661.75,6670.5,6657.75,6669.25,19457
1762535700,6669.25,6675,6668.5,6673.25,16801
1762536000,6673.5,6685.75,6670.75,6682,22947
1762536300,6682.25,6686.5,6677.75,6679.5,21059
1762536600,6679.5,6684.5,6678.25,6681.5,17665
1762536900,6681.25,6683.5,6673.25,6676.25,15894
1762537200,6676,6678,6670.75,6675,13522
1762537500,6675.25,6678.5,6666.75,6667.5,14430
1762537800,6667.5,6673.5,6664,6672.75,17546
1762538100,6672.5,6684,6672.25,6683.25,15559
1762538400,6683,6687.5,6682.25,6684.5,14410
1762538700,6684.5,6689.25,6679.75,6686.5,14880
1762539000,6686.75,6690.75,6684.5,6689,14021
1762539300,6689.25,6691,6684,6690,12816
1762539600,6690,6695.75,6688.25,6695.75,14931
1762539900,6695.75,6699.75,6694.75,6697.25,18713
1762540200,6697.25,6700.5,6696.25,6696.75,16293
1762540500,6696.75,6704,6693.5,6704,18898
1762540800,6704,6705,6700,6701.5,14897
1762541100,6701.5,6703.5,6692,6692.5,18908
1762541400,6692.5,6692.5,6686,6692.5,18025
1762541700,6692.25,6704.25,6692.25,6700.25,20575
1762542000,6700,6706.5,6696,6703.25,18419
1762542300,6703,6707.5,6701,6704.25,12241
1762542600,6704.5,6707.5,6701.75,6707,12570
1762542900,6706.75,6709.5,6703,6704,15031
1762543200,6704,6710.75,6704,6710,12956
1762543500,6710,6710,6705,6708.75,10499
1762543800,6708.75,6720.75,6708.75,6719.75,20114
1762544100,6719.75,6729.5,6717.75,6728,17418
1762544400,6728.25,6740,6728.25,6737.75,27364
1762544700,6738,6738.25,6727.75,6735,30235
1762545000,6735,6741.5,6732.25,6741.25,19226
1762545300,6741.25,6744,6735,6743.25,15445
1762545600,6743.25,6744.75,6738.25,6740,19241
1762545900,6740.25,6741,6730.5,6740.25,28144
1762546200,6740.25,6743.25,6737.25,6739,14326
1762546500,6739,6741,6730.25,6734,16167
1762546800,6734,6735,6726.25,6727.75,16724
1762547100,6727.75,6735.75,6723.25,6730.75,18315
1762547400,6730.75,6738.75,6730.75,6734.25,15170
1762547700,6734.25,6740,6734,6739.75,11437
1762548000,6739.75,6745.25,6734.75,6744.5,16978
1762548300,6744.25,6744.75,6731,6731.5,16700
1762548600,6731.5,6745,6730.75,6742,28828
1762548900,6742,6755.5,6740.5,6753.25,86550
1762549200,6753.5,6762.5,6753.25,6759.25,31003
1762549500,6759.25,6761.75,6757,6758,8759
1762549800,6757.75,6761.25,6757,6760.5,6566
1762785000,6815.75,6824.5,6813.5,6821.25,41599
1762785300,6821.25,6832,6821.25,6831,25202
1762785600,6831.25,6834.5,6828,6831,26829
1762785900,6831,6835.5,6828.25,6829.25,28606
1762786200,6829.25,6829.75,6823.75,6828,27321
1762786500,6827.75,6833.75,6825.5,6829,20604
1762786800,6828.75,6831.75,6826.25,6830.75,20591
1762787100,6830.75,6833,6828.5,6830.5,16705
1762787400,6830.5,6835.25,6828,6829,17040
1762787700,6829.25,6833,6824.75,6826.5,19221
1762788000,6826.5,6834,6825.5,6833.75,18651
1762788300,6834,6835.75,6830.75,6832,16897
1762788600,6832,6833,6828.5,6830.5,15833
1762788900,6830.5,6833,6823.75,6824.5,15431
1762789200,6824.75,6825.25,6820.5,6820.75,19062
1762789500,6820.75,6824.25,6818.25,6820,20785
1762789800,6820.25,6820.25,6806.75,6812,34637
1762790100,6812.25,6812.25,6804.5,6805.5,20761
1762790400,6805.5,6806,6799,6800.75,29552
1762790700,6800.75,6806.25,6795,6803.75,30036
1762791000,6803.75,6811,6803.5,6807,20097
1762791300,6807.25,6809.5,6802,6806,17111
1762791600,6806,6807.75,6798,6800.5,17485
1762791900,6800.75,6803,6798,6798,17354
1762792200,6798.25,6805.75,6798.25,6801.25,16836
1762792500,6801.5,6802.25,6797.5,6798.75,13101
1762792800,6799,6801,6792.75,6800.75,16921
1762793100,6800.5,6801.25,6796.5,6800.25,15034
1762793400,6800.5,6803.5,6797,6798.5,11741
1762793700,6798.5,6809.5,6797.75,6809,13127
1762794000,6809.25,6818.5,6807.25,6817.75,15817
1762794300,6817.75,6822,6814.75,6816,15647
1762794600,6815.75,6816.5,6809.25,6810.25,15592
1762794900,6810.25,6815.25,6808.25,6813.5,11631
1762795200,6813.5,6818.25,6812.5,6814.75,10591
1762795500,6815,6821,6814.75,6817.5,8775
1762795800,6817.75,6823.5,6817.75,6823,8678
1762796100,6823,6826,6822,6825.75,8302
1762796400,6825.75,6831.75,6825,6827.75,14164
1762796700,6827.75,6833.5,6827.5,6832,9269
1762797000,6832.25,6838.5,6832.25,6838,16382
1762797300,6838.25,6840.75,6837.25,6837.75,14530
1762797600,6837.75,6841.25,6836.75,6838.75,10440
1762797900,6838.5,6841.75,6837.75,6840.5,14816
1762798200,6840.25,6841.75,6839.5,6840.75,6789
1762798500,6840.75,6844.25,6840.75,6842.75,8881
1762798800,6842.5,6843,6840,6842.75,8119
1762799100,6842.5,6843.25,6837.25,6838.5,10448
1762799400,6838.5,6845,6838.5,6843.5,10446
1762799700,6843.5,6846.75,6843.25,6846,8171
1762800000,6846,6847.5,6844.5,6845.5,8728
1762800300,6845.5,6848.5,6844.5,6848.5,8356
1762800600,6848.5,6849,6845.75,6846.5,7723
1762800900,6846.75,6846.75,6841.75,6842.25,11523
1762801200,6842.5,6846.25,6842,6846.25,8359
1762801500,6846,6848.25,6845.5,6846.75,6536
1762801800,6847,6847.5,6843,6845,9193
1762802100,6845,6847.75,6843.75,6847,5714
1762802400,6847,6848,6846.25,6847.5,4598
1762802700,6847.5,6853.25,6847.25,6851.5,10885
1762803000,6851.25,6852.5,6849.25,6849.75,8780
1762803300,6849.5,6851.5,6849,6851.5,6795
1762803600,6851.25,6854,6851,6853.25,8046
1762803900,6853.25,6854.75,6852.25,6854,7321
1762804200,6853.75,6860.25,6853.25,6859,13553
1762804500,6859,6860.5,6855.5,6856.5,13517
1762804800,6856.5,6860.75,6856.25,6860.75,10425
1762805100,6860.75,6862,6859,6860.75,8304
1762805400,6860.75,6864.75,6860.5,6864,9451
1762805700,6864,6864,6857.75,6859.25,12175
1762806000,6859.25,6860,6855,6857.75,10347
1762806300,6857.5,6860.5,6856.5,6856.75,10029
1762806600,6856.5,6857.5,6854,6856,14574
1762806900,6855.75,6863.75,6855.25,6862.25,12910
1762807200,6862,6862.25,6859.25,6861.25,10729
1762807500,6861,6865,6859.75,6864.5,16580
1762807800,6864.25,6865.75,6858.75,6863.5,33352
1762808100,6863.5,6863.75,6855,6857,99596
1762808400,6857,6859.75,6855.75,6859.75,27199
1762808700,6859.75,6863.25,6859,6862.5,6719
1762809000,6862.75,6862.75,6861,6862.25,4320
1762871400,6842.5,6848.5,6842.25,6844,27583
1762871700,6844,6848.5,6843,6846.5,17438
1762872000,6846.5,6847,6840.75,6844,18759
1762872300,6843.75,6847.75,6841.25,6841.5,15686
1762872600,6841.5,6843.5,6837.5,6842.5,18419
1762872900,6842.75,6852,6840,6850.5,21613
1762873200,6850.5,6850.5,6844,6844.75,18567
1762873500,6844.5,6846,6834.25,6842,29250
1762873800,6841.75,6843.75,6836.25,6838,15605
1762874100,6838,6838.25,6831.75,6832.25,19886
1762874400,6832.25,6839,6831.5,6837.75,16720
1762874700,6837.75,6842.25,6835.75,6837.75,17253
1762875000,6837.75,6839.75,6831.25,6833.5,19670
1762875300,6833.5,6836.75,6831.25,6836.25,18912
1762875600,6836.25,6840.25,6833.75,6837.5,18305
1762875900,6837.5,6839.5,6832,6835.75,15721
1762876200,6835.75,6835.75,6831,6833.75,13452
1762876500,6834,6836,6830.5,6834.75,14013
1762876800,6834.5,6839.75,6833.75,6837,16277
1762877100,6837,6840.25,6835.75,6836.25,13656
1762877400,6836,6842.75,6836,6838.5,14168
1762877700,6838.5,6846.25,6837.5,6845.75,15271
1762878000,6846,6851,6843.5,6848.75,18118
1762878300,6849,6849.5,6835.75,6836.5,19873
1762878600,6836.5,6840.75,6830.75,6840,23737
1762878900,6840,6843.5,6838,6839.75,14679
1762879200,6840,6843.25,6836.25,6840.75,13868
1762879500,6841,6845.25,6839.5,6844.5,12414
1762879800,6844.25,6845.75,6840.5,6844.5,12147
1762880100,6844.5,6846.25,6839.75,6841,11378
1762880400,6841,6846.25,6840.25,6845.5,11182
1762880700,6845.5,6851.75,6845.5,6849.75,17593
1762881000,6849.75,6851.5,6846.5,6851,11888
1762881300,6851,6856,6850.75,6855.5,16526
1762881600,6855.5,6857.5,6853.5,6856.5,11831
1762881900,6856.5,6856.75,6851,6854,13482
1762882200,6854,6856.25,6853.5,6855.5,8927
1762882500,6855.25,6856.75,6853,6854.75,9636
1762882800,6854.5,6857.75,6853,6857.75,9445
1762883100,6857.75,6861,6855.75,6859.5,10422
1762883400,6859.5,6864.75,6858,6862.75,14647
1762883700,6862.75,6866.25,6862.5,6864.75,11855
1762884000,6864.75,6869.75,6864,6867.5,18325
1762884300,6867.5,6869.75,6866.25,6866.5,9220
1762884600,6866.5,6869.5,6865.75,6867.5,8163
1762884900,6867.5,6874,6866.25,6873.75,13210
1762885200,6873.75,6876.5,6870,6871.75,16641
1762885500,6871.5,6874.25,6868.75,6873.25,14078
1762885800,6873,6875,6869.5,6870.75,9873
1762886100,6870.5,6870.75,6865.25,6869.75,14099
1762886400,6869.75,6873.5,6869.5,6873,13386
1762886700,6873,6875.25,6872,6874.5,9888
1762887000,6874.5,6876.75,6872,6873.75,9302
1762887300,6873.75,6876.75,6873.25,6875.75,7061
1762887600,6875.75,6875.75,6869.75,6873.5,11219
1762887900,6873.75,6874.25,6868.25,6869.75,9603
1762888200,6869.75,6874.75,6869.25,6873.25,8473
1762888500,6873.5,6877,6872.75,6873.25,9154
1762888800,6873.25,6874.75,6871.5,6874.5,8267
1762889100,6874.5,6876.75,6873.25,6875.25,7693
1762889400,6875.25,6877.25,6874.5,6875.5,7446
1762889700,6875.25,6876.25,6872.5,6874.75,6962
1762890000,6874.5,6876,6872.5,6873,7522
1762890300,6873,6877.5,6870.75,6876,8320
1762890600,6876,6877,6874.75,6876.75,5694
1762890900,6876.5,6878,6873.5,6875,7423
1762891200,6875,6877.25,6874.5,6877,6109
1762891500,6877,6878.25,6875.5,6876,7494
1762891800,6875.75,6879.25,6875.25,6877.5,6158
1762892100,6877.25,6877.75,6874.75,6875.5,7104
1762892400,6875.75,6876.5,6871.5,6874.25,10773
1762892700,6874.25,6875.75,6871.25,6872.5,12617
1762893000,6872.5,6874.25,6868.5,6872,13487
1762893300,6872,6872.75,6870.25,6872,9067
1762893600,6871.75,6875,6869.75,6875,12703
1762893900,6874.75,6875.5,6872,6873,11972
1762894200,6873,6879.75,6872.75,6876.5,22960
1762894500,6876.75,6876.75,6866.75,6872.75,62205
1762894800,6872.75,6875.25,6869.25,6873.75,21533
1762895100,6873.75,6876.25,6873.25,6875.75,6072
1762895400,6876,6878.75,6875.25,6878.5,7788
1762957800,6891.25,6891.75,6882.25,6885.25,29593
1762958100,6885.25,6892.75,6884.75,6891.25,18003
1762958400,6891.25,6892,6883.5,6884.5,21076
1762958700,6884.5,6887.25,6874.5,6876,25544
1762959000,6875.75,6882.25,6874.25,6878,22906
1762959300,6878,6881,6873.75,6880,16919
1762959600,6880,6885.25,6878.5,6882.25,20136
1762959900,6882.25,6884,6877.5,6883,14787
1762960200,6883,6884.25,6873.25,6874.25,17070
1762960500,6874,6876.75,6872,6873.75,18056
1762960800,6873.75,6876.75,6872.25,6872.5,13219
1762961100,6872.75,6878,6871,6875,17442
1762961400,6875,6875.5,6868,6868.5,18352
1762961700,6868.25,6870.5,6860.75,6870,31995
1762962000,6869.75,6873.75,6868.75,6871.25,19608
1762962300,6871.25,6874.25,6867.5,6869,16773
1762962600,6869,6870.25,6863.75,6864.25,18404
1762962900,6864.25,6869.25,6862,6866.25,19044
1762963200,6866.5,6868.25,6863,6863.25,17804
1762963500,6863,6866,6861,6861.25,12995
1762963800,6861.25,6861.75,6854.25,6857.5,23952
1762964100,6857.5,6863.75,6857.5,6862.75,17745
1762964400,6863,6865,6859.5,6860,13646
1762964700,6860.25,6868,6860,6866.75,16138
1762965000,6866.75,6872.25,6863.5,6867,22217
1762965300,6867,6872.75,6866.25,6868,14182
1762965600,6868.25,6869.75,6863.5,6863.75,12783
1762965900,6864,6867.75,6852,6855.75,21784
1762966200,6855.75,6863,6855.5,6857.75,17830
1762966500,6857.75,6865.25,6857.5,6860.25,13403
1762966800,6860.25,6862.5,6858,6862.25,12502
1762967100,6862.25,6867.5,6861.75,6864.25,13831
1762967400,6864.25,6867.25,6860,6866.75,10246
1762967700,6866.75,6870.5,6860.25,6862.25,15244
1762968000,6862.5,6870.25,6862,6867,13037
1762968300,6867.25,6869.5,6865,6867.25,8775
1762968600,6867.25,6870,6866.25,6869.25,9966
1762968900,6869.25,6879,6869,6877.25,15403
1762969200,6877.5,6881.25,6875.75,6876,16789
1762969500,6876,6879.75,6871.75,6872.75,16019
1762969800,6872.75,6874.25,6868.25,6873,15921
1762970100,6873,6880.25,6871.75,6879.25,13137
1762970400,6879,6880.75,6877.75,6879.75,8777
1762970700,6879.5,6879.75,6873.5,6874,10699
1762971000,6874,6879.75,6873,6879.5,11024
1762971300,6879.25,6881.75,6878.25,6880.5,9431
1762971600,6880.5,6880.5,6876.25,6878,8852
1762971900,6878,6880.25,6873.75,6877.75,10277
1762972200,6877.5,6881,6876.5,6879.25,9358
1762972500,6879.25,6882.25,6878,6882.25,7611
1762972800,6882.25,6884.25,6878.5,6878.75,12987
1762973100,6878.75,6879.25,6875,6876.25,10970
1762973400,6876.25,6880.25,6875.75,6878.5,6785
1762973700,6878.25,6880.5,6877.75,6878.75,5251
1762974000,6878.75,6880.5,6876.75,6878.5,9993
1762974300,6878.5,6878.5,6873.75,6878.25,9098
1762974600,6878.25,6878.25,6872,6872.25,9513
1762974900,6872.5,6873.25,6870,6872.25,13097
1762975200,6872,6875,6869.75,6870.75,8940
1762975500,6871,6875,6867.5,6870,10241
1762975800,6870,6870.75,6865,6869,14611
1762976100,6869,6874,6868,6872.5,10525
1762976400,6872.5,6874.75,6870,6871.5,8837
1762976700,6871.25,6874.75,6870.25,6870.75,6966
1762977000,6870.5,6873.75,6868.5,6873.75,7589
1762977300,6873.5,6875.25,6867.5,6870.5,10654
1762977600,6870.5,6871.5,6866,6869,10974
1762977900,6869,6869.25,6863.5,6868,12911
1762978200,6867.75,6869.75,6867,6869,8811
1762978500,6869,6873,6866.75,6872.75,9725
1762978800,6873,6873.5,6870.25,6872,7040
1762979100,6872,6877,6871.25,6876,7082
1762979400,6876.25,6882.5,6874,6881,12772
1762979700,6881,6881.75,6873.75,6876.5,13118
1762980000,6876.5,6880.5,6876.5,6880,9337
1762980300,6879.75,6880.25,6875,6876.75,10275
1762980600,6876.75,6884,6876.75,6878,21080
1762980900,6878,6879.25,6869.5,6876,62363
1762981200,6876.25,6879.75,6876,6878.25,24143
1762981500,6878.25,6880.5,6877.5,6879,6960
1762981800,6878.75,6881,6877.75,6879,4725
1763044200,6847.25,6849.25,6839.75,6842.5,33531
1763044500,6842.75,6844.25,6829.5,6830.5,33905
1763044800,6830.25,6831.75,6818.5,6819.25,35767
1763045100,6819.5,6828.25,6817,6823.5,32429
1763045400,6823.5,6833.75,6822.75,6826.75,28100
1763045700,6827,6835.75,6825.5,6829.5,21269
1763046000,6829.5,6836.25,6821.25,6823.25,27360
1763046300,6823.25,6842,6823,6841.25,26176
1763046600,6841.25,6847.75,6838,6846,25390
1763046900,6846,6850.5,6841.75,6842.25,25927
1763047200,6842,6845.5,6834.75,6838.75,21244
1763047500,6838.75,6839.25,6829,6831,20830
1763047800,6831,6832,6818.75,6819.25,22759
1763048100,6819.25,6823.5,6813.25,6818.75,31638
1763048400,6818.5,6821.5,6812.5,6813.75,23805
1763048700,6813.5,6814.5,6801,6803.25,33735
1763049000,6803.25,6805.25,6796,6797.25,29740
1763049300,6797.25,6806.5,6794.5,6805.75,33313
1763049600,6806,6809.25,6799,6799.5,26657
1763049900,6799.25,6802,6793.5,6801.25,24000
1763050200,6801.25,6801.25,6795,6800,19891
1763050500,6800.25,6804.25,6792,6797.25,23249
1763050800,6797.5,6803.75,6793.25,6793.75,21650
1763051100,6793.75,6801,6790.75,6798.5,21459
1763051400,6798.5,6806.25,6795.25,6805,21608
1763051700,6805,6807.5,6789,6789.5,29632
1763052000,6789.5,6791,6783.25,6786.25,25753
1763052300,6786.25,6792,6784.25,6791,19685
1763052600,6791,6795.25,6785.75,6788.75,20422
1763052900,6789,6795.25,6785,6793,17654
1763053200,6793,6797.25,6787.5,6796.75,19999
1763053500,6796.75,6801,6787.5,6788.25,20585
1763053800,6788.25,6791.5,6784.5,6786.75,16102
1763054100,6787,6797.5,6786.5,6792.25,19767
1763054400,6792.25,6800.75,6791.5,6798.25,15745
1763054700,6798.5,6802.75,6794,6800.25,14416
1763055000,6800,6806,6799.75,6802.5,17409
1763055300,6802.75,6803.25,6794.5,6802.25,16003
1763055600,6802.25,6802.75,6791.75,6792.25,13160
1763055900,6792.5,6793,6784,6789.5,22236
1763056200,6789.5,6792,6785.75,6789,16962
1763056500,6789,6789.5,6780.75,6782.5,16369
1763056800,6782.5,6786.5,6781.75,6782.75,13188
1763057100,6783,6788.75,6780.75,6782.25,12206
1763057400,6782,6787.75,6778.5,6785.75,13391
1763057700,6785.75,6787.25,6777,6777.5,15236
1763058000,6777.5,6781.25,6774.5,6776.25,15281
1763058300,6776.25,6776.5,6767,6769.5,20322
1763058600,6769.25,6770,6765,6765.75,20531
1763058900,6765.75,6767.25,6757.25,6759,21316
1763059200,6759,6766.75,6756,6766.75,23554
1763059500,6766.75,6770.25,6762.25,6766.5,21531
1763059800,6766.25,6770,6763.5,6764.5,18308
1763060100,6764.5,6769.25,6762.75,6767.75,18494
1763060400,6767.75,6770,6759,6762,20036
1763060700,6762,6765.75,6757.75,6762.5,16345
1763061000,6762.5,6764.75,6756.75,6758.25,13834
1763061300,6758.25,6765.5,6756.75,6760.25,14811
1763061600,6760.5,6770,6759.25,6767.75,18057
1763061900,6767.75,6776.75,6767.5,6776.5,19169
1763062200,6776.25,6777.5,6769.25,6774,19670
1763062500,6773.75,6776.25,6764.25,6768.5,17627
1763062800,6768.5,6768.5,6759.75,6765,16116
1763063100,6765.25,6767.75,6757.5,6759.75,15141
1763063400,6759.75,6766,6754.25,6755,17752
1763063700,6755,6760.25,6746,6758,24266
1763064000,6758,6760.75,6752.75,6753.75,23313
1763064300,6753.75,6760.75,6750.5,6759.75,16561
1763064600,6759.75,6761.25,6753.5,6757,14270
1763064900,6757,6761.5,6752,6752.75,19671
1763065200,6752.5,6753.75,6746,6753.25,19727
1763065500,6753.25,6757.75,6748.5,6757.25,15781
1763065800,6757.25,6762,6754.75,6761.25,17507
1763066100,6761,6769,6760.5,6767.5,17339
1763066400,6767.5,6771.5,6761.25,6764.5,18699
1763066700,6764.5,6767.5,6756.5,6756.75,18604
1763067000,6756.5,6765.25,6748.5,6749.25,34312
1763067300,6749.25,6762.5,6749,6762,93804
1763067600,6762,6772.75,6761.5,6770.75,31325
1763067900,6771,6775,6768.75,6774.75,7148
1763068200,6774.75,6776.75,6772.25,6776.75,6289
1763130600,6692,6697.25,6670.5,6674.25,52818
1763130900,6674,6703,6673.5,6697.75,52925
1763131200,6697.75,6707,6692.25,6705.25,42085
1763131500,6705,6721.75,6702.25,6716.75,47662
1763131800,6716.75,6723.25,6710,6718.75,34114
1763132100,6718.75,6726.5,6717.25,6725,32919
1763132400,6725,6726,6712.25,6714,37599
1763132700,6714.25,6728,6711.25,6722,36012
1763133000,6721.75,6726,6707.25,6713.75,37087
1763133300,6713.75,6730,6712.5,6722.25,33396
1763133600,6722.5,6730,6717.5,6720.5,29006
1763133900,6720.5,6738,6713.5,6736.25,34188
1763134200,6736.25,6739.5,6729.75,6736.25,34922
1763134500,6736,6748.25,6733,6747.5,29472
1763134800,6747.25,6750.75,6743.5,6749,23212
1763135100,6748.75,6766.75,6746.75,6761,35471
1763135400,6761.25,6766.25,6758.5,6761.5,22772
1763135700,6761.5,6762,6753,6761,21237
1763136000,6760.75,6764.25,6750,6752,20979
1763136300,6752,6756,6747.25,6755.75,21292
1763136600,6755.75,6764,6753.5,6759.75,17693
1763136900,6759.75,6769.75,6759.75,6768,17106
1763137200,6768,6778.25,6763.25,6778,21700
1763137500,6778.25,6787.5,6777.25,6782.75,24121
1763137800,6782.75,6783.5,6774,6776.75,23198
1763138100,6776.75,6787.25,6775.25,6785.75,16495
1763138400,6786,6788.75,6776,6777.75,18195
1763138700,6777.75,6780.25,6770,6779.75,17909
1763139000,6779.5,6785,6779.5,6784,12979
1763139300,6784,6786.75,6780.5,6786,13765
1763139600,6785.75,6787.5,6780.5,6787,13792
1763139900,6786.75,6789.75,6783,6788.25,12871
1763140200,6788.25,6795.25,6788,6791.5,14498
1763140500,6791.5,6793,6785.75,6791.5,13194
1763140800,6791.75,6792.75,6788,6789.25,12864
1763141100,6789,6790.5,6782,6789.25,16273
1763141400,6789.5,6789.5,6780.75,6785.75,13049
1763141700,6785.75,6795.5,6785.5,6793.75,12048
1763142000,6793.75,6794,6784.25,6786.75,13325
1763142300,6786.75,6791.25,6778,6778.25,14758
1763142600,6778.25,6782.25,6770,6780.5,22802
1763142900,6780.25,6782.5,6775.5,6779.25,13185
1763143200,6779.25,6779.25,6763.25,6764.5,23431
1763143500,6764.5,6771.75,6760.75,6771.5,21547
1763143800,6771.5,6782.25,6767.75,6781.5,16829
1763144100,6781.5,6781.75,6767.5,6769.25,13944
1763144400,6769.25,6770,6760,6765,16255
1763144700,6765,6770.5,6761.25,6770,11871
1763145000,6769.75,6775.25,6766.5,6772.5,14787
1763145300,6772.25,6773.5,6759.25,6761,14227
1763145600,6761,6761.75,6754,6755.25,16500
1763145900,6755.25,6758.75,6753.5,6757.25,13981
1763146200,6757.25,6775,6757.25,6774,17077
1763146500,6774,6776.5,6768.25,6771.25,15113
1763146800,6771,6774.5,6767,6768.25,13352
1763147100,6768.5,6771,6761.25,6765,12420
1763147400,6765,6769.75,6762.25,6769.5,9469
1763147700,6769.75,6774,6768,6770.25,11250
1763148000,6770.25,6783,6770.25,6781.5,13176
1763148300,6781.5,6782,6774.5,6778.75,11759
1763148600,6778.75,6782.25,6774.5,6777.25,13214
1763148900,6777,6782.5,6775.25,6780.75,7670
1763149200,6780.75,6782,6776.75,6780,10145
1763149500,6780,6787.5,6778.5,6780.75,14510
1763149800,6780.5,6786,6779.5,6783.5,8881
1763150100,6783.5,6786.75,6780.25,6785,10019
1763150400,6785,6789.75,6783.25,6786.5,13457
1763150700,6786.75,6787.25,6775.75,6778.25,13443
1763151000,6778.5,6782.5,6774.25,6775.5,10116
1763151300,6775.75,6777.5,6767.25,6768.75,16699
1763151600,6768.5,6770.25,6760.5,6765.25,16199
1763151900,6765,6767.75,6761.75,6765,12319
1763152200,6764.75,6769.25,6761,6767.25,14247
1763152500,6767.25,6769.75,6761.5,6764.5,14431
1763152800,6764.25,6764.5,6757.75,6759.25,15230
1763153100,6759.25,6763.75,6750.5,6750.75,17521
1763153400,6750.5,6760.25,6750.25,6755.25,25104
1763153700,6755.25,6758.5,6750,6758,66689
1763154000,6758,6759.75,6750.75,6756,21164
1763154300,6756.25,6762.25,6753,6759.5,12833
1763154600,6759.75,6765.75,6758.25,6764.25,7000
1763389800,6734.25,6748.75,6726.5,6748.75,42308
1763390100,6748.75,6764,6748.25,6763.75,29099
1763390400,6763.75,6764.5,6753.75,6757.25,30035
1763390700,6757.25,6768.75,6755.75,6765.25,20330
1763391000,6765.25,6774.25,6765.25,6772.5,19507
1763391300,6772.5,6774.75,6763,6765,17831
1763391600,6765.25,6769.5,6751.25,6753,24248
1763391900,6753,6760,6742,6746.25,30164
1763392200,6746.5,6758,6745.5,6755,19452
1763392500,6755,6759,6743.5,6745.25,18135
1763392800,6745,6756,6742.75,6750.75,22628
1763393100,6750.75,6760.75,6745.5,6758.25,16506
1763393400,6758,6761.5,6741.5,6747.25,20230
1763393700,6747,6752.25,6742.5,6743.25,21457
1763394000,6743.25,6755,6738.25,6754.5,19232
1763394300,6754.25,6758.5,6746.25,6749,17500
1763394600,6749,6752,6743.5,6749,14695
1763394900,6749,6752.5,6740.5,6744.5,15155
1763395200,6744.5,6747.25,6735,6740,19635
1763395500,6740,6741,6726.25,6729.5,18052
1763395800,6729.5,6733,6722.5,6723.75,18957
1763396100,6723.75,6723.75,6714.75,6718.25,24302
1763396400,6718,6724.75,6715.25,6723,21298
1763396700,6723,6742.75,6720.25,6742,25694
1763397000,6742.25,6750,6740.75,6745.75,25005
1763397300,6746,6751.25,6742,6749.75,17293
1763397600,6749.75,6758.5,6749.5,6754.5,19524
1763397900,6754.75,6760.5,6753,6758.5,13746
1763398200,6758.5,6764.75,6758.5,6762.75,13410
1763398500,6762.5,6767.25,6757.25,6767,13608
1763398800,6767,6767.5,6761.5,6763,12017
1763399100,6763,6764.75,6758.5,6763.25,11482
1763399400,6763.5,6764.25,6757.25,6761.75,9215
1763399700,6761.75,6763.25,6754.5,6758.5,10597
1763400000,6758.75,6762.25,6755.75,6759.75,12189
1763400300,6760,6761,6755.25,6760.75,9274
1763400600,6761,6763,6756.25,6761,9948
1763400900,6760.75,6763.5,6751.25,6753,11538
1763401200,6753,6753,6745.5,6746.75,15612
1763401500,6747,6747.25,6738.25,6745.25,20339
1763401800,6745.25,6746.25,6733.75,6734.5,13549
1763402100,6734.5,6736.5,6728.75,6729.5,12995
1763402400,6729.5,6730.25,6720.5,6722.75,25004
1763402700,6722.75,6727.25,6719.5,6723,16270
1763403000,6722.75,6732.25,6721.5,6727.25,19660
1763403300,6727.25,6730.5,6722.25,6728.25,12512
1763403600,6728.25,6731.75,6723.25,6724.75,12227
1763403900,6724.75,6727.25,6721.5,6724.25,12502
1763404200,6724.25,6724.75,6718.5,6721,14642
1763404500,6721.25,6724.75,6719,6721.5,11219
1763404800,6721.75,6726.25,6717.5,6725.5,11900
1763405100,6725.5,6736.25,6725,6728.5,17181
1763405400,6728.5,6732.25,6718.25,6718.75,14515
1763405700,6718.5,6718.5,6702,6702.75,30886
1763406000,6702.75,6706.25,6692.75,6698.75,27560
1763406300,6698.5,6703.25,6694.75,6701.25,19771
1763406600,6701,6704.25,6694.75,6696.75,16231
1763406900,6696.75,6698.75,6691.5,6694.5,16953
1763407200,6694.25,6696.5,6692,6694.25,13419
1763407500,6694.25,6696,6686.5,6695.25,20244
1763407800,6695.25,6698.5,6683.25,6686,21894
1763408100,6686,6690,6676.75,6677.25,17739
1763408400,6677.25,6683.25,6673.5,6682,23640
1763408700,6682,6682.75,6671.75,6678,18547
1763409000,6678,6681,6673.75,6675.25,16598
1763409300,6675.5,6676,6663.75,6664.5,22875
1763409600,6664.25,6665.75,6658.5,6663.5,24579
1763409900,6663.25,6670.5,6662.5,6665.5,20549
1763410200,6665.5,6673.25,6663.5,6664.25,22055
1763410500,6664.5,6676.75,6662.25,6667.75,21097
1763410800,6667.75,6675.5,6666.25,6673.25,17752
1763411100,6673.25,6677.5,6670.75,6674.5,19361
1763411400,6674.5,6679.5,6667.75,6670,20272
1763411700,6670,6679,6668.75,6670.25,19754
1763412000,6670.25,6677.5,6668.25,6677.5,16757
1763412300,6677.25,6687.5,6676.5,6686,27658
1763412600,6686,6693.25,6680.75,6684.25,37297
1763412900,6684.25,6694.75,6683.5,6693.75,84887
1763413200,6693.75,6698.25,6692.75,6695.5,29123
1763413500,6695.5,6697.75,6694.25,6697,6128
1763413800,6697.25,6701,6696.5,6700,5637
1763476200,6656.75,6679,6645.5,6665.25,55298
1763476500,6665.25,6674.5,6660.75,6667.5,35791
1763476800,6667.25,6670.75,6651.25,6654.5,35129
1763477100,6654.25,6670.75,6643.25,6645.25,39498
1763477400,6645.5,6647.5,6631.25,6633.5,47907
1763477700,6633.25,6634.25,6621.5,6622,44193
1763478000,6622,6630.25,6605,6605.75,55264
1763478300,6605.75,6627,6603.25,6624.5,58492
1763478600,6624.25,6630,6611.25,6623.75,40700
1763478900,6623.75,6624.5,6606.25,6615.5,36923
1763479200,6615.5,6638.75,6614.25,6628.5,48355
1763479500,6628.75,6638.75,6625.25,6626.5,35830
1763479800,6626.5,6637.75,6619.5,6622,39049
1763480100,6622.25,6622.75,6609.75,6619.25,37279
1763480400,6619.25,6626,6611.5,6618,30889
1763480700,6618,6619,6611.5,6614.75,26736
1763481000,6614.75,6620.75,6606.75,6615.5,29974
1763481300,6615.75,6623,6607,6607.5,27958
1763481600,6607.5,6611.5,6594,6601.5,44671
1763481900,6601.5,6619.75,6598,6618.75,29320
1763482200,6619,6630.75,6617.75,6623.75,30497
1763482500,6623.75,6631.25,6616.5,6628,23494
1763482800,6627.75,6640.25,6627.25,6638,26186
1763483100,6638,6654.5,6637.75,6651.5,33304
1763483400,6651.75,6657.5,6649.75,6650.25,29524
1763483700,6650.25,6659.75,6647.25,6648.25,27363
1763484000,6648,6656.5,6645.25,6655.25,21283
1763484300,6654.75,6659,6643.75,6650,26379
1763484600,6650.25,6654.5,6642.75,6649.25,18183
1763484900,6649,6656.25,6644.75,6647.25,15007
1763485200,6647.25,6654.5,6645.75,6647.5,14553
1763485500,6647.25,6648.75,6638.5,6641.25,20299
1763485800,6641.25,6646,6634.5,6635,14839
1763486100,6635,6642.5,6631,6636.25,17274
1763486400,6636.25,6644.75,6632.25,6633.25,15664
1763486700,6633.25,6637.75,6621,6621.75,16488
1763487000,6621.75,6626.25,6614.75,6625.25,22653
1763487300,6625,6647.75,6623.5,6647,24135
1763487600,6647,6666.25,6647,6664,32536
1763487900,6664,6668.75,6653.25,6667.5,26166
1763488200,6667.25,6672.75,6660,6671.5,24479
1763488500,6671.25,6679.75,6666.5,6672.75,24666
1763488800,6673,6678.5,6669,6673.5,21351
1763489100,6673.25,6680,6671.5,6675,17840
1763489400,6675,6680.5,6672,6674,16295
1763489700,6673.75,6677,6668.25,6676.25,17863
1763490000,6676.25,6678.25,6666.75,6676.5,13195
1763490300,6676.5,6680,6668.5,6669.25,14828
1763490600,6669.25,6682.5,6669.25,6680,15567
1763490900,6680.25,6682.25,6667,6676.25,16261
1763491200,6676.5,6687.5,6670.75,6674.75,23164
1763491500,6674.75,6680.75,6671.75,6680,16928
1763491800,6679.75,6685.5,6677,6680.5,12851
1763492100,6680.5,6680.5,6663,6666.25,26496
1763492400,6666.25,6678.25,6664.25,6666.25,22153
1763492700,6666.25,6674.5,6665.5,6673,11677
1763493000,6673.25,6678.5,6667.5,6675.75,14396
1763493300,6675.75,6677,6664.5,6676.5,16901
1763493600,6676.5,6678.5,6662.75,6666.5,14422
1763493900,6666.5,6671.5,6661.5,6665.25,13737
1763494200,6665.25,6667.75,6660.25,6663,15182
1763494500,6663,6683,6662.25,6682,20095
1763494800,6681.75,6685.5,6667.75,6670.5,24660
1763495100,6670.5,6684.5,6670,6677.25,18236
1763495400,6677,6678.75,6667.75,6668.75,17840
1763495700,6668.5,6680.75,6665.5,6680,18544
1763496000,6680,6685.5,6672.25,6673,20611
1763496300,6673,6673.75,6666.5,6668.5,15831
1763496600,6668.75,6671,6663.5,6667.25,16492
1763496900,6667.25,6671,6662.75,6663.5,21311
1763497200,6663.5,6671,6659.5,6661.5,16017
1763497500,6661.5,6661.5,6650.75,6660.25,24985
1763497800,6660,6663.75,6652.25,6653.5,19559
1763498100,6653.5,6662.75,6652.25,6659.5,16096
1763498400,6659.75,6661.25,6651.75,6652.5,17356
1763498700,6652.25,6655.25,6644.75,6645,23227
1763499000,6645.25,6659.5,6645,6649,39109
1763499300,6649,6653,6636.5,6637.5,91761
1763499600,6637.75,6638.5,6624.75,6633.25,44410
1763499900,6633.25,6637.75,6630.5,6631.75,8555
1763500200,6631.75,6635.75,6631,6633.25,7168
1763562600,6642.5,6651,6635.75,6649,54367
1763562900,6649,6658.75,6648,6656.75,30777
1763563200,6656.75,6668.25,6651.75,6665,25838
1763563500,6665,6673,6661.75,6670.25,32342
1763563800,6670.5,6681,6665,6680.25,23950
1763564100,6680,6693.75,6677.75,6691.75,29491
1763564400,6692,6697.5,6689.25,6696.75,35034
1763564700,6697,6700,6694.75,6697.25,26563
1763565000,6697.5,6703,6692.5,6701,24145
1763565300,6701.25,6709,6700.75,6701.5,32306
1763565600,6701.75,6706,6696.25,6701.5,24314
1763565900,6701.25,6702.25,6694.25,6697.75,24066
1763566200,6698,6701,6693.75,6697,18553
1763566500,6697,6698.5,6690.25,6691.5,17361
1763566800,6691.75,6693,6686.25,6690.5,20225
1763567100,6690.5,6690.5,6682,6682.25,22089
1763567400,6682.25,6682.5,6672,6675.5,35741
1763567700,6675.5,6675.75,6661,6664.75,37205
1763568000,6664.5,6670.25,6662.5,6665.5,32433
1763568300,6665.25,6667.75,6655.25,6659,29234
1763568600,6659,6660,6653.75,6657.75,21673
1763568900,6657.75,6661.5,6655.25,6659,21540
1763569200,6659,6666.25,6650.5,6651.5,23047
1763569500,6651.25,6659.25,6647.75,6655,26609
1763569800,6655.25,6658.25,6651,6654.75,17695
1763570100,6654.75,6655.25,6644.75,6647.25,21590
1763570400,6647,6655,6642.5,6651,20002
1763570700,6651,6655.75,6645.25,6648.5,16590
1763571000,6648.25,6655.25,6645.25,6653.25,16692
1763571300,6653.25,6661,6648.25,6660,16508
1763571600,6660,6664.75,6645.25,6645.75,23651
1763571900,6645.75,6651,6640.5,6645.25,21167
1763572200,6645.25,6647.75,6639.75,6642.5,14727
1763572500,6642.5,6649.5,6641,6643.25,14618
1763572800,6643.25,6649.5,6640.75,6643.75,15259
1763573100,6643.75,6649.5,6637,6646.75,17363
1763573400,6646.75,6648.75,6635,6636.5,17754
1763573700,6636.5,6636.5,6622.25,6625.75,22913
1763574000,6625.5,6650.5,6622,6645.25,27144
1763574300,6645,6647.75,6634.5,6640.25,19674
1763574600,6640.25,6652.25,6639,6649.5,18316
1763574900,6649.25,6654.5,6645.5,6648.5,13448
1763575200,6648.5,6656.5,6645.75,6656,14060
1763575500,6655.75,6657.25,6646.5,6655,15885
1763575800,6655.25,6661.5,6650.5,6657.75,15792
1763576100,6657.75,6659.75,6646.5,6650.5,14325
1763576400,6650.5,6660.75,6650.25,6657,12743
1763576700,6657,6659.75,6644.5,6645.25,15414
1763577000,6645.25,6652.75,6643.25,6651.75,15266
1763577300,6651.75,6668.25,6650.25,6661.25,25990
1763577600,6661.5,6663,6648,6651.25,16118
1763577900,6651.25,6651.75,6642.75,6645.25,13562
1763578200,6645.5,6659.5,6645.5,6658.5,12885
1763578500,6658.25,6665.25,6656.75,6660.75,11737
1763578800,6661,6663.5,6652.25,6654.5,17602
1763579100,6654.75,6657,6650.25,6653.25,11973
1763579400,6653,6653.75,6647.25,6653.5,11796
1763579700,6653.5,6655.75,6645,6647.75,10635
1763580000,6648,6649.25,6642,6644.5,10305
1763580300,6644.25,6644.25,6629.75,6633.25,22322
1763580600,6633,6638.25,6629.5,6633.5,15485
1763580900,6633.5,6636.75,6628.75,6630,10170
1763581200,6630,6634.5,6628.25,6632.25,10907
1763581500,6632.25,6635.5,6628.75,6634.75,10781
1763581800,6634.75,6650.5,6634.5,6649.5,15250
1763582100,6649.5,6655.25,6643,6647.75,18293
1763582400,6647.75,6653,6645.25,6651.25,13889
1763582700,6651.25,6654.25,6649.75,6652.75,10178
1763583000,6652.75,6659.5,6651.75,6658.75,11843
1763583300,6658.75,6677.75,6658.75,6675.75,23990
1763583600,6675.75,6679.5,6664.25,6669.5,27820
1763583900,6669.5,6673,6665.5,6670.5,15078
1763584200,6670.5,6672.25,6665.25,6670,15275
1763584500,6670.25,6683.5,6669.75,6675.5,20730
1763584800,6675.75,6676.5,6666.25,6672,18664
1763585100,6671.75,6672.5,6656,6656.5,19785
1763585400,6656.75,6668.25,6652.75,6665.5,26908
1763585700,6665.5,6671.5,6658.75,6661.75,61845
1763586000,6661.5,6664.25,6652.25,6659.5,22036
1763586300,6659.75,6663.75,6656.75,6662.5,5467
1763586600,6662.25,6665,6656.25,6664,6484
1763649000,6765,6774.25,6760.25,6769,51829
1763649300,6769,6775.5,6766.5,6772,32441
1763649600,6772,6777,6762.25,6771.75,35007
1763649900,6771.75,6782.75,6765,6776.25,33000
1763650200,6776.5,6781.75,6774.5,6777.75,30062
1763650500,6777.75,6786,6776.25,6784.5,22639
1763650800,6784.75,6790,6782,6785,28161
1763651100,6785.25,6785.5,6766.25,6768.25,33091
1763651400,6768,6774,6763,6767,23864
1763651700,6767,6777.75,6763.25,6775.5,26553
1763652000,6775.75,6784.75,6771,6783,22334
1763652300,6783,6785.75,6779.25,6783.75,22192
1763652600,6783.75,6787.75,6778.5,6782,22156
1763652900,6782,6791.25,6781.25,6788.5,18447
1763653200,6788.5,6789.75,6783.5,6787.75,14393
1763653500,6787.75,6788.75,6775.5,6776.5,23356
1763653800,6776.5,6778.75,6769,6769.25,20950
1763654100,6769,6771.75,6762.75,6763,24596
1763654400,6763.25,6763.5,6751.5,6752,35817
1763654700,6752,6757.25,6745.25,6745.75,38041
1763655000,6746,6746.75,6732.75,6734.25,35482
1763655300,6734.5,6734.5,6716.25,6719.5,50036
1763655600,6719.25,6725.75,6710.25,6714.75,44014
1763655900,6714.5,6728.5,6708.25,6713.5,53437
1763656200,6713.5,6716.5,6701,6704.5,38044
1763656500,6704.75,6706.25,6682.25,6692.5,50212
1763656800,6692.5,6692.75,6675.75,6678.75,44011
1763657100,6678.5,6687,6670.5,6679.5,50192
1763657400,6679.75,6692.5,6659.5,6663.25,50788
1763657700,6663.5,6664,6628,6636,63253
1763658000,6636,6658,6629.25,6650.25,57879
1763658300,6650,6652.5,6624.75,6636.25,41635
1763658600,6636.25,6637.5,6614.5,6629.5,51119
1763658900,6629.25,6629.25,6606.25,6613.5,45866
1763659200,6613.5,6626.5,6600,6615.75,51391
1763659500,6615.5,6628.25,6605.25,6619.75,44263
1763659800,6619.75,6629.5,6605.75,6608.5,39503
1763660100,6608.75,6618.25,6588.25,6616,43021
1763660400,6615.75,6619.5,6596.25,6596.5,34278
1763660700,6596.5,6600,6588.5,6592.75,29902
1763661000,6593,6610.5,6590.75,6595.25,31034
1763661300,6595.25,6612.75,6593,6606.5,25945
1763661600,6606.75,6621.75,6601,6618,35548
1763661900,6618,6634,6615.25,6633.5,31099
1763662200,6633.5,6652.75,6626.75,6652.5,33406
1763662500,6652.25,6654,6626.75,6635.75,41432
1763662800,6635.5,6643,6623.75,6624.5,29357
1763663100,6624.75,6633.25,6621.25,6629.25,23448
1763663400,6629.25,6634,6610.75,6621.25,29412
1763663700,6621.25,6622.5,6602,6605,25403
1763664000,6604.75,6606,6596,6597,23160
1763664300,6597,6597.75,6588.75,6590,20228
1763664600,6590,6590,6575,6577.25,28558
1763664900,6577.25,6592.75,6575,6584.25,29917
1763665200,6584.25,6589.75,6575.75,6578,26257
1763665500,6577.75,6587.75,6572.25,6586,24085
1763665800,6586,6592.5,6579,6587.5,25154
1763666100,6587.25,6599.75,6582.25,6591,21408
1763666400,6591,6599.75,6586.25,6587.25,19350
1763666700,6587.5,6609.25,6585.75,6604,20255
1763667000,6604,6604.25,6587.5,6592.5,22017
1763667300,6592.5,6600.25,6588.5,6590,17163
1763667600,6590.25,6601.75,6586,6600,20983
1763667900,6599.75,6601.5,6586.75,6591.25,15949
1763668200,6591.25,6604.25,6589.5,6601.75,16610
1763668500,6601.25,6617,6599.25,6615,19593
1763668800,6615,6615.25,6593.75,6596,27552
1763669100,6595.5,6605,6594.5,6597,19115
1763669400,6597,6599,6591,6596.75,17126
1763669700,6596.75,6605.25,6594,6601,18302
1763670000,6600.75,6609.5,6593,6594,17463
1763670300,6594,6597.5,6587.5,6596,20791
1763670600,6596,6599.5,6584.75,6585.25,27822
1763670900,6585,6586.25,6571.5,6573.25,26132
1763671200,6573.5,6576.75,6565,6567.25,31996
1763671500,6567.5,6570.25,6553.5,6553.75,32313
1763671800,6553.75,6571.75,6553.75,6563.5,42579
1763672100,6563.5,6573.25,6552.5,6558.75,94742
1763672400,6558.75,6561.5,6550.5,6557.25,37031
1763672700,6557.5,6562.25,6557,6558,9434
1763673000,6558,6560.25,6555,6557,8531
1763735400,6581.5,6596,6575,6586,54085
1763735700,6586.25,6593.75,6576.75,6577.5,29649
1763736000,6577.25,6591.5,6571.5,6574.25,32570
1763736300,6574.25,6585.5,6562.5,6577.75,43123
1763736600,6577.75,6596,6573.5,6592.5,30732
1763736900,6592.5,6593.25,6573.75,6576.25,23362
1763737200,6576.5,6588.25,6563,6570.25,36954
1763737500,6570.25,6587,6566.5,6574.5,34272
1763737800,6574.5,6574.5,6563.5,6568.25,33675
1763738100,6568.25,6576,6557.5,6574,39060
1763738400,6574,6582.75,6554.5,6582.25,43708
1763738700,6582.25,6590.5,6558.5,6562,36250
1763739000,6561.75,6571.75,6554.75,6558.5,31917
1763739300,6558.25,6558.5,6539,6545.25,46561
1763739600,6545.25,6564.25,6540.5,6559.5,46660
1763739900,6559.5,6574.5,6554.75,6572,28787
1763740200,6571.75,6575,6557.25,6572.5,23378
1763740500,6572.5,6575,6557.75,6558.5,22758
1763740800,6558.5,6564,6545.25,6550,24630
1763741100,6550,6560,6541.75,6559.75,22849
1763741400,6559.75,6569,6555,6564,22197
1763741700,6564,6571.5,6550.75,6553.5,22623
1763742000,6553.5,6580.75,6552,6579,29739
1763742300,6579,6591,6576.25,6590.25,23067
1763742600,6590.5,6594.75,6583.5,6589.25,31971
1763742900,6589,6605,6588.25,6601,29216
1763743200,6601,6608,6600.5,6604.75,23847
1763743500,6605,6612.5,6597.75,6607.75,23640
1763743800,6607.75,6622.5,6604.5,6618.75,27987
1763744100,6618.75,6638.5,6618.5,6638,27260
1763744400,6637.75,6640.5,6625,6634.25,32514
1763744700,6634.5,6643.25,6630,6641,22592
1763745000,6641.25,6643.5,6633.5,6637.25,19709
1763745300,6637.25,6639.25,6629.25,6630.5,20730
1763745600,6630.5,6641.25,6626.25,6639.75,21624
1763745900,6639.5,6641.75,6629.25,6635.5,19426
1763746200,6635.5,6642.5,6634.5,6639.25,15133
1763746500,6639.5,6647,6635.5,6638.5,17037
1763746800,6638.5,6645,6632.75,6643.25,15094
1763747100,6643.25,6646.5,6636,6643.25,14806
1763747400,6643,6643.25,6628.5,6636.5,17296
1763747700,6636.5,6642.25,6629.25,6633.25,15026
1763748000,6633.5,6636.5,6616.5,6617.25,20161
1763748300,6617.25,6620.75,6611.5,6615.75,25718
1763748600,6616,6616,6606.5,6607.25,16869
1763748900,6607,6609,6600.25,6605.5,17848
1763749200,6605.5,6616,6604.25,6608,17880
1763749500,6608.25,6616,6605.5,6615.25,12550
1763749800,6615.25,6629.75,6611.75,6626,22330
1763750100,6626,6639.75,6624.25,6637.5,15432
1763750400,6637.5,6640.75,6632,6639.25,12862
1763750700,6639.5,6667.75,6634.75,6662.25,41473
1763751000,6662.5,6672.75,6654.5,6656.75,37332
1763751300,6656.75,6663.5,6648,6654,22895
1763751600,6654.25,6664.5,6653,6663,18874
1763751900,6663.25,6671.5,6660,6668.5,18340
1763752200,6668.75,6672,6661.75,6664.5,14990
1763752500,6664.25,6670.75,6661.25,6668.25,15022
1763752800,6668.25,6677.25,6666.25,6674,16457
1763753100,6674.25,6677.5,6671.25,6674,11906
1763753400,6674.25,6677,6660.5,6662,21003
1763753700,6662,6674,6661.75,6671.75,20559
1763754000,6671.75,6674.75,6654.5,6657.5,19409
1763754300,6657.5,6661.75,6650.5,6655.25,20502
1763754600,6655.75,6660.25,6641.5,6647.5,18854
1763754900,6647.25,6652,6642.75,6649.5,16717
1763755200,6649.25,6654,6646.75,6649.25,14471
1763755500,6649.25,6651.25,6645.25,6648.75,11164
1763755800,6649,6653.5,6644.5,6648.5,14402
1763756100,6648.5,6651.25,6645.5,6649.25,13060
1763756400,6649.25,6651.25,6636.5,6640,16309
1763756700,6640,6643,6627.75,6627.75,17611
1763757000,6627.75,6634.5,6621.75,6631.5,33331
1763757300,6631.5,6644.25,6631,6637,19445
1763757600,6637,6638.5,6629,6631.75,19658
1763757900,6631.75,6643.5,6630.75,6636.5,20224
1763758200,6636.5,6640.75,6620.5,6621.5,38164
1763758500,6621.5,6624.25,6614,6622.5,96882
1763758800,6622.5,6630.5,6621,6630.25,31023
1763759100,6630.5,6631.75,6624,6624.25,8172
1763759400,6624,6628.25,6621.5,6627,7306
1763994600,6657.75,6682.25,6655,6681.75,46669
1763994900,6681.75,6686.75,6669,6669.5,32775
1763995200,6669.75,6675,6658,6659.75,33753
1763995500,6659.75,6670.75,6653,6654,30463
1763995800,6654,6667.75,6646.75,6659.25,35884
1763996100,6659.25,6671.5,6655.75,6671.25,26736
1763996400,6671.25,6684.75,6670.25,6683,36051
1763996700,6683.25,6689,6678.25,6679.75,28759
1763997000,6679.75,6686.75,6671,6685.25,32682
1763997300,6685.5,6688.25,6679.5,6681,19091
1763997600,6681.25,6688.5,6677.5,6679.75,20776
1763997900,6679.75,6689,6674.75,6686.25,24485
1763998200,6686,6691.25,6680.75,6690.75,20480
1763998500,6690.75,6696.5,6688,6695.75,20662
1763998800,6695.75,6700.5,6692,6699,15924
1763999100,6699.25,6703.75,6698.5,6701.75,16711
1763999400,6702,6703.25,6697,6699.25,13965
1763999700,6699.25,6699.5,6693.5,6696.75,14732
1764000000,6697,6707.75,6696.75,6707,18459
1764000300,6707.25,6713.5,6705.5,6712.75,15603
1764000600,6713,6715.5,6709.75,6712.5,15910
1764000900,6712.75,6715.25,6710.5,6713.5,14142
1764001200,6713.5,6715,6711.5,6712.75,11969
1764001500,6712.75,6715,6709.25,6711.25,13741
1764001800,6711,6712.5,6705.25,6710,17354
1764002100,6710.25,6711,6706,6708.75,12360
1764002400,6709,6714.25,6706.25,6713,11770
1764002700,6712.75,6716.25,6712.25,6713,12843
1764003000,6713.25,6713.75,6708.75,6711.5,11957
1764003300,6711.75,6711.75,6703.5,6706.25,15149
1764003600,6706.25,6710.5,6702,6704,14791
1764003900,6704.25,6707.5,6701.25,6702.25,11800
1764004200,6702.25,6705,6700.25,6704,10168
1764004500,6704.25,6712.25,6703,6711.75,12745
1764004800,6711.75,6715,6710,6711.5,11620
1764005100,6711.75,6714.5,6708.75,6713.25,9412
1764005400,6713,6715,6711.75,6712,11547
1764005700,6712.25,6719.75,6710.75,6719.5,14024
1764006000,6719.25,6721.5,6717.25,6720.5,16791
1764006300,6720.25,6724.75,6720,6724,11138
1764006600,6724.25,6725.25,6721,6723.25,10681
1764006900,6723.25,6723.25,6720.25,6722,8425
1764007200,6722.25,6726,6722.25,6725.25,8236
1764007500,6725.25,6726,6722.75,6723.75,8271
1764007800,6724,6729,6723.25,6727.75,9415
1764008100,6728,6729,6723.75,6726,9057
1764008400,6726.25,6728.5,6724.75,6727.25,8755
1764008700,6727.5,6727.5,6723,6723.25,7023
1764009000,6723.5,6725,6719,6722,11742
1764009300,6722,6725,6720.5,6724.25,7240
1764009600,6724.25,6725,6721.5,6724.5,6496
1764009900,6724.75,6726,6721,6724,6845
1764010200,6724,6726.25,6723.25,6726.25,6289
1764010500,6726.25,6726.75,6723.25,6723.75,7496
1764010800,6723.75,6728.75,6723.5,6726.75,9153
1764011100,6727,6729.5,6726.5,6727.75,7239
1764011400,6727.75,6728.75,6725,6725.25,6883
1764011700,6725.5,6727,6721.5,6724.75,8710
1764012000,6724.5,6724.75,6721.25,6721.75,6688
1764012300,6721.75,6723,6719.25,6720.5,8614
1764012600,6720.5,6721.5,6714.75,6716.5,14910
1764012900,6716.25,6720,6712.75,6719,13299
1764013200,6719,6721.5,6716.25,6716.25,14702
1764013500,6716.25,6717,6713.75,6714.25,10107
1764013800,6714.5,6718,6710,6714.25,11399
1764014100,6714,6718,6713.25,6714.5,14401
1764014400,6714.5,6723.75,6714.5,6723.5,12848
1764014700,6723.5,6723.75,6721.5,6722,8951
1764015000,6722,6725,6720,6722.75,9320
1764015300,6722.5,6726.5,6721.75,6723.75,10178
1764015600,6723.75,6724.25,6720.75,6721.5,7699
1764015900,6721.5,6722,6716.75,6720.5,9729
1764016200,6720.5,6724.75,6718.75,6724.25,9959
1764016500,6724.25,6726,6722.25,6724.25,8480
1764016800,6724.25,6725.75,6720.5,6724.75,11591
1764017100,6724.75,6727.5,6718,6720,17135
1764017400,6720,6730.25,6717.25,6729.5,36333
1764017700,6729.5,6731.75,6717.5,6718.75,117836
1764018000,6718.5,6724,6715.75,6722,30836
1764018300,6722,6724.5,6720,6724.25,6788
1764018600,6724,6726,6722.75,6723.5,5447
1764081000,6716.5,6727.5,6712,6724.75,35051
1764081300,6724.75,6730,6723.25,6724.75,24299
1764081600,6724.5,6724.75,6702,6703.75,38725
1764081900,6703.5,6703.5,6678.25,6679.25,50642
1764082200,6679.25,6705.75,6674.5,6704.25,43489
1764082500,6704,6720,6702.25,6718.25,29671
1764082800,6718.75,6719,6689,6694.5,38001
1764083100,6694.25,6718,6690,6714.25,29126
1764083400,6714.25,6719,6704.25,6707.25,31305
1764083700,6707.25,6714.5,6702.5,6711.75,26592
1764084000,6711.5,6714.25,6698,6702.75,25312
1764084300,6702.75,6716.25,6701.75,6716,21687
1764084600,6716,6727,6714.5,6725.75,26639
1764084900,6726,6726.25,6716.5,6723.75,22635
1764085200,6723.75,6734.75,6721,6734.25,21861
1764085500,6734.5,6740.75,6726.25,6729.75,30787
1764085800,6729.5,6729.5,6719.5,6723.25,24847
1764086100,6723.25,6731.75,6716.5,6728.5,20439
1764086400,6728.5,6729,6720.5,6726.75,18057
1764086700,6726.75,6729.5,6720.5,6722,15388
1764087000,6722,6727.25,6720.75,6720.75,12578
1764087300,6721,6732.5,6718.5,6730.75,13502
1764087600,6730.75,6740,6730.5,6733.5,16890
1764087900,6733.5,6735.75,6729,6734.25,12581
1764088200,6734.25,6738.75,6733.5,6737.25,13189
1764088500,6737.25,6739.5,6732.5,6739.25,11224
1764088800,6739.25,6745,6739.25,6741.5,12203
1764089100,6741.5,6741.75,6734.75,6739,11499
1764089400,6739.25,6747.75,6739.25,6746.75,11927
1764089700,6746.75,6749.75,6745.25,6747.5,13267
1764090000,6747.5,6753.5,6747.25,6752.5,20902
1764090300,6752.75,6756.25,6752.5,6756.25,12509
1764090600,6756.25,6757.5,6754.25,6757.25,9896
1764090900,6757.25,6760,6754.25,6759.5,12906
1764091200,6759.5,6768,6759.25,6768,15866
1764091500,6767.75,6769.5,6762,6763.75,17068
1764091800,6763.75,6772.25,6763.5,6771.75,16112
1764092100,6771.5,6774.25,6769.5,6770.75,17194
1764092400,6770.75,6772,6767.75,6769.25,12228
1764092700,6769.25,6772.25,6764.75,6768.25,14881
1764093000,6768.5,6770.5,6765.75,6767.5,9637
1764093300,6767.75,6769,6762,6763.75,12264
1764093600,6763.75,6768.5,6763.25,6766,11806
1764093900,6766,6767.5,6763,6767.25,9152
1764094200,6767.25,6768.75,6763.5,6765.5,8294
1764094500,6765.5,6768.25,6762.75,6766.25,9517
1764094800,6766.5,6770.75,6764.5,6770,10518
1764095100,6770,6771,6768.25,6771,5835
1764095400,6771,6772.25,6769.5,6772,6514
1764095700,6771.75,6772,6766.5,6769.25,9285
1764096000,6769,6770,6766.25,6768,6555
1764096300,6768,6774.5,6768,6772.75,8641
1764096600,6772.5,6773.25,6771,6772,7065
1764096900,6772,6772,6768.5,6769,6833
1764097200,6769.25,6770.5,6765.5,6767,10413
1764097500,6767,6770.25,6765.75,6768,7414
1764097800,6768,6768.5,6765.5,6766.5,7083
1764098100,6766.75,6767.75,6757.5,6760.75,16977
1764098400,6760.75,6764,6758,6762.75,15686
1764098700,6762.75,6764.75,6760.75,6763.5,8108
1764099000,6763.5,6765.25,6761.75,6762.5,10969
1764099300,6762.25,6762.75,6757,6758.5,11387
1764099600,6758.5,6761.75,6755,6761.25,13022
1764099900,6761.25,6762.75,6759.5,6761.5,8247
1764100200,6761.25,6769,6761,6767.75,12195
1764100500,6767.5,6771.5,6766,6769.75,10376
1764100800,6769.75,6776.25,6769.5,6775.75,15214
1764101100,6775.75,6778.25,6774.5,6775,11335
1764101400,6775.25,6775.75,6772.5,6774.25,10416
1764101700,6774,6776.5,6773.25,6776,7727
1764102000,6776,6777.75,6775,6777,8751
1764102300,6777,6777.5,6774.75,6775.25,8967
1764102600,6775.5,6782.25,6775,6781.75,15604
1764102900,6781.5,6784.5,6781.5,6784.25,13022
1764103200,6784.25,6785.25,6781.75,6782.25,10580
1764103500,6782.5,6787.75,6781,6785,16149
1764103800,6785,6792.5,6784.75,6788,31107
1764104100,6787.75,6789.75,6780,6780.25,74086
1764104400,6780.25,6784.25,6778.5,6782.5,25705
1764104700,6782.75,6782.75,6780.5,6782,6781
1764105000,6782,6783.75,6781.25,6782.75,3496
1764167400,6805,6814.5,6803.25,6811.75,40419
1764167700,6811.75,6816.75,6805.5,6813.25,29935
1764168000,6813.25,6817.25,6811,6817,20634
1764168300,6817,6822.5,6816.25,6822.25,26137
1764168600,6822.5,6824,6811,6812.75,24041
1764168900,6812.5,6813.5,6800,6802,27113
1764169200,6802,6809.5,6795.75,6805.25,28165
1764169500,6805.25,6814.5,6801.25,6811.25,23481
1764169800,6811.5,6812,6803.25,6804.75,24054
1764170100,6805,6810.25,6801.5,6809,19821
1764170400,6809,6811.25,6802.5,6802.5,18177
1764170700,6802.5,6813.75,6801.25,6810.25,20179
1764171000,6810.25,6817.75,6810.25,6817.25,15152
1764171300,6817,6820.25,6815.5,6819.75,16603
1764171600,6819.75,6821,6813.25,6815,19521
1764171900,6815,6815.25,6809.5,6814.25,18535
1764172200,6814.25,6819,6811.75,6818.75,12364
1764172500,6818.75,6825,6815.5,6824.5,15261
1764172800,6824.75,6829.25,6823.75,6828.5,17864
1764173100,6828.75,6831.5,6828.25,6829.5,14282
1764173400,6829.5,6833,6829,6831,12758
1764173700,6831.25,6833.25,6829.25,6833,10845
1764174000,6833.25,6838,6833,6837.75,14800
1764174300,6837.5,6838,6834,6834.5,13661
1764174600,6834.5,6837.25,6832,6837.25,12374
1764174900,6837.25,6841.25,6836.75,6841,16793
1764175200,6841,6846.5,6840.75,6844,20130
1764175500,6844.25,6845,6840.75,6841.5,13391
1764175800,6841.5,6844,6839,6842,12361
1764176100,6842.25,6845,6841.5,6843,10880
1764176400,6842.75,6845,6840,6840.75,10731
1764176700,6840.75,6843.75,6836,6838.25,15935
1764177000,6838.25,6841.75,6835.75,6836.75,11433
1764177300,6836.5,6838.5,6834,6834.5,10955
1764177600,6834.25,6840.25,6833.5,6839.5,12305
1764177900,6839.25,6839.5,6836.25,6838.75,8288
1764178200,6838.5,6843,6838.5,6843,10302
1764178500,6843,6844.25,6838,6841.25,10289
1764178800,6841.25,6845,6839.75,6844.25,8867
1764179100,6844.5,6846.75,6840.75,6841.75,9929
1764179400,6841.75,6843.75,6839.75,6841.25,9081
1764179700,6841.25,6843,6838.75,6840.5,7099
1764180000,6840.5,6845,6840,6843,7910
1764180300,6843,6843.25,6826.75,6832.25,32397
1764180600,6832.25,6839.25,6830.5,6838,23431
1764180900,6838,6839.75,6833,6834.25,10538
1764181200,6834.25,6842.5,6830.75,6839.75,15951
1764181500,6840,6844.25,6838.5,6840.5,10007
1764181800,6840.75,6840.75,6832.25,6832.5,12117
1764182100,6832.25,6834.75,6829,6833,13364
1764182400,6832.75,6833.75,6826.5,6826.75,9672
1764182700,6826.75,6835.5,6825,6835,13964
1764183000,6835.25,6837,6830.5,6831.75,9415
1764183300,6831.75,6834.25,6827.75,6833,9355
1764183600,6833.25,6839.5,6832,6833.5,14201
1764183900,6833.25,6835.25,6831.5,6833.25,11517
1764184200,6833.25,6838,6830.5,6836.25,8800
1764184500,6836.25,6840.25,6835.75,6838.75,7319
1764184800,6838.75,6841.75,6837.25,6841,7181
1764185100,6841.25,6842.25,6840.25,6841.5,5803
1764185400,6841.75,6843.25,6840.25,6840.25,7163
1764185700,6840.5,6840.75,6835.5,6836.5,11810
1764186000,6836.75,6840.25,6834.25,6836.25,11013
1764186300,6836.5,6840.25,6835,6835,6034
1764186600,6835,6839.25,6834,6838.25,6813
1764186900,6838.25,6839,6835.75,6838,6633
1764187200,6838,6840.75,6836.25,6840,8186
1764187500,6840,6840,6835,6839,8604
1764187800,6839,6843.25,6838.5,6843.25,9462
1764188100,6843.5,6845.25,6840.75,6840.75,10420
1764188400,6841,6844,6841,6842,6728
1764188700,6842.25,6843,6840.5,6841,6462
1764189000,6841.25,6842.75,6838,6841,8569
1764189300,6841,6841.5,6838.75,6840.25,6395
1764189600,6840.25,6843,6838.75,6840.5,8993
1764189900,6840.75,6842.75,6835.25,6835.5,11281
1764190200,6835.5,6839.25,6831,6832,29196
1764190500,6831.75,6834,6825.25,6825.25,77776
1764190800,6825.5,6832,6825,6831.5,23836
1764191100,6831.75,6833.25,6830.5,6833,4694
1764191400,6832.75,6833,6829.5,6830.25,4669
1764340200,6834.25,6841.75,6833.75,6840,8340
1764340500,6840.25,6844.25,6836.75,6836.75,4910
1764340800,6836.75,6840.75,6831.25,6838.5,5445
1764341100,6838.5,6841.5,6834.75,6841,4426
1764341400,6841.25,6842.25,6836,6838.75,4448
1764341700,6838.75,6840.25,6837,6838.5,2546
1764342000,6838.75,6842.75,6837.5,6838.25,3344
1764342300,6838.5,6841.75,6836.5,6841.25,2998
1764342600,6841.5,6844,6839,6842.5,3408
1764342900,6842.5,6847.5,6842.5,6846.5,3942
1764343200,6846.5,6850,6844,6844.5,4808
1764343500,6844.75,6847,6841,6843.25,4033
1764343800,6843.25,6849,6842.5,6847.5,3651
1764344100,6847.5,6849.75,6844,6847.25,5317
1764344400,6847.25,6848.5,6845.25,6848,2103
1764344700,6848,6850.75,6846.25,6850.5,3403
1764345000,6850.5,6852.5,6850.5,6852,4332
1764345300,6851.75,6852.25,6848.5,6851,5029
1764345600,6851,6853,6849.25,6852.75,4047
1764345900,6852.75,6855.5,6852.25,6854.75,5027
1764346200,6854.75,6855.5,6852.5,6854.5,2866
1764346500,6854.75,6856,6853.75,6855.5,3235
1764346800,6855.5,6855.75,6848.5,6850.75,5509
1764347100,6850.5,6851,6842.5,6848,8047
1764347400,6848.25,6852.25,6844.25,6851.25,7125
1764347700,6851.5,6854.75,6849.75,6852.5,7086
1764348000,6852.5,6853.5,6848,6852.5,5330
1764348300,6852.5,6855.25,6851.25,6853,3608
1764348600,6853,6856,6851.75,6854.25,3680
1764348900,6854.5,6855.75,6852.5,6854.25,3771
1764349200,6854.5,6855,6850.5,6854.5,5905
1764349500,6854.75,6856.75,6854,6855.75,4935
1764349800,6856,6856.75,6853,6854,4775
1764350100,6854.25,6855.25,6851,6851,4774
1764350400,6851.25,6853,6849,6850,5711
1764350700,6850,6853.25,6849.25,6850,4661
1764351000,6849.75,6850,6847.25,6849.5,5992
1764351300,6849.5,6852,6846.75,6846.75,4894
1764351600,6846.75,6849.75,6845.5,6846,6658
1764351900,6845.75,6848.25,6845.25,6846.75,8126
1764352200,6846.75,6854.5,6846.75,6852,14589
1764352500,6852,6863.75,6852,6860.5,56319
1764352800,6860.25,6863.5,6856.75,6858.25,25704
1764353100,6858,6859.5,6855.25,6857.25,7075
1764353400,6857.25,6858.75,6855.5,6857.25,4079
1764599400,6813.5,6822.25,6812.75,6822,38856
1764599700,6822,6828.5,6819.25,6819.25,29411
1764600000,6819.5,6823.5,6812.75,6818,30930
1764600300,6818,6832.75,6816.5,6827,27694
1764600600,6826.75,6837.5,6826.25,6837.5,24739
1764600900,6837.5,6844.25,6836.75,6839.75,24248
1764601200,6840.25,6843.25,6833.5,6835.25,27750
1764601500,6835.25,6839,6831.5,6834.75,17144
1764601800,6834.5,6838.25,6831.75,6833.5,16422
1764602100,6833.75,6836,6830.25,6833.75,16687
1764602400,6833.5,6834.5,6825.5,6826.5,18249
1764602700,6826.5,6827.75,6821,6823.75,20141
1764603000,6823.75,6825.25,6815.5,6816.75,21001
1764603300,6816.75,6827.75,6813.75,6826.75,24145
1764603600,6826.75,6830,6823.25,6826.75,16640
1764603900,6826.75,6830.25,6824.25,6828,15664
1764604200,6828.25,6843.25,6827,6842,19031
1764604500,6842.25,6844,6839.5,6842.25,14562
1764604800,6842.25,6843.5,6840,6842.5,12594
1764605100,6842.5,6843.5,6829.25,6834.75,20882
1764605400,6834.75,6837,6829.5,6831.25,16024
1764605700,6831.25,6834,6826.75,6831.75,15410
1764606000,6831.5,6837.75,6831.25,6834.75,12680
1764606300,6834.75,6838.5,6833.5,6836.25,9851
1764606600,6836.5,6841,6836,6839.5,13421
1764606900,6839.5,6842.25,6838.25,6840.25,8855
1764607200,6840.5,6848.75,6837.75,6846.25,19246
1764607500,6846.25,6850,6845,6847.5,11269
1764607800,6847.75,6848.75,6844,6844.75,11537
1764608100,6845,6846.75,6842.75,6845,9921
1764608400,6845,6849,6843.75,6847.75,10067
1764608700,6847.75,6850.75,6846.25,6847,8864
1764609000,6846.75,6849,6844,6844,9227
1764609300,6844.25,6844.75,6838.5,6842.25,18349
1764609600,6842.25,6845.25,6840.5,6843.5,8146
1764609900,6843.5,6847.5,6841.5,6845.75,7620
1764610200,6845.5,6847.25,6843,6845.5,7396
1764610500,6845.5,6848,6843.25,6844.25,6225
1764610800,6844.25,6851.5,6844,6851.5,9138
1764611100,6851.5,6853.5,6850.25,6850.75,9988
1764611400,6850.75,6851,6846.25,6847.25,8631
1764611700,6847.25,6848.5,6844.25,6846,7467
1764612000,6846,6849.75,6845.25,6849.25,8132
1764612300,6849,6850.75,6847.5,6849.75,6466
1764612600,6849.5,6852.75,6849,6852,6069
1764612900,6851.75,6853.5,6849,6851,6378
1764613200,6850.75,6851,6848.75,6850.5,4638
1764613500,6850.75,6852.25,6849.5,6850.5,4462
1764613800,6850.5,6853.25,6850.5,6852.75,5982
1764614100,6852.75,6854.25,6852,6853.5,5127
1764614400,6853.5,6854,6851.5,6853.5,4748
1764614700,6853.5,6855.25,6852.25,6853,6887
1764615000,6853,6855.75,6853,6854,5137
1764615300,6854.25,6855.25,6853.75,6853.75,4117
1764615600,6854,6854.25,6846.5,6848,12997
1764615900,6848,6848,6844,6845.25,10359
1764616200,6845.25,6845.75,6840.75,6845.25,12948
1764616500,6845.25,6845.5,6837.75,6840.75,10901
1764616800,6840.75,6842.25,6832.75,6834.5,14686
1764617100,6834.5,6836.25,6830.5,6831.5,15049
1764617400,6831.75,6831.75,6823.75,6829.5,20672
1764617700,6829.5,6836.5,6829.25,6835.5,16973
1764618000,6835.5,6835.75,6828,6828,12284
1764618300,6828,6831.5,6827,6828,10589
1764618600,6827.75,6831.75,6825.25,6830,10955
1764618900,6829.75,6830.5,6826.25,6827.75,10378
1764619200,6827.5,6830.75,6825.75,6829.25,12678
1764619500,6829.25,6831.75,6827.75,6830.5,9120
1764619800,6830.5,6835.75,6830.25,6834.75,10410
1764620100,6834.5,6835,6828.25,6830,11479
1764620400,6830,6832,6829,6830,7698
1764620700,6830,6832.75,6829,6832.5,6232
1764621000,6832.75,6834,6828,6830.5,9587
1764621300,6830.75,6835.75,6830.5,6835.25,11032
1764621600,6835.5,6836,6831,6835.25,10808
1764621900,6835.25,6836.25,6829.5,6830.5,11288
1764622200,6830.5,6833.75,6824.75,6825.5,28859
1764622500,6825.5,6830.75,6819.25,6829,100679
1764622800,6829,6830,6826.5,6828.25,24348
1764623100,6828.5,6829.75,6825.5,6826.5,6330
1764623400,6826.5,6827.5,6824.75,6825.75,5058
1764685800,6844.25,6846.75,6841.25,6843.25,28547
1764686100,6843,6854.75,6842.75,6852.25,24758
1764686400,6852.25,6854.25,6845.25,6849,23488
1764686700,6849.25,6850.75,6842.25,6844.75,20473
1764687000,6844.5,6848.5,6840,6840.75,20296
1764687300,6840.75,6850.25,6839.75,6848.25,17632
1764687600,6848.25,6856.25,6847.25,6855.5,20516
1764687900,6855.5,6857.75,6852.25,6855.75,17421
1764688200,6855.75,6856,6848,6854.75,19748
1764688500,6854.75,6857.5,6853.5,6855.75,11162
1764688800,6855.75,6856.25,6850.5,6856,13227
1764689100,6856,6857,6838.75,6840.75,26102
1764689400,6840.5,6843.5,6833.25,6836.75,31185
1764689700,6836.5,6842,6833.75,6838.75,18300
1764690000,6838.75,6853.5,6837.75,6852,18225
1764690300,6852,6858.75,6850.5,6858,19820
1764690600,6858,6862,6857,6858.5,18377
1764690900,6858.5,6861.25,6857.75,6860.25,13507
1764691200,6860.25,6863.5,6855,6861,26454
1764691500,6861,6861,6850.75,6851.75,25824
1764691800,6851.75,6853.75,6836.75,6840.25,36841
1764692100,6840.5,6843.5,6835,6839.25,29148
1764692400,6839.25,6842.5,6825.25,6825.75,30440
1764692700,6825.5,6830.5,6821.25,6824.75,28581
1764693000,6824.5,6829,6818,6825,30776
1764693300,6825,6833.5,6824,6833.25,23572
1764693600,6833.5,6837.25,6829,6829,19350
1764693900,6829,6833.5,6826.5,6829.75,17449
1764694200,6829.75,6834.75,6828.5,6833.75,12987
1764694500,6833.75,6837.5,6828.25,6830.5,14772
1764694800,6830.5,6838.75,6829.5,6835,13007
1764695100,6834.75,6836.75,6830,6830.5,9578
1764695400,6830.25,6837.25,6829.5,6837.25,8920
1764695700,6837.25,6847.25,6836.75,6846.25,14262
1764696000,6846.5,6850,6844,6845.25,13770
1764696300,6845.25,6851.25,6844.5,6849.25,11241
1764696600,6849.25,6853.25,6849.25,6850.5,11962
1764696900,6850.5,6850.5,6844.75,6846.5,13057
1764697200,6846.5,6848.75,6844,6847.75,8509
1764697500,6847.5,6849.25,6845.25,6847.5,6941
1764697800,6847.5,6848.25,6836,6838,14650
1764698100,6838,6838.75,6826,6826.25,17642
1764698400,6826,6835.25,6824.25,6832,17617
1764698700,6832.25,6839.75,6831.25,6835.25,10701
1764699000,6835.25,6836,6830.75,6832.5,10778
1764699300,6832.5,6836,6830,6835,9526
1764699600,6834.75,6840.75,6834,6837.5,9641
1764699900,6837.5,6838.25,6831,6835.25,10467
1764700200,6835,6838.5,6830.75,6832.25,9588
1764700500,6832.25,6832.5,6827.25,6828.5,9440
1764700800,6828.5,6833,6826.75,6831.75,9808
1764701100,6831.75,6834,6828.75,6833.5,9320
1764701400,6833.5,6838,6831,6837.5,8899
1764701700,6837.5,6838.25,6831.75,6835.75,10082
1764702000,6835.5,6843,6834,6841.25,12907
1764702300,6841.25,6844.25,6839.75,6840.75,10595
1764702600,6841,6843.5,6839,6841.75,8832
1764702900,6841.5,6843.5,6839,6840,7343
1764703200,6840.25,6841,6832.25,6834.25,11150
1764703500,6834.5,6839,6833,6838.5,8456
1764703800,6838.5,6843,6837.75,6842.25,9128
1764704100,6842.5,6843.75,6839.75,6842.5,8922
1764704400,6842.75,6843.75,6837.75,6840,8688
1764704700,6840.25,6845.25,6839,6843.5,8249
1764705000,6843.5,6850.75,6842.25,6848,14866
1764705300,6848.25,6850.75,6846.75,6848,10988
1764705600,6848.25,6849.75,6844.75,6846.5,9832
1764705900,6846.75,6848.75,6846,6848.75,6747
1764706200,6848.75,6851.5,6846.75,6849,7794
1764706500,6849.25,6850.75,6848.5,6849.75,6417
1764706800,6850,6851.75,6849,6849.75,6048
1764707100,6849.75,6851.25,6848,6849.75,6703
1764707400,6849.5,6853.5,6848.75,6852.25,10601
1764707700,6852,6852.75,6848.25,6848.75,9435
1764708000,6848.75,6851.25,6846.75,6849.25,11490
1764708300,6849.5,6852.5,6847.25,6848.75,10109
1764708600,6849,6851,6839.75,6840.25,26677
1764708900,6840.25,6843.5,6838,6839.25,60392
1764709200,6839.25,6840.75,6838,6840.5,18175
1764709500,6840.5,6842.25,6839.5,6840,5310
1764709800,6840,6841,6839.5,6840,2084
1764772200,6829.25,6837.75,6822.75,6828.5,38090
1764772500,6828.75,6837.5,6827.75,6831.25,27322
1764772800,6831.25,6838.75,6830.5,6832.5,20685
1764773100,6832.25,6835.5,6826.75,6827.25,19635
1764773400,6827.25,6832.5,6820.25,6830.75,24857
1764773700,6830.75,6833.25,6828.5,6832.75,13440
1764774000,6832.75,6847.25,6831,6845.75,25890
1764774300,6845.75,6846.75,6835.5,6835.5,23621
1764774600,6835.5,6840,6832,6836,23077
1764774900,6836,6843.5,6834.75,6840,16379
1764775200,6839.75,6842.5,6834,6842,14653
1764775500,6842,6845,6838.75,6840.5,14880
1764775800,6840.25,6850,6837,6849.5,35188
1764776100,6849.75,6853.5,6845.25,6847.5,23438
1764776400,6847.25,6851.5,6845,6850.25,16854
1764776700,6850.25,6853,6848.25,6849.5,11565
1764777000,6849.25,6851.75,6846.25,6846.25,11578
1764777300,6846.5,6849.75,6844.25,6847,12143
1764777600,6847,6853.75,6846.75,6853.5,11137
1764777900,6853.5,6853.5,6846,6846.25,8956
1764778200,6846.5,6847.25,6840.25,6844.25,16222
1764778500,6844,6851.75,6843,6851.75,13309
1764778800,6851.75,6852,6844.5,6847,11980
1764779100,6846.75,6849.5,6844.75,6847.75,11325
1764779400,6847.75,6858,6846.5,6857.75,17278
1764779700,6857.75,6859.5,6854.75,6856.25,14634
1764780000,6856.25,6857.25,6854.25,6856,10461
1764780300,6856,6857.25,6852.5,6854.25,9390
1764780600,6854.25,6854.25,6848,6848,14789
1764780900,6848,6848.25,6840,6845.75,24045
1764781200,6846,6851.75,6845.5,6851.25,13656
1764781500,6851.5,6852.75,6844.75,6847.5,12712
1764781800,6847.5,6854.5,6846.25,6853.75,10698
1764782100,6854,6856,6852.25,6855.5,9567
1764782400,6855.25,6861,6855,6859.25,16624
1764782700,6859,6860.25,6857.75,6859.5,8800
1764783000,6859.5,6861.5,6858,6858.5,10223
1764783300,6858.5,6860.25,6856.5,6860,7435
1764783600,6859.75,6860.75,6858.25,6860.75,6004
1764783900,6860.5,6863,6859,6862.5,7731
1764784200,6862.5,6862.75,6858.25,6861.25,8790
1764784500,6861.25,6865,6860,6863,10811
1764784800,6862.75,6866,6862.75,6863.5,8642
1764785100,6863.75,6864.5,6861.5,6862,5815
1764785400,6862,6864.5,6861,6864.25,6143
1764785700,6864.5,6864.75,6861,6861.25,4852
1764786000,6861.25,6862.25,6858.75,6859.5,8534
1764786300,6859.5,6863.5,6859.5,6863.5,7038
1764786600,6863.5,6866,6863.25,6864,7488
1764786900,6863.75,6865.75,6863.5,6865.25,4539
1764787200,6865.25,6869.25,6865,6868.5,9924
1764787500,6868.5,6869,6866.75,6867,7214
1764787800,6867.25,6868.5,6865.25,6866.75,6394
1764788100,6867,6867.5,6861.75,6863,10013
1764788400,6863,6868.25,6862.25,6866.75,11496
1764788700,6866.75,6868,6865.25,6867,6203
1764789000,6867,6868.5,6865.5,6867.75,5241
1764789300,6867.75,6868.25,6865,6866.75,5553
1764789600,6866.5,6868,6865.75,6867.75,4192
1764789900,6867.75,6868.5,6866.5,6867.25,5354
1764790200,6867.25,6867.75,6865.5,6866.75,5178
1764790500,6866.75,6867.75,6865.75,6867.5,3868
1764790800,6867.25,6870.25,6867,6869.75,7311
1764791100,6869.75,6870,6868.25,6869.75,4934
1764791400,6869.75,6871.75,6869.5,6870.5,7280
1764791700,6870.75,6871.5,6869.75,6870.25,5326
1764792000,6870.25,6871.75,6869.5,6869.75,5937
1764792300,6869.75,6870.75,6868.5,6870.25,5442
1764792600,6870.25,6873.25,6870.25,6871.25,8139
1764792900,6871.25,6872.25,6869.5,6869.75,5739
1764793200,6869.75,6870.75,6868.5,6869,6236
1764793500,6869.25,6870,6865.75,6869.25,11327
1764793800,6869,6869.5,6866.25,6866.5,7196
1764794100,6866.25,6868,6865.5,6867.25,8736
1764794400,6867.25,6869,6866.25,6868.5,7892
1764794700,6868.5,6870,6866.25,6867.25,10012
1764795000,6867.25,6868.5,6859.25,6861.25,33256
1764795300,6861,6863.5,6859.5,6862.5,79197
1764795600,6862.5,6865,6861.5,6864.5,21914
1764795900,6864.5,6864.75,6862.75,6863.5,4747
1764796200,6863.25,6864.75,6862.25,6864.25,3568
1764858600,6876.25,6876.75,6861.25,6862.5,40885
1764858900,6862.5,6870.75,6859.5,6867.25,34649
1764859200,6867.5,6872.5,6860,6861.5,29357
1764859500,6861.5,6864.25,6856.25,6857.75,22939
1764859800,6857.75,6859.75,6851.5,6857,21270
1764860100,6856.75,6861.5,6850.25,6853.5,18479
1764860400,6853.5,6857.5,6851.5,6855,16703
1764860700,6854.75,6858.25,6852.5,6856.25,15554
1764861000,6856.25,6857,6849.25,6854.5,13479
1764861300,6854.5,6859.75,6851.75,6856.75,12832
1764861600,6856.5,6861.25,6852.5,6852.75,15042
1764861900,6852.75,6859.5,6844.5,6858.75,25740
1764862200,6859,6862.25,6856.75,6861,14121
1764862500,6861.25,6868.5,6860.75,6867.75,16562
1764862800,6867.75,6868.75,6863.25,6865.25,15864
1764863100,6865.5,6866.5,6856.75,6860.5,22428
1764863400,6860.75,6861,6854.25,6857,19501
1764863700,6857.25,6858.5,6855.25,6855.75,13949
1764864000,6856,6859,6848.5,6849.75,17024
1764864300,6849.5,6854.75,6845,6854.5,19694
1764864600,6854.75,6855.75,6848.5,6853.25,13486
1764864900,6853.5,6858.25,6851,6857.75,11222
1764865200,6858,6860.25,6856,6859.75,11150
1764865500,6859.75,6860.5,6853,6856.5,13485
1764865800,6856.25,6859.5,6852.5,6854.25,14575
1764866100,6854.5,6859,6852.75,6855,11267
1764866400,6855.25,6855.25,6851.5,6852.75,10598
1764866700,6852.75,6863.5,6852.75,6862.75,12627
1764867000,6862.75,6867,6862,6865.25,11780
1764867300,6865.25,6868.75,6864.5,6867.25,9642
1764867600,6867,6868.75,6864.25,6865,9743
1764867900,6865,6865,6857.75,6859.75,14931
1764868200,6859.75,6864.5,6856.5,6864.25,13197
1764868500,6864.25,6865.25,6861.25,6864.25,7596
1764868800,6864.25,6866.25,6862,6863,9830
1764869100,6863.25,6866,6862.75,6863.25,6698
1764869400,6863.5,6863.75,6859,6862.5,10798
1764869700,6862.5,6866.75,6862.25,6862.5,8098
1764870000,6862.25,6865.25,6860.25,6864.75,7042
1764870300,6865,6866.5,6863.5,6863.75,5468
1764870600,6864,6867.75,6863.5,6867.5,5164
1764870900,6867.5,6868,6865.25,6866,5083
1764871200,6866,6867.25,6864,6865,5253
1764871500,6864.75,6864.75,6857.75,6860.5,12051
1764871800,6860.75,6863.75,6858,6863.5,6319
1764872100,6863.5,6867.25,6862.75,6863.5,8035
1764872400,6863.25,6867.25,6863.25,6867.25,5587
1764872700,6867,6871,6866.25,6870,9828
1764873000,6869.75,6870.75,6867.25,6868.5,8023
1764873300,6868.5,6869,6866,6868,7032
1764873600,6867.75,6868.5,6862.25,6864.25,9022
1764873900,6864.25,6866.25,6863.25,6864.25,6585
1764874200,6864,6866.75,6863.75,6866,5259
1764874500,6865.75,6866.5,6864,6864.25,4180
1764874800,6864.25,6865.5,6862.25,6862.25,6357
1764875100,6862.25,6865.25,6860.5,6862.75,7233
1764875400,6862.5,6862.75,6857,6859.5,8381
1764875700,6859.5,6859.5,6848,6848.5,15244
1764876000,6848.5,6849.25,6836.25,6841.75,33599
1764876300,6841.75,6849.25,6841,6844.75,20726
1764876600,6845,6854,6842.75,6853.75,16515
1764876900,6853.5,6862.75,6853.5,6857.25,24038
1764877200,6857.25,6859,6854,6857,14745
1764877500,6857.25,6861.25,6856.25,6858.5,9756
1764877800,6858.25,6859.5,6855.5,6857.75,11515
1764878100,6857.5,6859.75,6853.5,6855.5,9753
1764878400,6855.25,6857,6851.25,6851.25,12567
1764878700,6851.25,6853,6846,6852.25,15138
1764879000,6852.5,6857.5,6852,6855.75,11756
1764879300,6855.75,6856.5,6851.75,6855.5,9338
1764879600,6855.75,6856.25,6852.75,6852.75,9220
1764879900,6853,6854.75,6850.5,6850.5,8347
1764880200,6850.5,6855.5,6850,6854.25,10995
1764880500,6854.5,6855.75,6852.25,6855.75,7019
1764880800,6855.75,6856,6851.75,6852.25,8501
1764881100,6852.5,6854.75,6850.5,6854,9707
1764881400,6854,6863,6854,6860.5,33996
1764881700,6860.5,6869,6859.75,6867.5,64426
1764882000,6867.25,6868.5,6864.25,6864.75,21691
1764882300,6864.5,6867,6864,6866.5,3718
1764882600,6866.5,6866.75,6865.25,6865.75,4233
1764945000,6875.25,6886.25,6874.75,6881.5,40329
1764945300,6881.25,6885.25,6879.5,6880.75,19284
1764945600,6881,6882.75,6874,6879.25,26310
1764945900,6879.25,6886.75,6878.75,6886.5,17516
1764946200,6886.5,6891.25,6882.75,6890.25,20788
1764946500,6890.25,6891,6886.25,6889.75,13841
1764946800,6889.75,6898.5,6888,6897,23184
1764947100,6897.25,6901,6896.25,6898.75,20361
1764947400,6898.75,6903.5,6898.5,6903.25,18552
1764947700,6903.25,6904,6899.25,6900,16210
1764948000,6900,6904,6898.5,6902.75,12266
1764948300,6902.75,6902.75,6896.75,6899.75,15399
1764948600,6899.75,6905,6899.5,6904,12991
1764948900,6904.25,6904.5,6899.5,6900.25,11478
1764949200,6900.25,6900.75,6896.75,6898.25,13685
1764949500,6898.25,6902.75,6893.5,6900.75,16583
1764949800,6900.75,6900.75,6890.25,6893,23786
1764950100,6893,6893,6883.25,6887.5,33571
1764950400,6887.5,6892.25,6886,6887.25,19889
1764950700,6887,6890.75,6884.25,6885,15591
1764951000,6885,6887.25,6881.5,6882,17235
1764951300,6881.75,6883,6877.75,6880.25,26201
1764951600,6880.25,6887.75,6878.25,6883.5,19829
1764951900,6883.5,6888.5,6879.25,6880.5,16724
1764952200,6880.25,6880.5,6871.75,6875.75,30854
1764952500,6876,6879.25,6872.5,6874.5,16144
1764952800,6874.5,6877.5,6870.5,6874.5,15630
1764953100,6874.5,6878.75,6873.5,6878,15105
1764953400,6878,6883.75,6875.5,6883.25,13751
1764953700,6883,6887.25,6880.75,6880.75,15754
1764954000,6880.75,6883.5,6876.75,6879.75,17812
1764954300,6879.5,6881,6875.25,6878,12770
1764954600,6878,6878.25,6873.25,6874,11094
1764954900,6874,6876.75,6873.25,6875.25,8660
1764955200,6875.25,6877.25,6873.75,6876.75,7790
1764955500,6876.75,6877.75,6874.25,6874.5,6401
1764955800,6874.75,6876,6870.5,6870.75,11609
1764956100,6870.75,6873.75,6866.5,6873.25,17541
1764956400,6873,6874,6869.5,6873.25,9261
1764956700,6873.25,6876.75,6871.25,6874.75,8948
1764957000,6874.75,6885,6874.25,6884.5,13139
1764957300,6884.5,6885,6880.75,6883.5,11655
1764957600,6883.25,6885.5,6883,6884.75,8696
1764957900,6885,6888,6884,6887.5,7375
1764958200,6887.75,6887.75,6883,6883.5,6968
1764958500,6883.75,6884.25,6881,6881.75,8349
1764958800,6881.75,6882,6875.75,6880,14184
1764959100,6880,6887.5,6879.25,6886.25,9231
1764959400,6886.25,6890.5,6886,6889.5,11358
1764959700,6889.5,6889.75,6885.5,6887.25,6377
1764960000,6887.25,6887.5,6881.5,6884.75,9669
1764960300,6884.75,6886.25,6883,6886,6160
1764960600,6886,6886.5,6881.75,6884.5,5444
1764960900,6884.25,6884.75,6882.25,6882.5,5029
1764961200,6882.75,6883.25,6879,6881.25,10375
1764961500,6881,6883.5,6880.25,6882.75,5586
1764961800,6882.75,6885,6882,6884.25,6503
1764962100,6884.5,6884.5,6878.25,6880.5,8071
1764962400,6880.25,6882,6877.25,6878.5,6797
1764962700,6878.25,6882.5,6877.25,6880.25,5833
1764963000,6880.25,6882,6877.25,6880.25,8257
1764963300,6880,6881,6877.75,6881,6331
1764963600,6881,6881.75,6876.25,6878.25,7357
1764963900,6878.25,6878.75,6876.5,6878.25,5489
1764964200,6878,6882,6877.5,6882,6247
1764964500,6881.75,6884.5,6881.25,6883.25,8531
1764964800,6883.25,6883.75,6879.5,6880,7868
1764965100,6880,6881.25,6878.5,6879,6721
1764965400,6879,6881,6876.5,6880.5,7727
1764965700,6880.5,6883.5,6880.25,6883,7850
1764966000,6883,6883,6879.75,6880.75,6361
1764966300,6880.75,6881,6878.25,6881,6897
1764966600,6880.75,6880.75,6877.5,6879.5,7134
1764966900,6879.5,6880.75,6878.25,6878.5,6135
1764967200,6878.5,6879.75,6875.75,6879.25,9418
1764967500,6879.5,6879.75,6869.5,6871.25,20687
1764967800,6871.25,6875.75,6866.75,6871.75,30387
1764968100,6872,6880.75,6871.5,6876.75,64641
1764968400,6876.75,6879.75,6876.25,6879.25,21080
1764968700,6879.25,6881.5,6878.75,6880.5,4934
1764969000,6880.25,6881.25,6879,6880.25,4937
1765204200,6885.75,6886.25,6878.25,6881,33120
1765204500,6881,6882,6877,6877.75,16196
1765204800,6877.75,6879.75,6872.25,6878.75,23963
1765205100,6878.75,6880.75,6869.25,6875,19844
1765205400,6874.75,6878.75,6873.75,6878.25,16098
1765205700,6878.25,6879.25,6872.75,6874,16590
1765206000,6873.75,6877.25,6872,6875.75,14994
1765206300,6875.75,6875.75,6870,6872,12839
1765206600,6871.75,6872,6867.75,6868.5,12348
1765206900,6868.75,6871.75,6866,6869.75,16361
1765207200,6869.5,6871.25,6866.25,6866.75,12102
1765207500,6867,6867,6858,6865,22715
1765207800,6864.75,6869.25,6861,6868.25,15274
1765208100,6868.25,6869.75,6864.75,6866.25,10935
1765208400,6866.25,6867.25,6859.75,6860,12385
1765208700,6860,6864.75,6859.75,6863.5,11127
1765209000,6863.5,6863.75,6858.75,6860,10717
1765209300,6859.75,6860.5,6855.25,6856.25,13144
1765209600,6856.5,6856.5,6848.5,6852.25,23716
1765209900,6852,6856.75,6851.5,6856,14208
1765210200,6856.25,6858.5,6852.5,6853.75,14304
1765210500,6853.5,6855,6852,6854,9562
1765210800,6854,6860.75,6853.5,6858.25,14506
1765211100,6858.25,6860.75,6855,6860.5,11650
1765211400,6860.25,6860.75,6855.75,6856,9177
1765211700,6856,6857.5,6854,6855,9866
1765212000,6854.75,6858,6854,6857.75,7687
1765212300,6857.75,6858.25,6853.25,6853.25,8645
1765212600,6853.25,6856,6849.75,6853.25,11190
1765212900,6853,6854.25,6851.25,6853.25,8526
1765213200,6853.25,6853.25,6844.25,6847.25,17540
1765213500,6847,6853.25,6846.5,6851.5,9697
1765213800,6851.5,6852.25,6847,6848.25,7730
1765214100,6848.25,6851,6847.75,6849.5,7013
1765214400,6849.25,6849.5,6846,6846.25,8218
1765214700,6846.25,6846.75,6841.25,6846.25,13052
1765215000,6846.25,6849.5,6845.75,6846.75,9419
1765215300,6846.75,6847.75,6845.25,6846.25,5940
1765215600,6846.5,6850.75,6845.5,6848,7895
1765215900,6848.25,6851.75,6846.25,6851.5,7917
1765216200,6851.25,6854.5,6851,6854,9332
1765216500,6854.25,6862.75,6852.25,6860.75,28025
1765216800,6860.75,6863.5,6855.5,6857.25,16701
1765217100,6857,6860.25,6856.5,6859.75,9466
1765217400,6860,6860.5,6857,6857.75,9894
1765217700,6857.75,6860,6856.5,6858.25,7130
1765218000,6858.25,6859.5,6856.75,6858.25,6622
1765218300,6858.25,6858.5,6847.75,6848,13741
1765218600,6847.75,6849.25,6843.5,6844.75,17044
1765218900,6844.75,6851,6842.5,6850.25,11959
1765219200,6850.25,6850.5,6846.5,6849.5,6425
1765219500,6849.5,6850.75,6846.25,6846.25,6632
1765219800,6846.5,6847.5,6844.25,6845.25,6419
1765220100,6845.25,6845.5,6835.25,6841,19613
1765220400,6841,6842.25,6836.25,6840.25,14318
1765220700,6840,6842.75,6839,6841.5,7876
1765221000,6841.5,6842.5,6837.75,6838.75,8609
1765221300,6838.75,6844.25,6838.75,6844,9875
1765221600,6844,6845.75,6841.75,6842.25,7685
1765221900,6842.25,6843.5,6840.5,6842,6426
1765222200,6841.75,6845,6841.25,6844.5,7539
1765222500,6844.5,6847.25,6843.75,6845,7154
1765222800,6845,6847,6843.5,6846,5933
1765223100,6846,6846,6842.75,6845,6958
1765223400,6844.75,6848,6844.5,6846.5,7448
1765223700,6846.5,6846.5,6841,6843,9128
1765224000,6843,6845,6841.75,6842.25,8027
1765224300,6842.5,6844.75,6841.25,6844.5,8800
1765224600,6844.5,6845.75,6843.75,6845.25,5661
1765224900,6845.25,6847.25,6843.5,6846,8418
1765225200,6845.75,6847.25,6844.75,6845,5786
1765225500,6845,6846.25,6843.5,6846,6494
1765225800,6846,6846.25,6841.25,6842,12346
1765226100,6842.25,6844.5,6840,6843.25,8700
1765226400,6843.25,6846.75,6842.5,6846.5,9102
1765226700,6846.5,6847,6843.75,6845.25,10289
1765227000,6845,6848.5,6843,6844.5,18439
1765227300,6844.5,6857.75,6844,6856.5,66801
1765227600,6856.25,6857.5,6854.5,6855.25,31629
1765227900,6855,6855.5,6853.5,6855,4801
1765228200,6855,6855.25,6853,6854.75,4761
1765290600,6850.5,6855.75,6847.25,6853,32714
1765290900,6853,6859.5,6852.25,6857.75,20715
1765291200,6857.75,6860.5,6853.25,6856,21490
1765291500,6856,6860.25,6853.5,6859.75,16213
1765291800,6859.75,6863.25,6858.5,6863.25,15557
1765292100,6863.25,6864.5,6860,6863,10371
1765292400,6863.25,6868.5,6860.75,6864.75,17636
1765292700,6864.5,6865.5,6858.5,6861.75,15024
1765293000,6861.75,6863.75,6860.25,6861,10831
1765293300,6861,6863.5,6858.5,6860.25,10106
1765293600,6860.5,6861.5,6857.75,6860.25,9150
1765293900,6860.5,6862,6856.25,6861,14424
1765294200,6861,6864.25,6858.75,6861,10807
1765294500,6860.75,6861,6857.25,6859.25,8883
1765294800,6859,6863.75,6857.5,6863.5,8527
1765295100,6863.75,6864,6854.5,6857.75,16111
1765295400,6857.75,6863,6857,6861.75,9328
1765295700,6861.75,6864.75,6861.5,6864,8188
1765296000,6863.75,6867.25,6863.25,6865.25,11951
1765296300,6865.25,6867.25,6863.75,6866,7492
1765296600,6866,6868,6865.5,6867.5,6823
1765296900,6867.5,6872.25,6867.25,6872,13113
1765297200,6872,6872.25,6869.25,6871,7642
1765297500,6871.25,6871.25,6866.5,6866.75,7801
1765297800,6867,6871.5,6866.5,6871.5,9975
1765298100,6871.5,6872.75,6868.25,6869.25,9915
1765298400,6869.25,6869.25,6864,6865,10227
1765298700,6864.75,6869.75,6864.75,6868.25,7691
1765299000,6868,6871.75,6868,6871.5,7463
1765299300,6871.75,6872,6868.5,6868.75,6305
1765299600,6868.5,6871,6867,6870.5,7572
1765299900,6870.5,6872.5,6869,6870,5613
1765300200,6869.75,6870.25,6867.75,6868.5,5440
1765300500,6868.75,6868.75,6865,6865.5,6934
1765300800,6865.25,6865.75,6861.5,6865.25,10901
1765301100,6865,6867.25,6864.5,6865.5,6830
1765301400,6865.5,6867.5,6861.75,6862,8908
1765301700,6862,6863.5,6859,6860.5,12097
1765302000,6860.75,6861.75,6857.75,6859.75,8350
1765302300,6859.5,6859.75,6855.5,6856.25,8689
1765302600,6856,6858.75,6855,6858.5,8668
1765302900,6858.25,6862,6858.25,6861.75,7895
1765303200,6861.5,6863.75,6859.75,6862.5,6739
1765303500,6862.5,6862.75,6858.5,6859,6345
1765303800,6859,6861.5,6857.75,6861.5,6463
1765304100,6861.5,6864,6860.25,6862.5,6419
1765304400,6862.75,6863,6860.5,6862.5,5169
1765304700,6862.5,6862.75,6860,6861.25,5005
1765305000,6861.5,6862.5,6859.75,6859.75,5533
1765305300,6859.75,6860,6856.25,6857.5,7360
1765305600,6857.5,6858.25,6855.5,6855.5,7367
1765305900,6855.5,6858.75,6852.5,6858.25,14209
1765306200,6858.25,6862.25,6857,6861,9038
1765306500,6861.25,6862.25,6859.25,6859.5,7429
1765306800,6859.5,6860.25,6857.25,6858,8110
1765307100,6858.25,6859.25,6856,6857,7376
1765307400,6857,6858,6855,6856.75,6714
1765307700,6856.75,6859,6856,6857.25,5588
1765308000,6857.25,6858.25,6856,6856.25,3698
1765308300,6856.25,6857.75,6855.75,6856,3912
1765308600,6856.25,6856.75,6855,6855.25,6103
1765308900,6855,6856.5,6853,6855.25,6313
1765309200,6855.25,6855.75,6850.75,6852.75,6538
1765309500,6852.5,6854.25,6852,6853.5,5007
1765309800,6853.75,6856.75,6853.75,6856.25,6052
1765310100,6856,6857,6854.75,6855.25,5718
1765310400,6855,6855.75,6854,6855.5,4795
1765310700,6855.75,6857.5,6854.25,6856,6086
1765311000,6856,6856.5,6853.75,6853.75,5298
1765311300,6854,6854.75,6852.5,6854.25,5956
1765311600,6854,6855.5,6852.75,6852.75,4759
1765311900,6852.75,6853.75,6851.5,6851.75,6249
1765312200,6851.75,6853,6849.25,6849.75,11077
1765312500,6849.75,6852.75,6849,6852,7444
1765312800,6852,6853.5,6850.5,6852.25,7302
1765313100,6852.25,6853,6850,6852.5,7185
1765313400,6852.5,6854.75,6846.75,6847.5,21011
1765313700,6847.5,6850,6844.5,6849.25,51636
1765314000,6849.5,6850,6845.75,6847.5,14309
1765314300,6847.5,6848.5,6846.25,6847,3848
1765314600,6847.25,6847.75,6845.25,6846.75,3417
1765377000,6843.5,6845.5,6838.25,6839,24514
1765377300,6839,6843.5,6830.75,6840.5,29512
1765377600,6840.75,6848.5,6838,6844.25,19369
1765377900,6844.25,6851,6844.25,6846.5,16971
1765378200,6846.5,6851,6843,6846.75,16929
1765378500,6846.75,6850.25,6840.75,6849,19637
1765378800,6849,6849.5,6845,6846.75,13124
1765379100,6846.75,6851.5,6846,6848.5,11413
1765379400,6848.5,6852,6847.5,6848,11130
1765379700,6848,6852.5,6846.5,6850.75,10185
1765380000,6850.75,6852,6847.5,6849.75,9643
1765380300,6850,6850,6845.5,6847.5,8572
1765380600,6847.5,6848.25,6841.25,6842.5,14373
1765380900,6842,6842.75,6834.5,6838,19674
1765381200,6837.75,6844,6834.25,6841.25,16955
1765381500,6841.5,6849.5,6839.75,6849,14349
1765381800,6849,6850,6840.5,6840.75,14096
1765382100,6841,6842.75,6838,6840.25,15362
1765382400,6840,6840.5,6832.25,6836.75,16986
1765382700,6836.75,6844,6836.5,6842.5,11436
1765383000,6842.5,6849,6840.75,6848.75,12390
1765383300,6849,6854.25,6847.75,6854.25,15232
1765383600,6854,6855.5,6851,6854,12688
1765383900,6853.75,6856.5,6851.5,6855.25,12335
1765384200,6855,6856,6853.25,6856,11293
1765384500,6856,6856.25,6853,6855,7236
1765384800,6854.75,6854.75,6849.5,6850.5,8941
1765385100,6850.5,6853,6847.75,6852.75,8983
1765385400,6852.75,6854.75,6851,6854,6224
1765385700,6854,6855,6852.25,6853.75,6264
1765386000,6853.5,6854.75,6852,6852,5556
1765386300,6852,6853,6850.5,6850.75,5100
1765386600,6850.75,6852,6848.5,6850.5,6925
1765386900,6850.25,6852,6848.75,6849.25,5731
1765387200,6849,6851.25,6847.25,6851,7509
1765387500,6851,6852.25,6848.5,6849.25,6362
1765387800,6849.25,6850.5,6848,6850.25,5532
1765388100,6850,6853.25,6849,6849,4874
1765388400,6849,6850.5,6847,6848.5,5100
1765388700,6848.5,6852.5,6848,6852,4997
1765389000,6852,6857.5,6851.75,6857,7167
1765389300,6856.75,6860,6855.25,6856.25,10700
1765389600,6856.25,6857.25,6854.25,6855.5,8111
1765389900,6855.5,6858.5,6854.75,6857.75,6312
1765390200,6857.75,6857.75,6855.75,6856.25,4108
1765390500,6856.25,6857.25,6853.75,6854.25,5203
1765390800,6854.25,6854.5,6849.75,6850,6506
1765391100,6850,6850,6844.75,6846.75,11295
1765391400,6846.5,6849.5,6844.5,6847.75,9786
1765391700,6847.75,6851.5,6847,6849.5,5562
1765392000,6849.5,6849.75,6844.5,6844.5,10445
1765392300,6844.5,6848.75,6843.5,6848.5,7352
1765392600,6848.25,6848.25,6844.75,6845.5,4220
1765392900,6845.5,6847,6842.25,6846.25,5086
1765393200,6846,6870.25,6844.75,6857,33892
1765393500,6856.75,6874.75,6855.5,6870.75,31107
1765393800,6870.75,6875.25,6863.75,6865.5,22609
1765394100,6865.25,6873.75,6864,6868.25,18450
1765394400,6868.5,6868.75,6857,6857.75,17242
1765394700,6857.75,6861.75,6850,6860,17762
1765395000,6859.75,6880.75,6858.25,6877.75,26478
1765395300,6877.75,6886.75,6866.5,6878.25,41026
1765395600,6878,6880.5,6850.5,6861,39106
1765395900,6861,6876.5,6860,6870.25,19594
1765396200,6870.25,6893,6867.75,6888.5,25027
1765396500,6888.25,6898.5,6888,6896.75,25143
1765396800,6896.75,6902.5,6888.75,6900.25,26253
1765397100,6900.5,6903,6895.25,6901.25,18053
1765397400,6901.25,6904.25,6897.25,6903,14031
1765397700,6903,6904.25,6898,6900.75,14065
1765398000,6900.75,6906.75,6896.75,6898,16403
1765398300,6898,6903.75,6896.25,6899.5,12677
1765398600,6899.25,6908,6897.75,6905.25,14254
1765398900,6905,6907.25,6903,6904.75,12481
1765399200,6904.75,6906.25,6899.75,6901.75,13972
1765399500,6901.5,6905,6898.75,6900.75,13504
1765399800,6900.75,6902.75,6895,6898.75,25713
1765400100,6898.75,6900.25,6889.5,6892,77670
1765400400,6892.25,6894.25,6890.25,6891.75,19416
1765400700,6891.5,6895.25,6885,6888.25,10990
1765401000,6888,6891.75,6887.75,6891.25,5002
1765463400,6868,6870.75,6861.5,6863.5,40832
1765463700,6863.75,6875.25,6862.5,6869.75,27422
1765464000,6870,6873.75,6865.75,6872.75,27481
1765464300,6872.75,6873.75,6853,6853.25,40846
1765464600,6853,6854.5,6842.75,6843,44566
1765464900,6843,6849,6839.25,6842.75,39671
1765465200,6843,6850.5,6838,6848.75,34074
1765465500,6848.75,6864,6847.75,6863.5,30395
1765465800,6863.5,6870.5,6858,6867,27923
1765466100,6866.75,6871.5,6862.5,6871,20445
1765466400,6870.75,6881.75,6870,6881.25,28013
1765466700,6881.5,6884.75,6877.25,6879.25,19226
1765467000,6879.5,6881.5,6876.25,6876.5,23095
1765467300,6876.75,6879.5,6871.5,6878.5,21001
1765467600,6878.5,6878.75,6870.5,6874.5,17307
1765467900,6874.5,6878.5,6864,6865.25,25369
1765468200,6865,6868.25,6857.25,6867.25,26591
1765468500,6867.25,6875.5,6866.5,6874,17317
1765468800,6874,6878,6868.25,6874,23989
1765469100,6874.25,6875.5,6866,6866.75,13359
1765469400,6866.5,6872.25,6865.25,6870.25,11973
1765469700,6870.5,6870.75,6864.5,6867.5,10821
1765470000,6867.5,6874.25,6864.75,6874,14257
1765470300,6874,6874.5,6860.5,6862.75,17783
1765470600,6862.75,6870.25,6862,6869.75,14439
1765470900,6870,6874.25,6868.25,6873,11516
1765471200,6873,6884.25,6871.75,6881.5,16759
1765471500,6881.75,6886.5,6878.5,6880.5,16980
1765471800,6880.75,6881.25,6868.5,6869.5,18747
1765472100,6869.5,6872,6865,6871.5,18507
1765472400,6871.75,6877.5,6870.5,6876.5,17973
1765472700,6876.5,6877.75,6874.25,6875.5,8720
1765473000,6875.5,6887,6875.5,6884,15716
1765473300,6884,6887.5,6882.5,6886,10732
1765473600,6886,6893.5,6885.75,6892,15486
1765473900,6892.25,6896,6888.75,6890.25,15250
1765474200,6890.25,6894.5,6890.25,6894.25,12292
1765474500,6894.25,6895.5,6890.75,6893.75,8293
1765474800,6893.75,6897.25,6893,6894.75,8038
1765475100,6894.75,6896,6890.25,6890.5,8148
1765475400,6890.5,6892.25,6888.25,6891.5,12587
1765475700,6891.75,6892,6886.5,6889.75,10255
1765476000,6889.5,6895.5,6887.75,6894.25,9663
1765476300,6894.25,6896.25,6893,6895.5,5880
1765476600,6895.75,6898.75,6894.5,6897,8914
1765476900,6897,6897,6893.75,6895,7474
1765477200,6894.75,6898.25,6893.25,6895.75,9333
1765477500,6895.75,6897,6890.75,6893,10854
1765477800,6893,6894,6889.75,6892.5,10000
1765478100,6892.5,6900,6892.25,6899.5,11775
1765478400,6899.5,6903.25,6898.5,6902,11450
1765478700,6902,6903,6898.5,6900,8567
1765479000,6900.25,6901.25,6896.5,6897,7560
1765479300,6897,6898.5,6894.75,6896.25,8890
1765479600,6896.5,6900.75,6896.25,6899.25,8108
1765479900,6899,6899.25,6895.25,6897.75,6619
1765480200,6897.75,6899.25,6896.25,6899,5436
1765480500,6899.25,6904.5,6899,6903.25,9480
1765480800,6903.5,6904.5,6901.25,6903.75,8307
1765481100,6903.75,6904.75,6902,6903.5,5150
1765481400,6903.5,6904.75,6902.5,6903.75,6576
1765481700,6903.75,6906.75,6903.5,6904.25,8874
1765482000,6904.25,6907.25,6904,6907,6233
1765482300,6907,6908,6905.25,6907.25,6912
1765482600,6907.5,6909.25,6905,6905.5,9586
1765482900,6905.25,6908,6905,6905.25,8161
1765483200,6905.25,6908.25,6905,6907.25,6482
1765483500,6907,6907.25,6903.5,6905.5,11494
1765483800,6905.5,6906,6903.5,6903.75,7194
1765484100,6903.75,6905.25,6902.75,6903.5,7161
1765484400,6903.5,6906,6903,6904.5,5587
1765484700,6904.5,6904.75,6900.5,6901,8304
1765485000,6900.75,6901.75,6898.5,6899.5,11805
1765485300,6899.5,6900,6896.5,6898.75,9192
1765485600,6898.5,6902,6898.25,6900.5,10924
1765485900,6900.25,6901.25,6897.25,6899.5,9653
1765486200,6899.5,6907.5,6899.5,6903,20992
1765486500,6903,6908.75,6899,6908,56682
1765486800,6908,6910.25,6907,6909,20320
1765487100,6909,6912.5,6908.75,6911.5,5624
1765487400,6911.25,6914.75,6911.25,6912.75,5661
1765549800,6896.25,6901,6890.5,6898.5,40678
1765550100,6898.5,6903,6896.25,6902,16068
1765550400,6902.25,6903,6892.25,6893.5,24917
1765550700,6893.75,6896,6887.75,6888,21760
1765551000,6888.25,6894.5,6885.75,6893,20440
1765551300,6893,6894.25,6888.25,6889,14531
1765551600,6889,6889.5,6880,6881,29564
1765551900,6881,6883.25,6869.75,6873.25,27253
1765552200,6873,6879,6872,6873.25,25670
1765552500,6873,6875.5,6867.5,6872.75,27480
1765552800,6872.5,6874.5,6861,6861.75,26160
1765553100,6861.75,6863,6850,6851,33688
1765553400,6851,6860.75,6846.75,6856.75,41917
1765553700,6856.75,6865.25,6853.25,6863,26216
1765554000,6863,6865.75,6857,6865.5,19025
1765554300,6865.75,6869.75,6862.75,6865.75,20877
1765554600,6865.75,6868,6852.5,6852.5,20154
1765554900,6852.5,6852.75,6826.75,6831,61527
1765555200,6830.75,6838.25,6819.75,6820,52859
1765555500,6819.75,6831.5,6818.25,6822.75,37787
1765555800,6823,6827.25,6815.25,6823.75,35871
1765556100,6823.75,6830.5,6818.25,6821.75,25347
1765556400,6822,6825.75,6810.25,6817,32157
1765556700,6817.25,6826.75,6814.25,6826,26671
1765557000,6826,6826.25,6812.5,6816.75,24145
1765557300,6816.75,6818.5,6805,6809.75,25262
1765557600,6810,6820.5,6805.5,6820.25,25303
1765557900,6820.25,6821,6812.25,6816.75,24190
1765558200,6816.5,6816.5,6811,6814,18874
1765558500,6813.75,6820,6810.25,6819.25,18000
1765558800,6819.25,6828,6816.75,6825.5,24350
1765559100,6825.25,6834.75,6824.75,6829,19466
1765559400,6828.75,6833.75,6828.5,6832.25,14410
1765559700,6832.25,6842.5,6832.25,6842.25,17417
1765560000,6842.25,6843.75,6837.5,6840.5,15225
1765560300,6840.5,6840.75,6827.5,6828,17572
1765560600,6828,6833.5,6823.25,6831.25,20601
1765560900,6831,6840.25,6826.25,6839.5,14902
1765561200,6839.5,6842.25,6837,6838.25,13892
1765561500,6838.25,6846,6837.75,6844,12102
1765561800,6844,6845,6837.25,6840,12957
1765562100,6840,6844,6838.75,6840.25,10253
1765562400,6840.25,6843.25,6837.25,6841.75,11581
1765562700,6842,6845.5,6841.5,6841.5,8646
1765563000,6841.75,6855.75,6841.25,6850,34434
1765563300,6850,6856.75,6849.5,6852.5,16298
1765563600,6852.25,6852.75,6844.75,6847.5,17917
1765563900,6847.25,6852.5,6847,6852.25,9543
1765564200,6852.5,6852.75,6848.25,6850,9700
1765564500,6849.75,6851.25,6844.5,6850,10918
1765564800,6850,6851.75,6841.75,6843.5,9917
1765565100,6843.5,6845.75,6841,6845.5,10973
1765565400,6845.75,6849.25,6844,6846.75,9211
1765565700,6846.75,6848.25,6838.25,6839.25,11877
1765566000,6839.25,6840.5,6833,6838.25,19438
1765566300,6838,6839.75,6833.25,6833.5,11097
1765566600,6833.5,6837.25,6829.25,6831.25,14230
1765566900,6831.25,6834.5,6829,6830.5,10364
1765567200,6830.25,6832.5,6826,6829.25,13119
1765567500,6829.25,6830.5,6826,6828.75,9843
1765567800,6828.75,6834.25,6828.25,6831.25,13310
1765568100,6831.5,6833.5,6829.5,6829.75,8815
1765568400,6829.75,6836.5,6829.75,6831.5,11452
1765568700,6831.5,6833,6829.25,6832.25,7409
1765569000,6832,6835.5,6831.25,6834.5,11007
1765569300,6834.5,6836,6829.75,6833.5,8307
1765569600,6833.5,6835,6828.25,6831.75,12068
1765569900,6831.75,6837.5,6831.25,6837,9596
1765570200,6837,6838.75,6831.75,6831.75,10102
1765570500,6831.75,6834.25,6830.5,6831.75,8163
1765570800,6831.75,6833.5,6831.25,6833,7530
1765571100,6833.25,6833.5,6824.5,6827.25,14612
1765571400,6827.25,6828.5,6816.75,6823.75,19910
1765571700,6824,6825,6814.25,6817,14575
1765572000,6817,6825,6817,6822.25,14276
1765572300,6822.25,6832.5,6821.25,6827.5,23364
1765572600,6827.5,6830.5,6822,6827.5,29096
1765572900,6827.75,6832.5,6826.5,6831.25,86811
1765573200,6831.5,6836,6829.75,6834,29084
1765573500,6833.75,6834.25,6830.75,6831.75,6251
1765573800,6831.75,6835,6831.75,6834.75,4817
1765809000,6871,6871.75,6853.25,6853.5,15989
1765809300,6853.75,6861.75,6849.5,6849.75,10250
1765809600,6849.75,6858.5,6849.5,6850,8688
1765809900,6850,6852.5,6845.75,6849.75,9377
1765810200,6849.75,6851,6840.25,6843,9673
1765810500,6843,6844,6836.75,6838,8901
1765810800,6838,6838,6825.25,6828.5,12572
1765811100,6828.5,6839.25,6827.75,6831.75,9620
1765811400,6831.75,6832.5,6825,6827,7488
1765811700,6827,6827,6820,6820.25,11005
1765812000,6820.5,6828.25,6811.75,6812,12134
1765812300,6811.75,6814.75,6806.25,6811.75,13268
1765812600,6811.75,6827,6809,6822.5,14364
1765812900,6822.75,6826.25,6815.25,6818.5,6370
1765813200,6818.5,6831.5,6813.75,6831.25,9825
1765813500,6831.5,6834.5,6828,6834.25,9749
1765813800,6834.5,6835,6820.75,6824.75,8570
1765814100,6825,6827.25,6821,6824.75,7015
1765814400,6824.75,6827.5,6819.5,6823.75,5758
1765814700,6823.75,6831.25,6823.25,6831.25,6772
1765815000,6831.25,6832.25,6822.5,6823.75,6238
1765815300,6823.75,6840,6823,6839.5,9544
1765815600,6839.75,6841.75,6836.25,6839,4891
1765815900,6839,6844,6838.5,6841.25,4536
1765816200,6841.25,6842.75,6827.5,6827.5,7911
1765816500,6827.5,6829.5,6818.75,6822.25,8077
1765816800,6822.25,6826.75,6817.5,6818.75,6824
1765817100,6819,6820.75,6814.75,6818.75,6270
1765817400,6818.75,6828.5,6818,6828,6024
1765817700,6828,6830.75,6819,6822,6768
1765818000,6822,6825.75,6819,6821.5,4915
1765818300,6821.75,6825.75,6820,6824.25,3615
1765818600,6824.25,6826.75,6821.25,6821.5,3794
1765818900,6821.75,6822.25,6815.75,6817.75,5166
1765819200,6817.5,6822.75,6816.75,6819.25,3637
1765819500,6819,6824.25,6818.5,6820,2604
1765819800,6819.75,6823,6813.75,6815.75,4173
1765820100,6815.75,6822.25,6815.75,6821.75,2653
1765820400,6821.75,6828,6821.25,6825.25,3901
1765820700,6825,6827.25,6816.5,6817,4485
1765821000,6816.75,6816.75,6807.5,6813,8019
1765821300,6813.25,6819,6812,6818.5,3633
1765821600,6818.25,6821.25,6813.5,6819,4232
1765821900,6819.25,6824.75,6818,6819.25,4582
1765822200,6819.5,6824,6819.25,6823.25,2588
1765822500,6823.25,6825.25,6816.75,6817.5,3533
1765822800,6817.5,6819.75,6811.75,6811.75,4648
1765823100,6811.75,6814.25,6808.5,6813.25,5475
1765823400,6813.25,6816.75,6809.5,6812,4484
1765823700,6812,6816.25,6810.25,6812.5,2793
1765824000,6812.5,6817.25,6811.75,6816.25,2794
1765824300,6816.25,6819.5,6815.25,6817.75,3722
1765824600,6817.75,6822.75,6816.5,6821.5,4448
1765824900,6821.75,6827.5,6821.5,6823.5,5481
1765825200,6823.5,6828.5,6822.5,6827.5,4693
1765825500,6827.75,6828.75,6823.25,6823.75,2837
1765825800,6823.5,6825.5,6821.25,6821.25,2818
1765826100,6821.5,6823.5,6817.5,6823.5,3606
1765826400,6823.75,6825,6818,6821.25,2744
1765826700,6821,6823.5,6820,6821.75,2036
1765827000,6821.75,6824.25,6819,6821.25,2524
1765827300,6821.5,6822.75,6819,6820.5,2019
1765827600,6820.75,6823.5,6818.5,6819.5,2460
1765827900,6819.25,6820.5,6818,6820.25,2401
1765828200,6820.25,6824.25,6819,6824.25,3224
1765828500,6824.25,6831.5,6824.25,6830.5,4159
1765828800,6830.25,6830.25,6823.75,6826.5,3595
1765829100,6826.5,6830,6826.25,6829.75,2692
1765829400,6829.75,6830.75,6826,6826.25,2638
1765829700,6826,6829.25,6824,6825.25,2214
1765830000,6825.5,6825.5,6820.5,6823,4528
1765830300,6823,6825.5,6820.75,6824.25,3774
1765830600,6824.5,6826,6819.5,6821.25,3587
1765830900,6821.5,6825.75,6819.75,6825.5,3781
1765831200,6825.5,6826.75,6819,6820.5,4189
1765831500,6820.25,6826,6819.75,6825.5,5260
1765831800,6825.25,6829.5,6821.25,6822.75,9584
1765832100,6822.75,6826.25,6820.25,6820.75,35647
1765832400,6820.75,6825.75,6819.25,6821.5,11510
1765832700,6821.5,6822.75,6820.75,6821,1382
1765833000,6821.25,6823.75,6821.25,6823.5,1787
1765895400,6861.5,6874.5,6858,6865,45683
1765895700,6865,6874.5,6862.25,6864,27937
1765896000,6864,6865,6850.75,6856.25,21814
1765896300,6856.25,6869.75,6845.75,6866,33993
1765896600,6866,6879.5,6865,6868,39801
1765896900,6868,6879.5,6865.5,6877.5,20588
1765897200,6877.75,6880.5,6859.5,6868,32491
1765897500,6868,6878.25,6863.75,6865.75,28858
1765897800,6865.75,6867.25,6859,6862,23142
1765898100,6862.25,6864.25,6849,6852.25,25155
1765898400,6852.25,6853.5,6841,6841.5,33423
1765898700,6841.5,6847.25,6832.75,6845.25,37104
1765899000,6845.25,6855.5,6843.75,6850,30014
1765899300,6850.25,6854.75,6838.75,6847.25,25645
1765899600,6847.25,6850.75,6838.25,6850,24570
1765899900,6849.75,6858.5,6849.25,6853.5,21714
1765900200,6853.25,6860,6844.25,6858.25,21383
1765900500,6858,6863,6853.25,6858.5,22040
1765900800,6858.5,6862,6854,6855.25,16422
1765901100,6855.25,6857.25,6848,6851,18957
1765901400,6850.75,6852.75,6843.25,6846,16130
1765901700,6845.75,6847,6837,6843.25,26063
1765902000,6843.25,6845,6838.5,6839.5,13439
1765902300,6839.5,6841.25,6836.5,6839.5,17689
1765902600,6839.75,6845,6836.25,6843.5,17355
1765902900,6843.75,6845.75,6834.5,6841.25,16346
1765903200,6841.25,6842.5,6835.25,6842,13539
1765903500,6842,6848.75,6838.75,6848.5,17554
1765903800,6848.75,6853.5,6840.5,6843.5,18777
1765904100,6843.5,6853.25,6842.5,6851.5,12742
1765904400,6851.5,6856.25,6848.5,6854.5,15062
1765904700,6854.25,6856,6848.25,6848.5,11349
1765905000,6848.25,6855,6843,6854.25,13026
1765905300,6854.25,6857.75,6853,6854.5,9033
1765905600,6854.75,6855.5,6847.25,6847.75,8477
1765905900,6847.75,6847.75,6838.25,6841.75,15888
1765906200,6841.75,6848.75,6841,6848,11623
1765906500,6848.25,6851.25,6837.5,6839.75,13364
1765906800,6839.75,6840,6830.75,6835,14646
1765907100,6835,6839.25,6833.25,6834.25,10285
1765907400,6834,6834.25,6829,6831.5,9517
1765907700,6831.5,6832.75,6821.75,6823.5,22210
1765908000,6823.5,6827,6817.5,6826.5,28682
1765908300,6826.25,6827.5,6818,6825,15681
1765908600,6824.75,6828.25,6819.75,6827.75,9395
1765908900,6827.75,6828.25,6821,6823,8395
1765909200,6822.75,6828,6821,6827.75,6002
1765909500,6827.75,6829.5,6821.75,6823.5,10473
1765909800,6823.25,6833.75,6823,6833.25,13522
1765910100,6833.25,6840.75,6832.25,6839.25,18440
1765910400,6839,6847.5,6839,6846.5,14733
1765910700,6846.5,6851.75,6845.75,6849.75,14228
1765911000,6850,6854.5,6845,6846,13578
1765911300,6846,6848.5,6844.5,6846.5,10623
1765911600,6846.5,6846.75,6832.5,6832.75,14562
1765911900,6832.5,6836.5,6831,6835,15724
1765912200,6835,6836.25,6827.5,6828.75,12642
1765912500,6828.75,6830.25,6826,6826.25,10856
1765912800,6826.25,6834,6825.75,6831.25,10122
1765913100,6831.25,6838,6826.25,6837.5,15396
1765913400,6837.75,6842.75,6836.5,6841.75,15352
1765913700,6842,6846.5,6840.25,6842.75,9627
1765914000,6842.75,6849,6839.75,6847,11810
1765914300,6847,6848.25,6842.5,6845.75,8354
1765914600,6845.75,6853.5,6844.5,6849.25,12978
1765914900,6849.5,6849.5,6845.75,6847,10254
1765915200,6847,6855,6845.25,6854.75,11230
1765915500,6854.5,6857.25,6851.25,6855.5,10404
1765915800,6855.5,6857.5,6850.25,6850.5,9519
1765916100,6850.5,6854.75,6850,6854,6965
1765916400,6853.75,6860,6853,6859.75,8561
1765916700,6859.75,6860,6857.25,6859.5,9537
1765917000,6859.25,6867.75,6859,6865.75,15377
1765917300,6865.5,6873.25,6865.5,6868.5,15457
1765917600,6868.5,6870.5,6865.25,6867.5,11534
1765917900,6867.5,6868.5,6861.75,6865,11607
1765918200,6864.75,6871.25,6864.5,6866.5,21110
1765918500,6866.25,6871.75,6855,6855.25,68388
1765918800,6855.25,6857.25,6852,6855,28341
1765919100,6855,6856.25,6853.5,6855.5,5543
1765919400,6855.75,6855.75,6850.75,6853,4122
1765981800,6865.5,6871.25,6858.75,6864.25,33582
1765982100,6864.5,6867,6854,6854.25,32510
1765982400,6854.25,6858,6846.75,6850.75,29913
1765982700,6850.75,6854,6841.5,6851,32680
1765983000,6851.25,6855.75,6846.75,6848.25,21565
1765983300,6848,6860.25,6843.75,6857.75,20435
1765983600,6857.75,6860.25,6850,6855.5,20651
1765983900,6855.5,6862.25,6849.25,6849.75,18982
1765984200,6850,6855.5,6847.25,6854,17732
1765984500,6854,6855.75,6846.5,6848,14828
1765984800,6848,6858.75,6846,6852.75,17236
1765985100,6852.5,6858.5,6846.5,6854.5,16078
1765985400,6854.25,6857,6844.25,6844.25,14707
1765985700,6844.25,6845.5,6832.5,6834.25,31702
1765986000,6834,6837.75,6820.25,6825,27523
1765986300,6824.75,6828.75,6816.5,6824,39563
1765986600,6823.75,6826,6809.25,6812,30850
1765986900,6811.75,6813.5,6804,6810,29552
1765987200,6809.75,6816,6806.25,6815,28014
1765987500,6815,6821,6813,6816.25,19078
1765987800,6816,6819.5,6801,6801.25,22091
1765988100,6801.25,6813.25,6798.5,6810,24778
1765988400,6809.75,6816.5,6805.25,6811.5,18820
1765988700,6811.25,6818.25,6810,6810.75,15088
1765989000,6810.5,6810.75,6800.25,6802.5,18998
1765989300,6802.5,6812,6799,6804.25,17644
1765989600,6804.25,6811,6800.5,6807.5,15792
1765989900,6807.5,6811.75,6800.5,6803.5,14518
1765990200,6803.5,6806.5,6794.5,6802,21114
1765990500,6801.75,6806.75,6795.75,6806,14117
1765990800,6806,6809,6794.75,6797.25,16433
1765991100,6797.25,6804.25,6796.75,6797.5,12076
1765991400,6797.5,6806,6795.5,6797.5,14441
1765991700,6797.5,6809.75,6795.25,6805,16798
1765992000,6804.75,6814.25,6804.5,6813.75,11848
1765992300,6814,6814.5,6804.25,6805.25,11732
1765992600,6805.5,6815,6804.75,6808,14128
1765992900,6808,6811.25,6802,6802.25,11209
1765993200,6802.25,6808.25,6798.25,6799.5,12750
1765993500,6799.75,6800.5,6793.5,6798.5,12305
1765993800,6798.25,6804.75,6797.5,6798.5,13146
1765994100,6798.75,6804.25,6798.5,6801.75,8707
1765994400,6801.75,6811.25,6801.75,6808.5,12871
1765994700,6808.5,6812.5,6805.5,6805.75,10660
1765995000,6805.75,6805.75,6797.25,6797.75,10271
1765995300,6797.75,6800.25,6794.25,6795.5,15093
1765995600,6795.5,6800.75,6793.5,6799.25,8882
1765995900,6799,6801,6795.25,6797,7544
1765996200,6796.75,6797.25,6793.25,6796.25,6796
1765996500,6796.25,6799.5,6791.25,6792,9749
1765996800,6791.75,6793,6783.25,6790.25,19633
1765997100,6790,6793.25,6785,6787.75,11315
1765997400,6787.75,6790,6784.5,6786,12143
1765997700,6786.25,6789.5,6785,6788.5,8392
1765998000,6788.25,6790.5,6783.25,6786,10386
1765998300,6786,6789.5,6785.5,6787.25,9135
1765998600,6787,6792.25,6785.75,6789.75,10366
1765998900,6789.5,6793.5,6789.25,6790.25,9331
1765999200,6790,6792.5,6786.5,6790.75,7926
1765999500,6790.75,6791.75,6786.5,6787.75,7545
1765999800,6788,6792,6785.5,6786,9248
1766000100,6786,6791,6785.25,6790.25,9097
1766000400,6790.25,6792.25,6788.25,6790.25,9822
1766000700,6790.25,6792.75,6789.25,6791.75,8187
1766001000,6792,6795.5,6789.5,6794.5,11060
1766001300,6794.5,6796.25,6793,6794.5,9974
1766001600,6794.5,6796.5,6788.75,6789.5,12940
1766001900,6789.5,6791,6787.25,6789,10535
1766002200,6789.25,6792.5,6788.25,6790.75,9983
1766002500,6790.75,6795.75,6790.75,6792,10694
1766002800,6792.25,6793.5,6791.5,6792.75,8942
1766003100,6792.75,6792.75,6785.5,6788.5,13630
1766003400,6788.5,6791,6782.5,6788.5,15214
1766003700,6788.25,6788.75,6785,6785.5,12517
1766004000,6785.5,6792.25,6785,6791.25,14091
1766004300,6791.25,6793.25,6788.25,6793,14289
1766004600,6793.25,6793.75,6779.5,6781.25,33648
1766004900,6781.5,6782.25,6775.5,6777,90910
1766005200,6776.75,6785.5,6776.75,6784.25,35186
1766005500,6784.25,6791,6784,6791,7878
1766005800,6790.75,6795,6790.25,6794.5,6444
1766068200,6839.75,6850.25,6837,6842.25,52896
1766068500,6842.25,6842.5,6829.75,6833.75,34835
1766068800,6834,6836.25,6824.5,6826.5,31803
1766069100,6826.5,6834.5,6820.5,6825.75,32447
1766069400,6825.75,6841,6823,6839.5,30986
1766069700,6839.5,6847,6836,6844.5,26867
1766070000,6844.5,6848.5,6842.5,6845.5,26018
1766070300,6845.5,6846.5,6836.5,6838.5,22379
1766070600,6838.75,6839.75,6826.5,6831.25,26026
1766070900,6831.25,6834,6825,6829,26550
1766071200,6829,6847.75,6825,6847,28150
1766071500,6847,6855.25,6845.5,6854.25,31040
1766071800,6854.25,6860,6850.75,6860,28314
1766072100,6860,6870.5,6855.75,6867,35236
1766072400,6867,6870.5,6863.5,6869.25,23717
1766072700,6869.25,6869.75,6863.25,6865.75,20105
1766073000,6865.75,6868,6861.5,6864,21203
1766073300,6864.25,6865.75,6861.25,6864.75,15029
1766073600,6864.5,6868,6862.75,6867.25,16472
1766073900,6867.5,6870,6866.75,6869,13551
1766074200,6869.25,6871.25,6863.25,6863.75,16440
1766074500,6863.75,6868.5,6863.25,6865.5,15517
1766074800,6865.5,6868.25,6864.25,6865.5,13082
1766075100,6865.5,6868.5,6859.75,6862,18436
1766075400,6862,6866.5,6861.75,6865,15338
1766075700,6865,6872,6865,6868.75,16927
1766076000,6868.75,6870,6867.25,6867.25,10210
1766076300,6867.25,6868.25,6862.5,6864,14620
1766076600,6864,6866.25,6861,6864.25,11344
1766076900,6864.25,6866,6857.5,6860,12118
1766077200,6859.75,6860,6852.25,6852.75,14303
1766077500,6852.5,6853,6832,6832.25,41256
1766077800,6832.25,6834.75,6823,6827.75,44564
1766078100,6827.75,6827.75,6815,6822.5,45972
1766078400,6822.25,6828.5,6814.25,6815.5,36782
1766078700,6815.5,6822.75,6811.75,6820.75,29870
1766079000,6820.75,6831,6817.5,6830,29419
1766079300,6830.25,6836.25,6827.25,6835.75,22243
1766079600,6835.75,6846.25,6835.75,6846,25062
1766079900,6846.25,6850.75,6839.75,6842,26124
1766080200,6842,6844.25,6836.75,6842,22430
1766080500,6842,6847.5,6837.75,6847.25,16655
1766080800,6847.25,6847.5,6839.25,6840,16705
1766081100,6840,6847.5,6839.5,6847.5,11644
1766081400,6847.5,6852.25,6844.75,6846.75,16157
1766081700,6846.5,6850.25,6846.5,6848.5,11110
1766082000,6848.5,6853,6847.75,6852.5,9946
1766082300,6852.75,6854.5,6850.25,6851.75,10824
1766082600,6852,6859.5,6852,6856.25,14682
1766082900,6856.25,6860.75,6856.25,6857.75,10850
1766083200,6858,6859.25,6852,6852.25,11030
1766083500,6852.5,6853,6846,6847,14736
1766083800,6847.25,6851.25,6843.75,6845.5,15536
1766084100,6845.25,6850,6844.25,6845.75,10656
1766084400,6845.75,6846.25,6830.25,6831,22862
1766084700,6830.75,6842.5,6829.25,6841.5,22227
1766085000,6841.75,6845.5,6836,6837.75,15671
1766085300,6838,6838,6832.25,6833.75,13497
1766085600,6833.75,6836.5,6830.75,6832.5,12068
1766085900,6832.25,6835.75,6830,6835,11843
1766086200,6834.75,6836.5,6826.75,6827.25,15788
1766086500,6827,6831,6826.25,6830.25,12220
1766086800,6830,6833.25,6825.25,6826.5,13617
1766087100,6826.25,6833,6824,6833,13385
1766087400,6833,6836.5,6825.25,6826.5,18796
1766087700,6826.5,6826.75,6816.25,6820.5,22844
1766088000,6820.5,6831.25,6817.75,6831.25,20245
1766088300,6831.25,6834.75,6828,6830.25,15319
1766088600,6830.5,6837.75,6829.75,6837.25,12170
1766088900,6837.25,6839.75,6832.25,6839.25,17939
1766089200,6839.5,6841.75,6836,6841,11937
1766089500,6841,6842.25,6836.75,6840.25,14435
1766089800,6840,6846.25,6837.75,6845.75,13355
1766090100,6846,6848,6840.25,6841.5,13599
1766090400,6841.5,6846.5,6839.25,6846,11953
1766090700,6845.75,6850,6843.5,6847.5,19016
1766091000,6847.5,6849.25,6835.75,6837.25,31624
1766091300,6837,6838.5,6828,6828.5,91826
1766091600,6828.5,6829.75,6824.5,6825.5,28627
1766091900,6825.5,6827.75,6824.5,6827.75,7604
1766092200,6827.5,6827.75,6821.25,6821.75,5517
1766154600,6847.25,6864.25,6845.75,6863.75,53343
1766154900,6864,6865,6854.75,6862.25,31742
1766155200,6862.25,6876.25,6859.25,6876,33210
1766155500,6876.25,6878.25,6870,6872.75,32931
1766155800,6872.75,6879.25,6872.5,6875.25,19336
1766156100,6875,6881.75,6872.5,6880.5,15391
1766156400,6880.25,6887.5,6879.5,6883.75,26784
1766156700,6883.75,6883.75,6874.5,6879.75,19116
1766157000,6880,6880.5,6874.75,6878.5,16051
1766157300,6878.75,6882.5,6875.5,6878.25,16521
1766157600,6878,6879.5,6872.5,6873.75,16105
1766157900,6873.75,6877,6866.75,6874.5,20201
1766158200,6874.5,6881.75,6869.5,6878,17338
1766158500,6877.75,6883.75,6877.75,6883.5,13447
1766158800,6883.5,6883.75,6874.5,6875.25,16395
1766159100,6875.5,6877,6869,6870,15702
1766159400,6869.75,6876,6869.75,6874.25,14956
1766159700,6874.25,6874.75,6870.75,6872.25,11916
1766160000,6872.25,6877.5,6868,6876.25,17793
1766160300,6876.5,6882.25,6875,6879.75,12875
1766160600,6879.75,6885.5,6877.75,6879.25,19849
1766160900,6879.5,6884,6877.25,6882.75,11469
1766161200,6882.5,6883.5,6879.5,6880.5,8618
1766161500,6880.75,6885,6880.5,6884.5,9240
1766161800,6884.75,6888.25,6884,6885.25,11683
1766162100,6885.25,6886,6882,6882.25,10353
1766162400,6882.25,6886.5,6880.75,6880.75,8526
1766162700,6880.75,6882.5,6876.25,6877.5,10665
1766163000,6877.5,6884.5,6876.25,6883,10615
1766163300,6883,6884.25,6878.75,6879.75,8364
1766163600,6879.5,6885,6879,6883.25,8105
1766163900,6883.5,6884.5,6882,6883.75,5820
1766164200,6884,6884.5,6881.75,6884,5140
1766164500,6884.25,6890.25,6884.25,6888,10988
1766164800,6888,6891.25,6887.75,6890.75,9039
1766165100,6891,6891,6888.75,6889.5,7683
1766165400,6889.25,6889.75,6886.25,6887.5,8327
1766165700,6887.5,6890.75,6885.75,6890,7665
1766166000,6890.25,6890.5,6886.5,6887.5,6057
1766166300,6887.25,6889.5,6886,6888.5,6090
1766166600,6888.5,6892.75,6888.25,6892.25,7817
1766166900,6892.25,6893.25,6889,6889,6469
1766167200,6889.25,6890.75,6887.25,6890,8433
1766167500,6890,6891.75,6889.25,6890,4101
1766167800,6890.25,6892.5,6890.25,6891.75,4794
1766168100,6891.75,6893.75,6891.5,6893,5264
1766168400,6892.75,6893,6889,6889,5647
1766168700,6889.25,6891.25,6888.75,6890,4675
1766169000,6890,6891.25,6887.75,6888.25,4883
1766169300,6888,6889.5,6886.75,6888,5077
1766169600,6888,6888,6884.25,6886,6947
1766169900,6886,6886.5,6884,6885.5,5478
1766170200,6885.25,6888.5,6884.5,6887.25,5932
1766170500,6887,6887.5,6884.25,6884.75,4869
1766170800,6884.75,6889.25,6884.5,6887.75,6029
1766171100,6888,6889,6885.75,6886.75,4702
1766171400,6887,6890.25,6886.5,6888.5,4524
1766171700,6888.5,6889.75,6887.25,6889.25,4361
1766172000,6889.5,6890.25,6888.25,6890,3468
1766172300,6890,6890.75,6888.5,6888.75,5085
1766172600,6888.75,6891,6887.75,6890,5597
1766172900,6890,6892,6889.25,6889.5,4406
1766173200,6889.75,6891.5,6888.75,6890.25,3823
1766173500,6890.5,6892.75,6890.25,6891,4423
1766173800,6891.25,6892,6889.75,6890.75,5208
1766174100,6890.5,6892,6888,6888.5,5497
1766174400,6888.75,6891,6887.5,6888.25,6595
1766174700,6888.25,6889.25,6887.5,6888.25,5280
1766175000,6888.25,6890.25,6886.5,6887.25,7680
1766175300,6887.5,6888.25,6886.25,6887.25,6696
1766175600,6887.25,6890.25,6887.25,6889.75,6649
1766175900,6889.75,6890.25,6887,6887.75,7294
1766176200,6887.75,6889.75,6885.75,6886.75,9146
1766176500,6887,6888,6885.75,6886.25,6817
1766176800,6886.5,6887,6879.25,6882.5,14141
1766177100,6882.5,6885,6881.5,6883,16174
1766177400,6883.25,6890.5,6880.75,6888.25,41365
1766177700,6888.25,6889.75,6882.75,6888.5,114686
1766178000,6888.5,6890.5,6886.25,6889.25,30779
1766178300,6889.25,6891.5,6889,6890.25,7716
1766178600,6890.5,6890.5,6889,6889.5,6462
1766413800,6921.75,6927.75,6916.25,6919.25,33344
1766414100,6919,6921.75,6914,6915.25,25735
1766414400,6915.25,6917.75,6911.75,6914.75,21728
1766414700,6914.5,6919.75,6913,6916,18655
1766415000,6916,6923,6915,6922.5,14617
1766415300,6922.75,6923.75,6920.25,6922.25,13967
1766415600,6922.25,6923.75,6916.75,6917.25,17726
1766415900,6917,6920.25,6914.75,6917.75,12787
1766416200,6917.75,6918.5,6911,6911.75,15275
1766416500,6912,6918.25,6911.25,6917,13043
1766416800,6917,6921,6915.75,6920,12339
1766417100,6920,6921.5,6918.25,6920,9683
1766417400,6920,6922.25,6916.75,6917,11457
1766417700,6917,6917.25,6908.5,6911,19498
1766418000,6910.75,6920,6910.5,6919.25,14625
1766418300,6919.25,6921.25,6918.75,6920.5,11681
1766418600,6920.5,6921.5,6917.75,6920.25,8323
1766418900,6920.25,6922,6918.25,6918.5,7628
1766419200,6918.75,6922,6918.5,6920.75,8441
1766419500,6920.75,6924.75,6920.5,6924.25,10656
1766419800,6924.5,6929.25,6924,6928.75,13896
1766420100,6929,6931.75,6928,6931,13520
1766420400,6931,6932.25,6929.75,6930,9816
1766420700,6930.25,6930.5,6928.5,6929.25,9138
1766421000,6929.25,6930.5,6927,6927.5,11631
1766421300,6927.25,6930,6927,6927.5,8557
1766421600,6927.25,6929.75,6926.25,6926.25,5248
1766421900,6926.25,6929,6926,6927.25,7207
1766422200,6927.5,6930,6927.25,6929.75,6463
1766422500,6929.75,6932.25,6929.25,6932.25,6424
1766422800,6932.25,6933.5,6930.25,6931.25,8914
1766423100,6931.25,6931.75,6929.25,6929.75,5803
1766423400,6930,6932,6929.25,6930.75,6362
1766423700,6930.75,6932.25,6930.5,6931,4041
1766424000,6931,6931,6929.5,6929.5,5215
1766424300,6929.25,6930,6927.75,6929,5441
1766424600,6929,6930.75,6928,6928.5,4787
1766424900,6928.25,6929.75,6928.25,6929,3662
1766425200,6929.25,6931.75,6928.25,6930.5,8932
1766425500,6930.5,6931.25,6929.25,6930.25,4296
1766425800,6930.25,6935,6930,6933.75,9643
1766426100,6934,6936.25,6933.75,6934.75,8819
1766426400,6934.75,6935,6932.75,6932.75,5661
1766426700,6933,6933,6931.5,6931.5,5454
1766427000,6931.75,6932,6930,6930.5,6802
1766427300,6930.5,6930.75,6928.25,6929.5,7336
1766427600,6929.5,6929.75,6927.5,6927.5,6381
1766427900,6927.5,6929.75,6925.75,6929.25,10677
1766428200,6929.25,6931.25,6929.25,6929.25,6193
1766428500,6929.25,6930.75,6928.5,6930,3985
1766428800,6930.25,6931.25,6929,6929.75,3915
1766429100,6929.75,6930,6928.25,6928.75,3358
1766429400,6928.75,6929,6926,6926.25,7922
1766429700,6926,6929,6926,6927.25,6986
1766430000,6927.25,6928,6925.5,6926.25,4752
1766430300,6926.25,6927,6925,6926,6953
1766430600,6926,6926,6924.5,6925.5,5171
1766430900,6925.5,6926.75,6924.5,6926.5,5040
1766431200,6926.5,6928.5,6925.75,6928,6307
1766431500,6928,6930,6927.75,6929.5,5519
1766431800,6929.75,6932.5,6929.5,6930.5,8537
1766432100,6930.5,6932.5,6930.5,6930.75,5215
1766432400,6931,6931.25,6929.75,6930,5766
1766432700,6930,6931.5,6929.5,6929.75,4383
1766433000,6930,6930.75,6929,6929,4819
1766433300,6929,6930.25,6928.75,6930.25,4739
1766433600,6930,6931.75,6930,6930.5,5637
1766433900,6930.5,6931,6928.75,6929.25,4726
1766434200,6929,6931.25,6929,6929.75,5875
1766434500,6929.75,6932.5,6929.25,6932.25,8646
1766434800,6932,6932.75,6930.5,6931.25,6911
1766435100,6931.5,6932,6930.5,6931.5,4882
1766435400,6931.5,6932.75,6931.25,6932.5,6086
1766435700,6932.5,6933.75,6931.25,6932,11392
1766436000,6932.25,6932.25,6931,6931.25,7111
1766436300,6931.25,6931.75,6929,6930,13120
1766436600,6930,6931.75,6928.25,6931.75,23823
1766436900,6931.5,6932.25,6928.5,6929.5,68459
1766437200,6929.5,6932.25,6929.5,6931.75,17248
1766437500,6931.75,6932.5,6931.25,6932,4770
1766437800,6932,6932.25,6931,6931.25,2911
1766500200,6919.25,6936.5,6918.75,6930.5,37265
1766500500,6930.75,6935,6928,6934.25,16076
1766500800,6934.25,6938.75,6932.75,6938.5,16114
1766501100,6938.5,6943.5,6938,6940.25,16896
1766501400,6940,6942,6936.25,6937.25,14057
1766501700,6937.25,6937.75,6931.75,6935,14856
1766502000,6934.75,6935.75,6925,6926,21797
1766502300,6926.25,6929.75,6924,6929.25,17035
1766502600,6929.25,6931.5,6924.25,6928,15859
1766502900,6928,6934.25,6927.75,6933.25,13680
1766503200,6933.25,6936.25,6932.75,6935.5,10262
1766503500,6935.5,6936.25,6930.5,6933.25,10769
1766503800,6933,6937.75,6933,6937,9192
1766504100,6937.25,6941.25,6936.75,6940.5,10590
1766504400,6940.5,6943,6940,6942,11060
1766504700,6942.25,6943.5,6939.75,6942.75,9229
1766505000,6942.75,6944,6941.75,6942.75,7548
1766505300,6942.75,6946.5,6941,6944.75,9463
1766505600,6945,6948,6944,6946,12171
1766505900,6946,6947.5,6944.75,6945.5,8490
1766506200,6945.5,6946.5,6944.25,6946,7873
1766506500,6946.25,6948.75,6946,6948.25,7002
1766506800,6948.25,6948.5,6946.25,6947.75,6218
1766507100,6947.75,6949,6946,6946.25,6594
1766507400,6946.25,6947.25,6945.75,6946.5,6075
1766507700,6946.5,6947.25,6945,6946.75,5848
1766508000,6946.5,6949.5,6946.25,6948.75,5506
1766508300,6948.75,6950,6948.25,6949,5682
1766508600,6949.25,6951.5,6949,6950.5,8165
1766508900,6950.75,6951.75,6949.5,6950.75,5741
1766509200,6950.75,6951.5,6948.25,6950.5,8741
1766509500,6950.5,6951.5,6950,6951.25,4040
1766509800,6951.25,6952,6950.5,6951,4527
1766510100,6951,6952,6950.25,6951.75,3807
1766510400,6951.75,6953.75,6951.5,6953,5905
1766510700,6953,6953.25,6951.75,6952.5,4036
1766511000,6952.5,6953.75,6950.5,6951.75,7218
1766511300,6951.75,6953,6951,6952.5,3508
1766511600,6952.5,6952.75,6951.25,6952,3895
1766511900,6952.25,6952.75,6950.5,6950.75,3824
1766512200,6950.75,6952,6949.5,6951.25,6440
1766512500,6951.25,6952.75,6950.75,6951.5,4772
1766512800,6951.5,6952.75,6951,6951,3588
1766513100,6951.25,6955.25,6951,6954.75,6329
1766513400,6954.75,6955.25,6953.5,6955,4569
1766513700,6955.25,6955.75,6954.5,6955.75,3419
1766514000,6955.75,6959,6955.5,6957.75,10262
1766514300,6957.5,6958.25,6955.75,6957.25,6562
1766514600,6957.25,6958.75,6956.75,6958,4592
1766514900,6957.75,6958.25,6957,6958,3426
1766515200,6958,6958.25,6957.25,6958.25,3162
1766515500,6958.25,6958.75,6957.25,6957.75,3265
1766515800,6957.5,6958.25,6956.75,6957.25,3456
1766516100,6957.5,6957.75,6956.5,6956.75,3828
1766516400,6956.75,6959,6956.5,6958.75,5044
1766516700,6959,6960,6958.25,6959.25,4981
1766517000,6959.25,6960,6958.75,6959,3860
1766517300,6958.75,6960.25,6958.75,6960.25,3828
1766517600,6960,6960.75,6959.5,6960,4482
1766517900,6959.75,6961,6959.5,6960.5,5441
1766518200,6960.75,6961.25,6959.5,6960,4235
1766518500,6959.75,6960.5,6959.25,6959.75,4088
1766518800,6959.5,6959.75,6958.75,6959.75,4321
1766519100,6959.75,6960.5,6959.5,6960.25,3583
1766519400,6960.25,6961,6959.5,6960.75,4227
1766519700,6961,6961.25,6960,6960,5308
1766520000,6960.25,6962.25,6960,6961.5,8274
1766520300,6961.5,6961.75,6960.5,6961,4401
1766520600,6961,6961.5,6960,6960.75,4439
1766520900,6960.75,6961.25,6960.25,6961,3809
1766521200,6961.25,6961.75,6959.5,6959.75,6018
1766521500,6960,6961,6959.5,6960,4642
1766521800,6960,6961.25,6959.5,6960.75,5148
1766522100,6961,6961.75,6960,6961,6762
1766522400,6961,6961.5,6958.75,6959,7240
1766522700,6959,6961.25,6958.75,6961,8925
1766523000,6960.75,6961.75,6957.75,6961.5,24510
1766523300,6961.25,6963.75,6959.5,6960.25,65178
1766523600,6960.5,6962,6957.75,6959.75,20558
1766523900,6959.75,6961,6958.25,6959.5,5498
1766524200,6959.25,6959.5,6957.75,6957.75,5000
1766586600,6959,6962.75,6957.25,6962,19216
1766586900,6962,6963.75,6959.75,6960.25,10002
1766587200,6960.25,6967,6959.75,6962.5,12237
1766587500,6962.5,6964.75,6961.75,6963.25,7313
1766587800,6963.25,6967,6963.25,6966.5,7090
1766588100,6966.75,6967,6964.25,6965.75,5907
1766588400,6965.75,6967,6965,6966.5,6473
1766588700,6966.5,6969,6966.25,6968.75,7016
1766589000,6968.75,6971,6968.25,6970.25,8895
1766589300,6970.5,6972.25,6970,6970.75,8788
1766589600,6970.75,6971.75,6968.25,6969.25,7002
1766589900,6969.25,6972,6968.75,6971.5,5338
1766590200,6971.5,6972.25,6970,6971,5807
1766590500,6971.25,6972,6969.75,6971.75,6103
1766590800,6971.75,6973,6971.25,6972.75,5180
1766591100,6972.75,6973.25,6972.25,6973,4367
1766591400,6973.25,6974.25,6972.75,6974,5246
1766591700,6974,6975.25,6973.25,6975,4931
1766592000,6975,6975.5,6973.75,6974.75,5759
1766592300,6974.75,6977,6974,6976,5877
1766592600,6976,6979.5,6975.75,6979.25,8654
1766592900,6979.25,6979.25,6976.75,6978.75,7956
1766593200,6978.75,6980,6978.5,6980,6052
1766593500,6979.75,6980.25,6978.75,6980,3639
1766593800,6980,6982,6979,6981.75,9090
1766594100,6981.75,6985.25,6981.5,6984,10786
1766594400,6984,6985.5,6983.75,6985.25,7061
1766594700,6985.25,6985.5,6983.75,6984,4846
1766595000,6984,6984.75,6982.75,6984.5,6390
1766595300,6984.5,6984.75,6983.25,6984,4279
1766595600,6984,6985.5,6984,6984.5,4420
1766595900,6984.5,6986.5,6984.25,6985.75,5262
1766596200,6985.75,6986.5,6985.25,6985.75,3433
1766596500,6985.75,6986.5,6982.5,6983.75,5149
1766596800,6983.75,6985,6982.25,6982.5,4833
1766597100,6982.5,6985.75,6982.25,6985,6960
1766597400,6985,6988,6985,6987,6888
1766597700,6987,6987.75,6985,6985.25,5712
1766598000,6985.5,6986.5,6982.75,6983,11362
1766598300,6982.75,6985.5,6982.5,6982.75,10214
1766598600,6983,6985,6981.5,6982.75,13570
1766598900,6982.5,6986,6981,6982.5,37679
1766599200,6982.25,6983,6979.25,6980.5,15593
1766599500,6980.5,6982.75,6976.75,6981,8011
1766599800,6980.75,6981.5,6977,6980,6171
1766759400,6983.5,6988,6979.25,6986.25,22269
1766759700,6986.25,6990.75,6985,6990.25,12757
1766760000,6990.5,6993,6989.25,6992.75,11819
1766760300,6992.75,6994,6988.75,6989.5,11822
1766760600,6989.5,6989.75,6981.5,6985.25,14573
1766760900,6985.25,6987,6982.5,6984.75,10990
1766761200,6984.75,6985.25,6975.75,6979.25,17735
1766761500,6979.5,6982,6979,6980.5,7413
1766761800,6980.5,6980.75,6974.25,6975.75,10754
1766762100,6976,6980,6973,6979.75,10447
1766762400,6979.75,6984,6979.25,6983,9855
1766762700,6982.75,6984.25,6979.25,6984,8956
1766763000,6984,6986.75,6981.5,6985.75,8573
1766763300,6985.75,6986.5,6983,6983.75,6285
1766763600,6983.75,6984.25,6981.5,6981.5,5643
1766763900,6981.75,6984.5,6980.75,6983.75,5228
1766764200,6983.75,6984,6980.5,6983,4891
1766764500,6983,6985.25,6981.75,6984.75,5023
1766764800,6984.75,6986.25,6984,6985.5,5200
1766765100,6985.5,6986,6981.5,6982,5569
1766765400,6982,6982.75,6975.5,6975.75,8812
1766765700,6975.75,6977.75,6974,6976.25,7898
1766766000,6976.5,6980.5,6976,6979.25,6227
1766766300,6979.5,6980,6977.5,6979.25,4826
1766766600,6979.5,6980,6977.75,6978,3408
1766766900,6977.75,6980,6977.75,6978.75,2812
1766767200,6978.75,6980,6978,6978.75,2912
1766767500,6979,6979.5,6975.25,6975.5,4446
1766767800,6975.25,6977.5,6974.25,6977.5,4439
1766768100,6977.25,6978,6976.25,6976.75,3156
1766768400,6976.5,6976.75,6973.25,6974.5,5625
1766768700,6974.5,6974.75,6972.5,6973,4027
1766769000,6973,6973,6970.75,6971.25,5336
1766769300,6971.5,6972.75,6970.75,6972,5553
1766769600,6972,6972.75,6970.75,6972.5,4127
1766769900,6972.5,6978.25,6972.5,6978,5473
1766770200,6978.25,6978.75,6974.25,6974.25,5129
1766770500,6974.5,6974.75,6971.5,6973,6216
1766770800,6973,6974.25,6972,6972.75,3725
1766771100,6973,6975.75,6972.75,6975,3877
1766771400,6975,6975.25,6972,6974.25,4694
1766771700,6974.25,6975.5,6974.25,6974.75,2764
1766772000,6974.75,6976.75,6974.5,6976.25,3060
1766772300,6976.5,6977.25,6975,6975,4916
1766772600,6975,6976.25,6974.5,6975.5,3569
1766772900,6975.5,6975.5,6973,6973.5,3851
1766773200,6973.5,6974.25,6969,6971.75,8741
1766773500,6971.5,6973.75,6970.5,6973.5,4169
1766773800,6973.5,6976,6973,6975,4934
1766774100,6975.25,6977.25,6975,6976.25,3683
1766774400,6976.5,6977.75,6975.5,6975.75,4174
1766774700,6976,6978.75,6974.75,6978.75,6627
1766775000,6978.5,6979.75,6978,6979.25,3224
1766775300,6979.5,6979.75,6978.75,6978.75,2485
1766775600,6979,6980.75,6977.5,6980.75,5323
1766775900,6980.75,6981.25,6979.25,6980.75,4704
1766776200,6980.75,6981.25,6978.75,6979,3194
1766776500,6979.25,6979.75,6977.75,6977.75,2680
1766776800,6978,6978.75,6977,6977.25,3526
1766777100,6977.25,6978,6976.25,6977.25,4589
1766777400,6977,6979.25,6977,6978.75,3888
1766777700,6978.75,6979.75,6978.25,6978.75,3058
1766778000,6978.75,6979.25,6977.75,6978.25,2627
1766778300,6978.25,6978.75,6977.25,6977.75,4160
1766778600,6978,6978.5,6977.5,6977.5,3491
1766778900,6977.75,6978.5,6977.5,6978,4097
1766779200,6978,6980,6977.25,6978,8219
1766779500,6978,6978.75,6977,6978,3960
1766779800,6977.75,6978.75,6977.5,6978.25,4066
1766780100,6978.25,6978.75,6977.25,6978,3191
1766780400,6978,6978.5,6977,6978.5,3448
1766780700,6978.5,6979,6978,6978.5,2863
1766781000,6978.5,6979,6978,6978.75,4140
1766781300,6978.75,6980.75,6978.5,6980.25,5327
1766781600,6980,6981.5,6979.5,6981.25,5656
1766781900,6981.25,6981.25,6979.5,6979.75,5505
1766782200,6980,6980,6977,6977.75,14680
1766782500,6977.75,6981.5,6977,6980,43271
1766782800,6980,6981,6978.25,6978.5,12758
1766783100,6978.75,6979,6976.75,6977.25,3587
1766783400,6977.25,6978.5,6977,6977.75,2957
1767018600,6951.25,6956.75,6947.5,6956,28905
1767018900,6956.25,6967.75,6954.75,6963.5,27400
1767019200,6963.75,6963.75,6958,6960.25,17120
1767019500,6960.25,6960.25,6951.25,6954.25,23136
1767019800,6954.25,6958.25,6950.25,6953.5,18038
1767020100,6953.75,6955.25,6949,6951.25,10377
1767020400,6951.25,6954.25,6948.5,6949.25,11692
1767020700,6949.25,6951.5,6946,6946.25,12902
1767021000,6946.5,6947.5,6943.5,6946.25,15126
1767021300,6946.25,6953.25,6946.25,6950.5,14616
1767021600,6950.5,6954.25,6949.25,6953.75,8631
1767021900,6953.75,6956,6953,6955,9488
1767022200,6955,6957,6952.25,6956.75,10621
1767022500,6956.75,6959.75,6953.25,6955.5,14110
1767022800,6955.25,6958.5,6954.25,6957.75,8141
1767023100,6957.75,6958,6950.25,6950.5,11318
1767023400,6950.5,6950.75,6944.25,6948.5,19572
1767023700,6948.25,6952.75,6947.25,6949.25,9226
1767024000,6949,6951,6947,6947,8236
1767024300,6947.25,6950.25,6945.75,6946.75,7652
1767024600,6947,6952,6946.5,6950.25,8563
1767024900,6950.5,6950.5,6945.25,6947.25,7159
1767025200,6947.25,6948.5,6945.25,6947.5,6391
1767025500,6947.75,6948.25,6944.75,6947.25,5419
1767025800,6947,6950.5,6945,6945.25,7280
1767026100,6945,6947.75,6943.75,6944.25,8480
1767026400,6944.25,6944.5,6942.25,6944,6521
1767026700,6944,6946.75,6943.75,6946.25,5491
1767027000,6946,6948.5,6944.75,6947.75,5414
1767027300,6947.75,6949.5,6946.25,6946.5,4896
1767027600,6946.5,6948,6944.5,6945.75,4531
1767027900,6946,6946.25,6943.25,6943.75,4259
1767028200,6943.75,6944.5,6941.5,6944,6121
1767028500,6943.75,6945,6941.75,6943,3900
1767028800,6943,6943.5,6940,6941,5137
1767029100,6940.75,6940.75,6936,6938.25,10550
1767029400,6938,6940.5,6937.25,6939.25,7367
1767029700,6939.5,6940.5,6938,6938.5,3834
1767030000,6938.5,6941.25,6938,6940.5,4561
1767030300,6940.75,6942.5,6940.25,6942,4276
1767030600,6942,6945.5,6941.5,6945,7369
1767030900,6945.25,6946.75,6944.75,6945.5,5034
1767031200,6945.75,6945.75,6943.5,6945,6018
1767031500,6945,6947,6944.5,6945.75,4153
1767031800,6945.75,6946,6943.75,6944.75,4001
1767032100,6944.75,6948,6944.75,6947.75,4731
1767032400,6948,6951.25,6947.25,6950.5,6269
1767032700,6950.75,6950.75,6947.5,6949,5537
1767033000,6949.25,6951.75,6948.75,6951.75,4532
1767033300,6951.75,6954.75,6951.5,6953,8566
1767033600,6952.75,6953,6950,6950.5,5332
1767033900,6950.5,6950.75,6948.5,6949,4358
1767034200,6949,6950,6948,6948.75,3868
1767034500,6948.75,6948.75,6947.25,6948,3546
1767034800,6947.75,6948.5,6944.75,6946.25,7516
1767035100,6946.25,6947,6944.25,6945.25,4780
1767035400,6945.5,6946.25,6944.5,6945.5,3836
1767035700,6945.75,6946.75,6945,6946.25,3432
1767036000,6946.25,6949.75,6946.25,6949.25,5202
1767036300,6949,6950.5,6948.25,6950.5,4018
1767036600,6950.5,6954.25,6950.25,6953.75,9042
1767036900,6953.75,6954.75,6953,6954,4910
1767037200,6954,6956.5,6953.75,6955.25,7043
1767037500,6955,6958.75,6954.5,6957,8110
1767037800,6957.25,6958.75,6956.75,6958.25,7081
1767038100,6958.25,6960.75,6958.25,6959,9253
1767038400,6959.25,6959.5,6957.25,6958.75,7158
1767038700,6959,6960,6958.25,6959.25,3573
1767039000,6959.5,6961.25,6959,6961,3945
1767039300,6961.25,6962.5,6960.25,6960.75,4722
1767039600,6961,6962,6959.5,6961,4269
1767039900,6961,6961.5,6958.25,6958.5,4679
1767040200,6958.25,6961,6958.25,6959,5322
1767040500,6958.75,6960.5,6958,6958.25,4923
1767040800,6958.25,6958.75,6955,6956.5,8340
1767041100,6956.25,6958,6955.75,6956.75,7805
1767041400,6956.75,6958.75,6953,6953.25,16379
1767041700,6953.25,6956.75,6950.75,6955,49130
1767042000,6955.25,6956,6952,6954.5,14552
1767042300,6954.75,6955.5,6954,6954.25,3894
1767042600,6954,6955.25,6953.75,6954.5,2189
1767105000,6949.75,6954,6947.75,6948.75,22142
1767105300,6948.75,6951,6947.25,6948.75,13853
1767105600,6949,6949.25,6946.25,6946.5,8409
1767105900,6946.75,6956.5,6944,6955.5,23516
1767106200,6955.75,6957.5,6953.5,6955.75,14369
1767106500,6956,6960.75,6955.75,6956,14954
1767106800,6956.25,6957,6952.75,6953.25,11758
1767107100,6953.5,6953.75,6949.75,6950.5,11524
1767107400,6950.5,6950.75,6943,6944.25,16866
1767107700,6944.25,6947.5,6942.25,6944.25,13197
1767108000,6944,6949.25,6943.25,6945.25,13877
1767108300,6945.5,6946,6943.25,6944.25,7364
1767108600,6944.25,6945,6942.5,6943,7623
1767108900,6942.75,6944.75,6941.5,6944,8028
1767109200,6944,6945,6940.75,6943,7869
1767109500,6942.75,6945.75,6941.75,6945.5,9028
1767109800,6945.75,6950.75,6945.25,6949.25,10361
1767110100,6949.25,6952.5,6949.25,6951.5,9164
1767110400,6951.5,6955.25,6950.25,6954.5,10970
1767110700,6954.75,6956,6952.5,6953.25,9289
1767111000,6953.25,6954.75,6952.5,6953.5,6674
1767111300,6953.75,6956,6953.5,6955.5,5709
1767111600,6955.5,6961.5,6955.25,6959,15349
1767111900,6959.25,6959.25,6957,6958.25,6189
1767112200,6958.5,6958.75,6955.5,6956,7126
1767112500,6956.25,6957,6951,6952,7769
1767112800,6952,6952.25,6949.5,6951.75,7725
1767113100,6951.75,6952.25,6950.5,6950.75,5919
1767113400,6951,6951,6948.25,6949.25,6165
1767113700,6949.5,6950,6947.25,6947.5,4364
1767114000,6947.5,6948.25,6945.5,6946.5,7921
1767114300,6946.5,6948.25,6946.25,6947.5,4873
1767114600,6947.5,6948.25,6945.25,6945.75,6776
1767114900,6945.5,6947.75,6943.5,6947.5,7284
1767115200,6947.5,6949,6946.75,6948.25,5649
1767115500,6948,6949,6947.25,6948.75,2597
1767115800,6948.5,6951.75,6948.5,6951,4746
1767116100,6951.25,6951.75,6950.5,6951,4170
1767116400,6950.75,6952,6948.25,6949,4901
1767116700,6948.75,6949.5,6946.75,6949.25,5258
1767117000,6949,6951.75,6948.75,6951,4240
1767117300,6950.75,6952,6950,6951.25,3362
1767117600,6951.25,6951.25,6947,6949.75,6086
1767117900,6950,6952.5,6950,6952.25,5474
1767118200,6952.5,6953,6951,6952,4648
1767118500,6951.75,6952.5,6951,6952,3130
1767118800,6952,6952,6950,6951.25,3038
1767119100,6951.25,6953,6950.75,6952.5,2982
1767119400,6952.5,6954.25,6952.25,6953.5,4999
1767119700,6953.5,6953.5,6950.5,6951,3834
1767120000,6951,6952,6949.5,6951.75,4286
1767120300,6951.5,6954,6951,6953.75,3979
1767120600,6953.75,6954,6952.25,6952.75,3401
1767120900,6952.75,6953.5,6952,6952.75,1801
1767121200,6953,6953.75,6950.5,6950.5,3825
1767121500,6950.5,6952.75,6949.25,6951.5,4157
1767121800,6951.25,6954,6950.25,6953.75,3628
1767122100,6953.75,6953.75,6951.5,6953.5,4256
1767122400,6953.5,6953.75,6952.25,6953,3227
1767122700,6953,6953.5,6952,6953.25,3221
1767123000,6953,6954.5,6952,6953,5260
1767123300,6953,6953,6951.25,6952.75,3402
1767123600,6952.75,6953.75,6952.25,6952.75,2709
1767123900,6952.75,6953.25,6950.75,6951.25,3579
1767124200,6951.25,6951.75,6948.5,6950,6398
1767124500,6950.25,6950.5,6948.25,6950,4610
1767124800,6950,6951,6949.75,6950.75,4125
1767125100,6950.75,6951,6947.5,6948.5,5160
1767125400,6948.5,6949,6944.75,6947.25,7601
1767125700,6947,6950,6946.75,6949.25,4934
1767126000,6949.25,6951.5,6949,6951.25,5546
1767126300,6951.5,6952,6949.5,6949.75,4004
1767126600,6950,6951.75,6949.5,6951.5,5164
1767126900,6951.5,6952.25,6951,6952.25,4410
1767127200,6952.25,6953.25,6951,6951.5,5999
1767127500,6951.75,6952,6949,6949.5,7645
1767127800,6949.75,6951,6947.5,6947.75,12889
1767128100,6947.75,6948.75,6942.25,6945.25,59784
1767128400,6945.25,6946.5,6943,6943,16734
1767128700,6943,6945.25,6942.75,6944.5,5125
1767129000,6944.75,6945.75,6943.75,6945.5,3968
1767191400,6945.25,6947.5,6939.25,6941.5,21178
1767191700,6941.25,6943.25,6931.75,6933.75,18955
1767192000,6934,6934.25,6929.75,6931.25,16769
1767192300,6931.25,6932.25,6925.25,6928.75,15221
1767192600,6929,6936.75,6928.25,6936.5,14999
1767192900,6936.5,6937.5,6930.75,6932,11901
1767193200,6932.25,6933.25,6928.75,6930,10864
1767193500,6930,6930.75,6928,6929.5,9763
1767193800,6929.5,6930.25,6925,6926.75,11016
1767194100,6927,6927.75,6921.5,6923.75,11387
1767194400,6924,6927.5,6923,6925,9767
1767194700,6925.25,6929,6925,6927.75,7976
1767195000,6927.75,6929,6924.5,6926.25,6639
1767195300,6926.25,6928,6923.5,6923.75,6059
1767195600,6923.5,6924.25,6921.75,6923.25,7242
1767195900,6923.25,6923.5,6920,6920.75,8847
1767196200,6920.75,6921,6917.25,6917.75,7885
1767196500,6918,6918.25,6913.75,6915.25,11541
1767196800,6915.25,6918.5,6915,6917.25,9414
1767197100,6917.25,6918,6915.75,6916.5,6255
1767197400,6916.5,6918.75,6915.25,6917.5,6513
1767197700,6917.25,6920.5,6917,6920.25,6302
1767198000,6920.5,6921.75,6918.75,6920.5,6313
1767198300,6920.5,6923.25,6920.5,6923.25,5678
1767198600,6923.25,6923.5,6919.5,6920.25,6581
1767198900,6920.25,6923.75,6919.5,6923,5467
1767199200,6923.25,6923.25,6920,6921.5,4741
1767199500,6921.5,6922.25,6920,6921.75,3784
1767199800,6921.5,6925,6921.5,6924,5409
1767200100,6924.25,6926.75,6924,6926,6152
1767200400,6926,6926.75,6925,6925.25,5140
1767200700,6925.25,6926,6918.75,6919,8501
1767201000,6919,6922.25,6918.5,6922,5173
1767201300,6921.75,6924.75,6921.5,6924,5898
1767201600,6924,6924.25,6921,6921.5,4297
1767201900,6921.75,6923.5,6921,6922.5,3479
1767202200,6922.5,6925.25,6921.5,6925,5466
1767202500,6925,6925.75,6922.75,6923,4136
1767202800,6923,6923.5,6921.5,6923.5,3871
1767203100,6923.5,6924,6921.25,6921.5,3966
1767203400,6921.25,6922.25,6920,6921.5,4680
1767203700,6921.5,6921.5,6919,6920.5,3396
1767204000,6920.5,6921.75,6920,6921.75,3764
1767204300,6921.5,6923.75,6919.5,6923.5,4858
1767204600,6923.25,6925.75,6922.5,6925.5,3462
1767204900,6925.75,6926,6922.25,6922.25,4185
1767205200,6922.5,6923.75,6922.25,6923.25,2694
1767205500,6923.25,6926.5,6923,6926.5,3947
1767205800,6926.25,6927.5,6925.25,6927.25,5245
1767206100,6927.25,6928,6926.25,6926.75,3707
1767206400,6926.75,6930.25,6926.75,6930.25,5508
1767206700,6930.25,6932.5,6929.25,6930.75,6426
1767207000,6930.75,6932.5,6930.25,6932.5,5099
1767207300,6932.25,6933.5,6930.5,6931.25,6026
1767207600,6931,6935.25,6931,6933.25,7633
1767207900,6933.5,6933.75,6932,6933,4676
1767208200,6932.75,6933,6931.25,6932,4190
1767208500,6932,6932,6926.75,6927.25,6986
1767208800,6927.5,6927.5,6924.25,6926.75,7330
1767209100,6926.5,6926.75,6922.5,6923,6471
1767209400,6922.75,6924,6913.25,6913.5,15288
1767209700,6913.75,6920.75,6913.75,6917.25,13761
1767210000,6917.25,6920.5,6917.25,6917.75,8562
1767210300,6917.75,6918.75,6915.25,6916,6393
1767210600,6915.75,6916.5,6912.25,6913.25,6868
1767210900,6913,6915,6912.75,6913.25,5864
1767211200,6913.5,6914.25,6906,6908.25,14471
1767211500,6908,6910.75,6903.75,6905.5,12401
1767211800,6905.25,6905.25,6901,6904.25,12255
1767212100,6904.25,6907.5,6903.75,6906.25,12076
1767212400,6906,6906,6900.25,6901.25,12700
1767212700,6901.5,6902.5,6897,6899.5,12477
1767213000,6899.25,6906.75,6897.25,6905,17277
1767213300,6905.25,6909.25,6904,6904,12215
1767213600,6904.25,6907,6902.5,6906.75,11733
1767213900,6906.5,6907.25,6900.5,6900.5,16045
1767214200,6900.75,6902.75,6897.75,6898.25,26902
1767214500,6898.25,6903.5,6890.25,6891.75,111308
1767214800,6891.75,6897.25,6891.5,6894.5,36439
1767215100,6894.5,6895.25,6891.75,6893.75,7941
1767215400,6893.5,6897.75,6893.5,6897.5,5000